Date,Account,daily_pnl,daily_volume,total_trades,winning_trades,losing_trades,long_trades,short_trades,avg_leverage,max_leverage,win_rate,long_short_ratio,Classification,Sentiment_Value
2023-05-01,0x3998f134d6aaa2b6a5f723806d00fd2bbbbce891,0.0,477.0,3,0,0,0,0,1.0,1.0,,0.0,Greed,63
2023-12-05,0xb1231a4a2dd02f2276fa3c5e2a2f3436e6bfed23,0.0,50005.83,9,0,0,0,0,6.176856491200485,26.75245530137402,,0.0,Extreme Greed,75
2023-12-14,0xb1231a4a2dd02f2276fa3c5e2a2f3436e6bfed23,-205.43473700000007,113203.35,11,4,2,0,0,11.32393308549561,27.720590721338464,66.66666666666666,0.0,Greed,72
2023-12-15,0xb1231a4a2dd02f2276fa3c5e2a2f3436e6bfed23,-24.632033999999997,10609.95,2,0,2,0,0,5.823450801104224,7.319415092260132,0.0,0.0,Greed,70
2023-12-16,0xb1231a4a2dd02f2276fa3c5e2a2f3436e6bfed23,0.0,15348.77,3,0,0,0,0,5.616288292433957,6.626130281691678,,0.0,Greed,67
2023-12-17,0xb1231a4a2dd02f2276fa3c5e2a2f3436e6bfed23,304.982785,116278.02,14,7,4,0,0,9.272895294441383,33.56094113555736,63.63636363636363,0.0,Greed,73
2023-12-18,0xb1231a4a2dd02f2276fa3c5e2a2f3436e6bfed23,0.0,31164.179999999997,2,0,0,0,0,17.595426884556574,34.19085376911315,,0.0,Greed,65
2023-12-19,0xb1231a4a2dd02f2276fa3c5e2a2f3436e6bfed23,1000.5386120000001,91602.41,15,10,0,0,0,6.804148526614257,30.019563813246446,100.0,0.0,Greed,73
2023-12-20,0xb1231a4a2dd02f2276fa3c5e2a2f3436e6bfed23,162.732282,141636.79,18,8,0,0,0,8.687824999362084,25.912644972225106,100.0,0.0,Greed,74
2023-12-21,0xb1231a4a2dd02f2276fa3c5e2a2f3436e6bfed23,537.211402,125233.97,49,26,1,0,0,2.9465840721537844,6.92506517246057,96.29629629629629,0.0,Greed,70
2023-12-22,0xb1231a4a2dd02f2276fa3c5e2a2f3436e6bfed23,141.832675,88874.28,10,2,0,0,0,9.939931475060131,29.92984602306379,100.0,0.0,Greed,74
2023-12-23,0xb1231a4a2dd02f2276fa3c5e2a2f3436e6bfed23,146.936704,78438.25,13,8,0,0,0,6.769574140389077,11.565866887033069,100.0,0.0,Greed,70
2023-12-24,0xb1231a4a2dd02f2276fa3c5e2a2f3436e6bfed23,1008.619956,402954.94,39,15,2,0,0,11.218827214671627,50.0,88.23529411764706,0.0,Greed,71
2023-12-25,0xb1231a4a2dd02f2276fa3c5e2a2f3436e6bfed23,-245.081348,59948.51,3,0,1,0,0,21.93583686913414,32.7691676410884,0.0,0.0,Greed,73
2023-12-27,0xb1231a4a2dd02f2276fa3c5e2a2f3436e6bfed23,-704.8892269999999,171411.06,28,4,9,0,0,6.856757427094936,16.08409563633216,30.76923076923077,0.0,Greed,73
2023-12-28,0xb1231a4a2dd02f2276fa3c5e2a2f3436e6bfed23,-970.730876,100117.25,23,0,13,0,0,4.806657028626812,9.784639980609615,0.0,0.0,Greed,73
2023-12-29,0xb1231a4a2dd02f2276fa3c5e2a2f3436e6bfed23,508.92214299999995,569559.72,50,15,5,0,0,12.59514488989508,34.65279116403257,75.0,0.0,Greed,65
2023-12-30,0xb1231a4a2dd02f2276fa3c5e2a2f3436e6bfed23,354.998648,702550.21,52,23,10,0,0,14.275964243531138,50.0,69.6969696969697,0.0,Greed,68
2024-01-01,0xb1231a4a2dd02f2276fa3c5e2a2f3436e6bfed23,-129.53146,264239.52999999997,18,1,5,0,0,15.669803721766701,50.0,16.666666666666664,0.0,Greed,65
2024-01-02,0xb1231a4a2dd02f2276fa3c5e2a2f3436e6bfed23,783.979116,121348.74,17,8,1,0,0,7.756471586785685,50.0,88.88888888888889,0.0,Greed,71
2024-01-03,0xb1231a4a2dd02f2276fa3c5e2a2f3436e6bfed23,866.015507,394499.36,67,28,7,0,0,6.515951341435058,50.0,80.0,0.0,Greed,70
2024-01-04,0xb1231a4a2dd02f2276fa3c5e2a2f3436e6bfed23,-67.60364,99792.54000000001,5,0,3,0,0,21.132405850658134,50.0,0.0,0.0,Greed,68
2024-01-05,0xb1231a4a2dd02f2276fa3c5e2a2f3436e6bfed23,164.141565,1703942.66,66,13,10,0,0,23.132702427749578,50.0,56.52173913043478,0.0,Greed,72
2024-01-06,0xb1231a4a2dd02f2276fa3c5e2a2f3436e6bfed23,135.58166400000002,298521.4,22,10,2,0,0,14.499545119038055,50.0,83.33333333333334,0.0,Greed,70
2024-01-07,0xb1231a4a2dd02f2276fa3c5e2a2f3436e6bfed23,-835.681235,1048850.06,97,9,28,0,0,11.69243478429775,50.0,24.324324324324326,0.0,Greed,71
2024-01-08,0xb1231a4a2dd02f2276fa3c5e2a2f3436e6bfed23,-269.874439,1522452.43,128,32,35,0,0,12.677665909852331,50.0,47.76119402985074,0.0,Greed,71
2024-01-09,0xb1231a4a2dd02f2276fa3c5e2a2f3436e6bfed23,-826.349863,870051.97,70,18,10,0,0,13.335331361636,50.0,64.28571428571429,0.0,Extreme Greed,76
2024-01-10,0xb1231a4a2dd02f2276fa3c5e2a2f3436e6bfed23,-1517.091342,2057479.48,193,41,42,0,0,11.620040245221954,50.0,49.39759036144578,0.0,Greed,73
2024-01-11,0x3998f134d6aaa2b6a5f723806d00fd2bbbbce891,0.0,46133.87,2,0,0,0,0,25.32135610531041,48.93366130694434,,0.0,Extreme Greed,76
2024-01-11,0xb1231a4a2dd02f2276fa3c5e2a2f3436e6bfed23,-164.08950099999998,259180.22999999998,19,5,4,0,0,15.163457890385175,42.65397583843811,55.55555555555556,0.0,Extreme Greed,76
2024-01-12,0xb1231a4a2dd02f2276fa3c5e2a2f3436e6bfed23,-1925.519024,200082.27,7,0,2,0,0,29.586012248326462,50.0,0.0,0.0,Greed,71
2024-01-15,0x3998f134d6aaa2b6a5f723806d00fd2bbbbce891,152.85358,629.86,9,9,0,0,0,1.0,1.0,100.0,0.0,Neutral,52
2024-01-15,0xb1231a4a2dd02f2276fa3c5e2a2f3436e6bfed23,0.0,50006.24,5,0,0,0,0,11.035828892267958,50.0,,0.0,Neutral,52
2024-01-16,0x3998f134d6aaa2b6a5f723806d00fd2bbbbce891,-3238.8,63482.08,6,0,2,0,0,11.614405020185847,33.43574458630577,0.0,0.0,Greed,64
2024-01-16,0xb1231a4a2dd02f2276fa3c5e2a2f3436e6bfed23,939.6285419999999,52945.25,3,3,0,0,0,17.779888695638935,50.0,100.0,0.0,Greed,64
2024-01-17,0xb1231a4a2dd02f2276fa3c5e2a2f3436e6bfed23,813.2741110000001,800831.03,53,11,8,0,0,15.392459224384973,50.0,57.89473684210527,0.0,Greed,60
2024-01-18,0xb1231a4a2dd02f2276fa3c5e2a2f3436e6bfed23,68.93319,424631.52999999997,46,3,6,0,0,8.26113894911205,50.0,33.33333333333333,0.0,Greed,63
2024-01-19,0x75f7eeb85dc639d5e99c78f95393aa9a5f1170d4,-0.20400000000000001,1526.81,9,1,3,0,0,1.0,1.0,25.0,0.0,Neutral,51
2024-01-19,0xb1231a4a2dd02f2276fa3c5e2a2f3436e6bfed23,-385.215235,426902.16,39,5,18,0,0,11.352029970589394,50.0,21.73913043478261,0.0,Neutral,51
2024-01-20,0xb1231a4a2dd02f2276fa3c5e2a2f3436e6bfed23,-146.57487000000003,1070090.51,106,15,17,0,0,9.96665258446695,50.0,46.875,0.0,Neutral,52
2024-01-21,0xb1231a4a2dd02f2276fa3c5e2a2f3436e6bfed23,266.58114600000005,103129.74,11,3,2,0,0,10.175388135748081,50.0,60.0,0.0,Greed,56
2024-01-22,0x75f7eeb85dc639d5e99c78f95393aa9a5f1170d4,1166.248788,54022.58,48,14,12,0,0,1.8274866288694922,7.964114201207585,53.84615384615385,0.0,Greed,55
2024-01-22,0xb1231a4a2dd02f2276fa3c5e2a2f3436e6bfed23,209.39217099999996,283856.41,37,9,6,0,0,7.371006484189431,50.0,60.0,0.0,Greed,55
2024-01-23,0xb1231a4a2dd02f2276fa3c5e2a2f3436e6bfed23,-369.2447299999998,414518.93000000005,45,11,9,0,0,9.040089270646575,50.0,55.00000000000001,0.0,Neutral,50
2024-01-24,0xb1231a4a2dd02f2276fa3c5e2a2f3436e6bfed23,-2808.353815,965084.59,68,10,30,0,0,15.266262527113046,50.0,25.0,0.0,Neutral,48
2024-01-25,0xb1231a4a2dd02f2276fa3c5e2a2f3436e6bfed23,-3093.6293849999997,66566.13,6,0,6,0,0,12.25359489550816,22.627347009926556,0.0,0.0,Neutral,52
2024-01-26,0x75f7eeb85dc639d5e99c78f95393aa9a5f1170d4,90.2,9255.8,2,1,0,0,0,5.080202632892755,5.129710430974706,100.0,0.0,Neutral,49
2024-01-26,0xb1231a4a2dd02f2276fa3c5e2a2f3436e6bfed23,0.0,2517.41,3,0,0,0,0,1.255436234321981,1.7663087029659428,,0.0,Neutral,49
2024-01-28,0x3998f134d6aaa2b6a5f723806d00fd2bbbbce891,-2478.06972,18109.03,11,0,11,0,0,2.2041022594596598,5.3066212234112315,0.0,0.0,Neutral,54
2024-01-29,0x75f7eeb85dc639d5e99c78f95393aa9a5f1170d4,1.71544,2068.8599999999997,2,1,0,0,0,1.1355288596433053,1.1364729107818967,100.0,0.0,Greed,55
2024-01-29,0xb1231a4a2dd02f2276fa3c5e2a2f3436e6bfed23,484.847102,412139.32,72,44,0,0,0,6.464413199522983,50.0,100.0,0.0,Greed,55
2024-01-30,0xb1231a4a2dd02f2276fa3c5e2a2f3436e6bfed23,-173.65419100000003,401011.38,49,5,14,0,0,9.218635953010564,50.0,26.31578947368421,0.0,Greed,61
2024-01-31,0xb1231a4a2dd02f2276fa3c5e2a2f3436e6bfed23,-799.840817,6305647.13,859,231,205,0,0,8.261640062234505,50.0,52.981651376146786,0.0,Greed,60
2024-02-01,0xb1231a4a2dd02f2276fa3c5e2a2f3436e6bfed23,0.0,2008.18,6,0,0,0,0,1.0,1.0,,0.0,Greed,63
2024-02-02,0xb1231a4a2dd02f2276fa3c5e2a2f3436e6bfed23,456.423473,474278.43,42,13,8,0,0,12.441435270114347,50.0,61.904761904761905,0.0,Greed,63
2024-02-03,0xb1231a4a2dd02f2276fa3c5e2a2f3436e6bfed23,223.30918699999998,603820.0,56,6,6,0,0,11.786145154103949,50.0,50.0,0.0,Greed,60
2024-02-04,0xb1231a4a2dd02f2276fa3c5e2a2f3436e6bfed23,47.62389499999999,203187.53,35,9,19,0,0,6.734560796360132,45.36854000076396,32.142857142857146,0.0,Greed,60
2024-02-05,0xb1231a4a2dd02f2276fa3c5e2a2f3436e6bfed23,-33.45419400000003,770198.26,72,14,18,0,0,11.713423391177068,50.0,43.75,0.0,Greed,60
2024-02-06,0xb1231a4a2dd02f2276fa3c5e2a2f3436e6bfed23,-215.615907,8047153.41,1088,179,344,0,0,8.217966849608745,50.0,34.22562141491396,0.0,Greed,64
2024-02-07,0xb1231a4a2dd02f2276fa3c5e2a2f3436e6bfed23,241.24212,6758.73,15,2,0,0,0,1.080921633949074,1.7537286726772696,100.0,0.0,Greed,62
2024-02-08,0xb1231a4a2dd02f2276fa3c5e2a2f3436e6bfed23,770.756024,26051.12,10,4,0,0,0,3.047196497438544,7.0458598088450035,100.0,0.0,Greed,66
2024-02-11,0xb1231a4a2dd02f2276fa3c5e2a2f3436e6bfed23,983.443176,212311.82,34,7,0,0,0,7.148936348817771,50.0,100.0,0.0,Greed,71
2024-02-12,0xb1231a4a2dd02f2276fa3c5e2a2f3436e6bfed23,913.8817869999998,227247.69999999998,16,6,9,0,0,15.100509968740917,50.0,40.0,0.0,Greed,70
2024-02-13,0xb1231a4a2dd02f2276fa3c5e2a2f3436e6bfed23,559.44389,1999.99,14,14,0,0,0,1.0,1.0,100.0,0.0,Extreme Greed,79
2024-02-14,0x75f7eeb85dc639d5e99c78f95393aa9a5f1170d4,3639.3031690000003,218138.7,88,79,1,0,0,2.9953853363270966,37.10247214061176,98.75,0.0,Greed,74
2024-02-14,0xb1231a4a2dd02f2276fa3c5e2a2f3436e6bfed23,191.29666400000002,102701.18,23,4,0,0,0,5.333729102988947,41.68322781183431,100.0,0.0,Greed,74
2024-02-15,0x75f7eeb85dc639d5e99c78f95393aa9a5f1170d4,1024.70728,76437.88,52,49,0,0,0,2.075770566120276,31.51853040656985,100.0,0.0,Greed,72
2024-02-15,0xb1231a4a2dd02f2276fa3c5e2a2f3436e6bfed23,816.0903969999999,108750.16,11,8,3,0,0,10.91207806253082,46.1051852996747,72.72727272727273,0.0,Greed,72
2024-02-16,0x75f7eeb85dc639d5e99c78f95393aa9a5f1170d4,5491.768834,464143.87,170,146,0,0,0,3.233765731139966,38.74216821761823,100.0,0.0,Greed,72
2024-02-16,0xb1231a4a2dd02f2276fa3c5e2a2f3436e6bfed23,0.0,100752.64,12,0,0,0,0,9.481080702906802,43.818880056765956,,0.0,Greed,72
2024-02-17,0x75f7eeb85dc639d5e99c78f95393aa9a5f1170d4,1670.012358,202359.19,64,54,0,0,0,3.6940345833924235,32.140330786737046,100.0,0.0,Extreme Greed,76
2024-02-17,0xb1231a4a2dd02f2276fa3c5e2a2f3436e6bfed23,259.62944200000004,203758.88,30,7,4,0,0,7.436741387216547,50.0,63.63636363636363,0.0,Extreme Greed,76
2024-02-18,0x75f7eeb85dc639d5e99c78f95393aa9a5f1170d4,477.6248299999999,157048.17,97,61,7,0,0,2.052316362667788,19.70862630021087,89.70588235294117,0.0,Greed,72
2024-02-19,0x75f7eeb85dc639d5e99c78f95393aa9a5f1170d4,4325.827543,236374.11,95,76,0,0,0,3.1093563556399832,42.728852266535,100.0,0.0,Extreme Greed,75
2024-02-19,0xb1231a4a2dd02f2276fa3c5e2a2f3436e6bfed23,-8.05898,50003.09,6,1,2,0,0,9.164783979876624,16.89937161321652,33.33333333333333,0.0,Extreme Greed,75
2024-02-20,0x75f7eeb85dc639d5e99c78f95393aa9a5f1170d4,3053.31353,117709.42,35,27,1,0,0,4.078578463477417,19.169068142489348,96.42857142857143,0.0,Greed,72
2024-02-20,0xb1231a4a2dd02f2276fa3c5e2a2f3436e6bfed23,210.315294,1710.3,4,4,0,0,0,1.0773332662983839,1.3093330651935353,100.0,0.0,Greed,72
2024-02-21,0x75f7eeb85dc639d5e99c78f95393aa9a5f1170d4,1858.7985700000002,98041.92,21,15,0,0,0,5.364584876041478,42.26099808599115,100.0,0.0,Extreme Greed,78
2024-02-21,0xb1231a4a2dd02f2276fa3c5e2a2f3436e6bfed23,0.0,10005.6,1,0,0,0,0,10.98348613057148,10.98348613057148,,0.0,Extreme Greed,78
2024-02-22,0x75f7eeb85dc639d5e99c78f95393aa9a5f1170d4,3894.1050699999996,368033.23,86,40,14,0,0,4.949148208033166,39.68508869031122,74.07407407407408,0.0,Greed,74
2024-02-22,0xb1231a4a2dd02f2276fa3c5e2a2f3436e6bfed23,0.0,5000.64,2,0,0,0,0,3.0548383938133443,5.109676787626689,,0.0,Greed,74
2024-02-23,0x75f7eeb85dc639d5e99c78f95393aa9a5f1170d4,1418.55293,111106.14,143,137,1,0,0,1.4520041161673634,44.742579209183674,99.27536231884058,0.0,Extreme Greed,76
2024-02-25,0x75f7eeb85dc639d5e99c78f95393aa9a5f1170d4,-30.7705,4480.13,5,0,2,0,0,1.2282572508616105,1.5814283625454937,0.0,0.0,Greed,74
2024-02-26,0x75f7eeb85dc639d5e99c78f95393aa9a5f1170d4,4416.8473,191687.17,37,34,0,0,0,5.693489404429283,50.0,100.0,0.0,Greed,72
2024-02-26,0xb1231a4a2dd02f2276fa3c5e2a2f3436e6bfed23,0.0,499.96999999999997,2,0,0,0,0,1.0,1.0,,0.0,Greed,72
2024-02-27,0x75f7eeb85dc639d5e99c78f95393aa9a5f1170d4,312.130593,206785.98,55,19,16,0,0,4.390154045594431,41.66113042878798,54.285714285714285,0.0,Extreme Greed,79
2024-02-27,0xb1231a4a2dd02f2276fa3c5e2a2f3436e6bfed23,576.38114,2576.32,8,7,0,0,0,1.0122126187583398,1.0977009500667188,100.0,0.0,Extreme Greed,79
2024-02-28,0x75f7eeb85dc639d5e99c78f95393aa9a5f1170d4,2503.747235,171107.13,45,39,0,0,0,4.460962948749336,40.51428393282038,100.0,0.0,Extreme Greed,82
2024-02-29,0x75f7eeb85dc639d5e99c78f95393aa9a5f1170d4,8493.192736,370839.64,109,97,0,0,0,3.941073270570317,50.0,100.0,0.0,Extreme Greed,80
2024-02-29,0xb1231a4a2dd02f2276fa3c5e2a2f3436e6bfed23,1320.804256,24827.09,7,3,0,0,0,4.293519549981795,16.541137138137493,100.0,0.0,Extreme Greed,80
2024-03-01,0x75f7eeb85dc639d5e99c78f95393aa9a5f1170d4,8244.241409,472974.7,137,128,0,0,0,4.013594182552717,50.0,100.0,0.0,Extreme Greed,80
2024-03-02,0x75f7eeb85dc639d5e99c78f95393aa9a5f1170d4,1674.715167,60253.79,24,21,0,0,0,3.3128752877709338,30.45552882451578,100.0,0.0,Extreme Greed,80
2024-03-02,0xb1231a4a2dd02f2276fa3c5e2a2f3436e6bfed23,-1443.814567,2943.77,7,0,7,0,0,1.0,1.0,0.0,0.0,Extreme Greed,80
2024-03-03,0x75f7eeb85dc639d5e99c78f95393aa9a5f1170d4,8361.086245,390745.68,79,54,0,0,0,5.643040658156543,50.0,100.0,0.0,Extreme Greed,83
2024-03-04,0x75f7eeb85dc639d5e99c78f95393aa9a5f1170d4,26773.771643,1574220.16,287,253,4,0,0,6.125806811262943,50.0,98.44357976653697,0.0,Extreme Greed,82
2024-03-04,0xb1231a4a2dd02f2276fa3c5e2a2f3436e6bfed23,1026.004099,3776.71,13,13,0,0,0,1.0,1.0,100.0,0.0,Extreme Greed,82
2024-03-05,0x75f7eeb85dc639d5e99c78f95393aa9a5f1170d4,19791.026041,841810.32,180,163,0,0,0,5.375215427834944,50.0,100.0,0.0,Extreme Greed,90
2024-03-06,0x75f7eeb85dc639d5e99c78f95393aa9a5f1170d4,6814.825139,327218.02,82,72,0,0,0,4.607959332097576,31.98884351100957,100.0,0.0,Extreme Greed,75
2024-03-08,0x75f7eeb85dc639d5e99c78f95393aa9a5f1170d4,4271.886236,183583.18,67,59,0,0,0,3.4048894626873114,50.0,100.0,0.0,Extreme Greed,81
2024-03-09,0x75f7eeb85dc639d5e99c78f95393aa9a5f1170d4,9949.501624,658178.75,117,97,10,0,0,6.294545437650411,50.0,90.65420560747664,0.0,Extreme Greed,84
2024-03-10,0x75f7eeb85dc639d5e99c78f95393aa9a5f1170d4,2482.9272,219973.85,42,29,9,0,0,6.033636312066626,50.0,76.31578947368422,0.0,Extreme Greed,79
2024-03-11,0x75f7eeb85dc639d5e99c78f95393aa9a5f1170d4,3588.179495,176519.44999999998,42,39,0,0,0,4.984383480974355,50.0,100.0,0.0,Extreme Greed,82
2024-03-12,0x75f7eeb85dc639d5e99c78f95393aa9a5f1170d4,3039.166,103040.85,8,7,0,0,0,13.91680263930352,50.0,100.0,0.0,Extreme Greed,81
2024-03-13,0x4f93fead39b70a1824f981a54d4e55b278e9f760,0.0,6000.799999999999,7,0,0,0,0,1.4984158445528521,3.2928723260849186,,0.0,Extreme Greed,81
2024-03-14,0x4f93fead39b70a1824f981a54d4e55b278e9f760,65.480454,6066.28,1,1,0,0,0,6.659161094203561,6.659161094203561,100.0,0.0,Extreme Greed,88
2024-03-14,0x75f7eeb85dc639d5e99c78f95393aa9a5f1170d4,3400.385378,199866.9,17,15,0,0,0,12.630709149260625,50.0,100.0,0.0,Extreme Greed,88
2024-03-15,0x4f93fead39b70a1824f981a54d4e55b278e9f760,338.42832,26339.81,8,1,0,0,0,3.684424067332357,11.352489375033741,100.0,0.0,Extreme Greed,83
2024-03-15,0x75f7eeb85dc639d5e99c78f95393aa9a5f1170d4,5509.2545,249644.77,35,32,0,0,0,7.683246241218044,50.0,100.0,0.0,Extreme Greed,83
2024-03-15,0xb1231a4a2dd02f2276fa3c5e2a2f3436e6bfed23,388.830831,75909.83,19,8,0,0,0,4.6332187306863775,21.819041643193426,100.0,0.0,Extreme Greed,83
2024-03-16,0x4f93fead39b70a1824f981a54d4e55b278e9f760,228.57984,27223.66,6,1,0,0,0,4.980722329385436,6.83150531369062,100.0,0.0,Extreme Greed,81
2024-03-16,0xb1231a4a2dd02f2276fa3c5e2a2f3436e6bfed23,0.0,10000.0,2,0,0,0,0,5.495238030419516,9.990476060839033,,0.0,Extreme Greed,81
2024-03-17,0x4f93fead39b70a1824f981a54d4e55b278e9f760,429.683075,87063.35,14,4,0,0,0,6.896631324444774,19.870080999587664,100.0,0.0,Extreme Greed,79
2024-03-17,0x75f7eeb85dc639d5e99c78f95393aa9a5f1170d4,73.61088,4940.99,7,6,0,0,0,1.2503354517924516,2.7523481625471606,100.0,0.0,Extreme Greed,79
2024-03-17,0xb1231a4a2dd02f2276fa3c5e2a2f3436e6bfed23,0.0,7502.61,2,0,0,0,0,4.117934600528049,5.491029538262385,,0.0,Extreme Greed,79
2024-03-18,0x4f93fead39b70a1824f981a54d4e55b278e9f760,0.0,34001.9,12,0,0,0,0,3.149296528219002,6.584899397080634,,0.0,Extreme Greed,77
2024-03-18,0x75f7eeb85dc639d5e99c78f95393aa9a5f1170d4,1244.6384,51241.71,6,5,0,0,0,9.85767960719275,27.70434425988363,100.0,0.0,Extreme Greed,77
2024-03-18,0xb1231a4a2dd02f2276fa3c5e2a2f3436e6bfed23,212.3193,5214.47,1,1,0,0,0,5.724100396106286,5.724100396106286,100.0,0.0,Extreme Greed,77
2024-03-19,0x4f93fead39b70a1824f981a54d4e55b278e9f760,0.0,9067.51,4,0,0,0,0,2.6456779582501038,6.586227655077955,,0.0,Extreme Greed,79
2024-03-19,0x75f7eeb85dc639d5e99c78f95393aa9a5f1170d4,842.799493,180988.91,10,5,0,0,0,18.15223259312404,50.0,100.0,0.0,Extreme Greed,79
2024-03-19,0xb1231a4a2dd02f2276fa3c5e2a2f3436e6bfed23,-174.00152,29828.420000000002,10,0,2,0,0,3.4503645135128798,10.938797384231872,0.0,0.0,Extreme Greed,79
2024-03-20,0x75f7eeb85dc639d5e99c78f95393aa9a5f1170d4,2593.147623,144362.44,59,56,0,0,0,3.0709666051417184,38.42195924421457,100.0,0.0,Greed,74
2024-03-20,0xb1231a4a2dd02f2276fa3c5e2a2f3436e6bfed23,3829.986976,71343.41,10,4,0,0,0,8.017635885184053,17.360858937244288,100.0,0.0,Greed,74
2024-03-21,0x4f93fead39b70a1824f981a54d4e55b278e9f760,0.0,9744.18,1,0,0,0,0,10.696516539117294,10.696516539117294,,0.0,Extreme Greed,78
2024-03-21,0x75f7eeb85dc639d5e99c78f95393aa9a5f1170d4,2097.182,97908.18,23,22,0,0,0,4.771597260262411,50.0,100.0,0.0,Extreme Greed,78
2024-03-21,0xb1231a4a2dd02f2276fa3c5e2a2f3436e6bfed23,238.326075,10243.210000000001,4,1,0,0,0,2.9298263736273356,5.752959819866254,100.0,0.0,Extreme Greed,78
2024-03-24,0x75f7eeb85dc639d5e99c78f95393aa9a5f1170d4,1297.018477,92592.20999999999,19,15,0,0,0,5.543726287937069,36.89082904814612,100.0,0.0,Greed,74
2024-03-25,0x4f93fead39b70a1824f981a54d4e55b278e9f760,1302.916428,57116.32,7,6,0,0,0,8.956931383415036,23.711304331789595,100.0,0.0,Extreme Greed,75
2024-03-26,0x4f93fead39b70a1824f981a54d4e55b278e9f760,20.599193,23986.34,7,1,0,0,0,3.761516875023871,6.586798476696638,100.0,0.0,Extreme Greed,81
2024-03-26,0x75f7eeb85dc639d5e99c78f95393aa9a5f1170d4,3195.3074,174578.85,111,109,0,0,0,2.1429807637980125,50.0,100.0,0.0,Extreme Greed,81
2024-03-27,0x4f93fead39b70a1824f981a54d4e55b278e9f760,189.192,87066.1,27,12,0,0,0,3.764327626694626,16.491563476022616,100.0,0.0,Extreme Greed,83
2024-03-27,0x75f7eeb85dc639d5e99c78f95393aa9a5f1170d4,-38.78086,12798.689999999999,11,0,7,0,0,1.8796151177355498,6.9665265811868515,0.0,0.0,Extreme Greed,83
2024-03-28,0x4f93fead39b70a1824f981a54d4e55b278e9f760,0.0,20013.89,3,0,0,0,0,7.63828761125349,16.47510844513019,,0.0,Extreme Greed,80
2024-03-28,0x75f7eeb85dc639d5e99c78f95393aa9a5f1170d4,227.85100799999998,15309.83,10,9,0,0,0,1.9940495798094227,8.528129869821923,100.0,0.0,Extreme Greed,80
2024-03-29,0x4f93fead39b70a1824f981a54d4e55b278e9f760,883.097404,86914.37,15,6,0,0,0,6.418800932107786,17.43003812649317,100.0,0.0,Extreme Greed,79
2024-03-30,0x75f7eeb85dc639d5e99c78f95393aa9a5f1170d4,1100.57514,101103.92,45,44,0,0,0,2.8247267240288716,50.0,100.0,0.0,Extreme Greed,75
2024-03-31,0x4f93fead39b70a1824f981a54d4e55b278e9f760,912.786145,39912.96,13,10,0,0,0,3.7063602397140016,11.09844082270323,100.0,0.0,Extreme Greed,75
2024-04-01,0x4f93fead39b70a1824f981a54d4e55b278e9f760,0.840939,134989.44,29,2,0,0,0,5.261550283986776,20.58226878760559,100.0,0.0,Extreme Greed,79
2024-04-01,0x75f7eeb85dc639d5e99c78f95393aa9a5f1170d4,2507.122467,204481.03,48,40,1,0,0,4.879402983157685,50.0,97.5609756097561,0.0,Extreme Greed,79
2024-04-02,0x4f93fead39b70a1824f981a54d4e55b278e9f760,883.760812,224664.62,37,12,0,0,0,5.9622008451174215,50.0,100.0,0.0,Extreme Greed,79
2024-04-02,0xb1231a4a2dd02f2276fa3c5e2a2f3436e6bfed23,0.0,14999.89,4,0,0,0,0,4.530346414076631,10.632705268551797,,0.0,Extreme Greed,79
2024-04-03,0x75f7eeb85dc639d5e99c78f95393aa9a5f1170d4,126.7884,6887.91,2,1,0,0,0,3.7805460918697826,3.850136931324446,100.0,0.0,Greed,71
2024-04-03,0xb1231a4a2dd02f2276fa3c5e2a2f3436e6bfed23,0.0,9999.66,2,0,0,0,0,5.979925960045114,10.959851920090228,,0.0,Greed,71
2024-04-04,0x4f93fead39b70a1824f981a54d4e55b278e9f760,0.0,95987.73,32,0,0,0,0,3.570834036797792,13.721519843296276,,0.0,Greed,70
2024-04-05,0x4f93fead39b70a1824f981a54d4e55b278e9f760,4444.4983010000005,172531.56999999998,10,7,0,0,0,14.734889890705219,50.0,100.0,0.0,Extreme Greed,79
2024-04-05,0x75f7eeb85dc639d5e99c78f95393aa9a5f1170d4,5296.433789,305295.15,82,75,0,0,0,4.338312008076662,50.0,100.0,0.0,Extreme Greed,79
2024-04-05,0xb1231a4a2dd02f2276fa3c5e2a2f3436e6bfed23,965.5522159999999,25965.08,8,8,0,0,0,3.7458948046011695,10.916820751912569,100.0,0.0,Extreme Greed,79
2024-04-06,0x4f93fead39b70a1824f981a54d4e55b278e9f760,236.33513399999998,68223.67,16,4,0,0,0,4.925560442544822,13.72144300192453,100.0,0.0,Extreme Greed,75
2024-04-07,0x4f93fead39b70a1824f981a54d4e55b278e9f760,0.0,49988.14,23,0,0,0,0,2.7500782970623256,11.132426663692526,,0.0,Extreme Greed,78
2024-04-08,0x4f93fead39b70a1824f981a54d4e55b278e9f760,0.0,163166.37,28,0,0,0,0,6.598000490279307,24.698836709450447,,0.0,Extreme Greed,76
2024-04-08,0x75f7eeb85dc639d5e99c78f95393aa9a5f1170d4,1218.4267,48774.27,2,1,0,0,0,26.770584376436624,27.439340323409926,100.0,0.0,Extreme Greed,76
2024-04-09,0x4f93fead39b70a1824f981a54d4e55b278e9f760,0.0,57063.840000000004,3,0,0,0,0,20.880303536591175,40.372467692594064,,0.0,Extreme Greed,80
2024-04-10,0x4f93fead39b70a1824f981a54d4e55b278e9f760,5207.443414,351735.97,41,36,0,0,0,8.976170724885293,50.0,100.0,0.0,Extreme Greed,78
2024-04-11,0x4f93fead39b70a1824f981a54d4e55b278e9f760,389.743164,76400.96,16,2,0,0,0,5.3605722914843446,17.29678421054709,100.0,0.0,Extreme Greed,76
2024-04-12,0x4f93fead39b70a1824f981a54d4e55b278e9f760,0.0,149909.08000000002,21,0,0,0,0,7.86549040194811,38.38802828991937,,0.0,Extreme Greed,79
2024-04-12,0x75f7eeb85dc639d5e99c78f95393aa9a5f1170d4,2237.798674,261851.91,93,71,15,0,0,3.3616268221609276,50.0,82.55813953488372,0.0,Extreme Greed,79
2024-04-12,0xb1231a4a2dd02f2276fa3c5e2a2f3436e6bfed23,-2830.444513,30327.6,15,0,15,0,0,2.4964953455351546,10.385649281050158,0.0,0.0,Extreme Greed,79
2024-04-13,0x4f93fead39b70a1824f981a54d4e55b278e9f760,0.0,156188.7,18,0,0,0,0,9.75531450783149,43.86591795361322,,0.0,Greed,72
2024-04-13,0x75f7eeb85dc639d5e99c78f95393aa9a5f1170d4,6621.451755,330222.55,71,61,0,0,0,5.271629926214528,50.0,100.0,0.0,Greed,72
2024-04-14,0x4f93fead39b70a1824f981a54d4e55b278e9f760,-36565.98544,588765.94,64,3,38,0,0,7.7370291970318075,50.0,7.317073170731707,0.0,Greed,72
2024-04-14,0x75f7eeb85dc639d5e99c78f95393aa9a5f1170d4,461.97292000000004,70396.23,43,30,3,0,0,2.3203005397266447,13.979026257355349,90.9090909090909,0.0,Greed,72
2024-04-15,0x4f93fead39b70a1824f981a54d4e55b278e9f760,0.0,50013.950000000004,3,0,0,0,0,17.548533961764026,50.0,,0.0,Greed,74
2024-04-15,0x75f7eeb85dc639d5e99c78f95393aa9a5f1170d4,3774.08872,241097.24,38,35,0,0,0,7.303134161961404,43.90972851284716,100.0,0.0,Greed,74
2024-04-16,0x3998f134d6aaa2b6a5f723806d00fd2bbbbce891,0.0,91.08,1,0,0,0,1,1.0,1.0,,0.0,Greed,65
2024-04-16,0x75f7eeb85dc639d5e99c78f95393aa9a5f1170d4,2467.702221,181816.09,46,43,0,0,1,4.569038039762667,50.0,100.0,0.0,Greed,65
2024-04-17,0x75f7eeb85dc639d5e99c78f95393aa9a5f1170d4,2441.4683999999997,97562.99,14,13,0,0,0,7.472045234414166,50.0,100.0,0.0,Greed,67
2024-04-19,0x4f93fead39b70a1824f981a54d4e55b278e9f760,1946.4454620000001,337257.92000000004,35,27,0,0,0,9.006340724176914,50.0,100.0,0.0,Greed,66
2024-04-20,0x430f09841d65beb3f27765503d0f850b8bce7713,0.0,48733.65,20,0,0,20,0,3.1278984894742656,8.890985804544519,,1999999.9999999998,Greed,66
2024-04-20,0x4f93fead39b70a1824f981a54d4e55b278e9f760,0.0,11999.59,2,0,0,0,0,6.586178257053261,9.428820520071174,,0.0,Greed,66
2024-04-22,0x4f93fead39b70a1824f981a54d4e55b278e9f760,0.0,47993.61,9,0,0,0,0,6.107708721534716,15.746542467591581,,0.0,Greed,73
2024-04-23,0x4f93fead39b70a1824f981a54d4e55b278e9f760,759.2148159999999,192658.47,54,31,0,0,0,4.142180996866933,24.698946482838654,100.0,0.0,Greed,71
2024-04-23,0x75f7eeb85dc639d5e99c78f95393aa9a5f1170d4,360.32138,40396.43,12,4,0,0,0,3.941336698839047,13.110093048314765,100.0,0.0,Greed,71
2024-04-24,0x4f93fead39b70a1824f981a54d4e55b278e9f760,279.185907,141275.24,20,6,1,0,0,7.99232626934261,21.772618477320133,85.71428571428571,0.0,Greed,72
2024-04-25,0x430f09841d65beb3f27765503d0f850b8bce7713,0.0,51261.869999999995,68,0,0,68,0,1.5328944933355018,8.749378133755789,,6799999.999999999,Greed,72
2024-04-25,0x4f93fead39b70a1824f981a54d4e55b278e9f760,0.0,68979.14,6,0,0,0,0,12.899804779006393,27.125157909018903,,0.0,Greed,72
2024-04-26,0xb1231a4a2dd02f2276fa3c5e2a2f3436e6bfed23,0.0,4988.290000000001,3,0,0,0,3,2.2451531024081777,4.735459307224533,,0.0,Greed,70
2024-04-27,0x4f93fead39b70a1824f981a54d4e55b278e9f760,4281.488139,154264.47,27,19,0,0,0,6.356182493330283,24.698957460177475,100.0,0.0,Greed,67
2024-04-28,0x4f93fead39b70a1824f981a54d4e55b278e9f760,0.0,26999.41,8,0,0,0,0,3.8282944420855314,10.47437911073894,,0.0,Greed,65
2024-04-28,0xb1231a4a2dd02f2276fa3c5e2a2f3436e6bfed23,0.0,16986.19,50,0,0,0,50,1.0332597822359433,1.4501503675871659,,0.0,Greed,65
2024-04-29,0x4f93fead39b70a1824f981a54d4e55b278e9f760,526.9338359999999,104475.19,31,17,0,0,0,4.08426167035238,21.19088538384897,100.0,0.0,Greed,67
2024-04-29,0xb1231a4a2dd02f2276fa3c5e2a2f3436e6bfed23,0.0,4223.82,14,0,0,0,14,1.0052991064508927,1.074187490312497,,0.0,Greed,67
2024-04-30,0x4f93fead39b70a1824f981a54d4e55b278e9f760,0.0,125018.75,24,0,0,0,0,5.950129327687754,19.507148223493324,,0.0,Greed,67
2024-05-01,0x4f93fead39b70a1824f981a54d4e55b278e9f760,0.0,87025.45,14,0,0,0,0,6.974264664140783,24.698825732111626,,0.0,Neutral,54
2024-05-03,0x4f93fead39b70a1824f981a54d4e55b278e9f760,5319.861625,277373.29,23,16,0,0,0,12.99064864369632,50.0,100.0,0.0,Neutral,48
2024-05-03,0x75f7eeb85dc639d5e99c78f95393aa9a5f1170d4,-13.844579999999999,330.51,7,1,2,0,0,1.0,1.0,33.33333333333333,0.0,Neutral,48
2024-05-03,0xb1231a4a2dd02f2276fa3c5e2a2f3436e6bfed23,0.0,4978.85,6,0,0,0,6,1.3952674057782068,2.2358204616717403,,0.0,Neutral,48
2024-05-04,0x4f93fead39b70a1824f981a54d4e55b278e9f760,0.0,53999.340000000004,6,0,0,0,0,10.040396899589682,19.749637638045495,,0.0,Greed,67
2024-05-04,0xb1231a4a2dd02f2276fa3c5e2a2f3436e6bfed23,0.0,4999.41,3,0,0,0,0,1.8293405824751592,2.425926015370906,,0.0,Greed,67
2024-05-05,0x4f93fead39b70a1824f981a54d4e55b278e9f760,0.0,23986.050000000003,4,0,0,0,0,6.944512955235721,14.78642050496635,,0.0,Greed,69
2024-05-05,0x75f7eeb85dc639d5e99c78f95393aa9a5f1170d4,0.916,82.3,2,1,0,0,0,1.0,1.0,100.0,0.0,Greed,69
2024-05-06,0x4f93fead39b70a1824f981a54d4e55b278e9f760,968.59038,206016.43,9,4,0,0,0,18.50581703820566,50.0,100.0,0.0,Greed,71
2024-05-07,0x4f93fead39b70a1824f981a54d4e55b278e9f760,656.21704,98901.26000000001,10,7,0,0,0,10.856726408271806,22.382058373975074,100.0,0.0,Greed,68
2024-05-07,0x75f7eeb85dc639d5e99c78f95393aa9a5f1170d4,0.0,47.59,1,0,0,0,0,1.0,1.0,,0.0,Greed,68
2024-05-07,0xb1231a4a2dd02f2276fa3c5e2a2f3436e6bfed23,227.320653,9768.73,7,2,0,0,5,1.9053963531273135,4.099289590540866,100.0,0.0,Greed,68
2024-05-08,0x4f93fead39b70a1824f981a54d4e55b278e9f760,0.0,65834.19,10,0,0,0,0,7.3158603664938155,18.114497156649676,,0.0,Greed,64
2024-05-08,0x75f7eeb85dc639d5e99c78f95393aa9a5f1170d4,1.56576,139.38,3,1,1,0,0,1.0,1.0,50.0,0.0,Greed,64
2024-05-09,0x4f93fead39b70a1824f981a54d4e55b278e9f760,1147.595856,216990.58,25,11,0,0,0,9.623291998529902,39.85337129443457,100.0,0.0,Greed,55
2024-05-09,0xb1231a4a2dd02f2276fa3c5e2a2f3436e6bfed23,0.0,4975.54,3,0,0,0,3,2.4649084482624093,5.394725344787228,,0.0,Greed,55
2024-05-10,0x4f93fead39b70a1824f981a54d4e55b278e9f760,2101.741695,156882.0,22,6,0,0,0,7.885977263975329,26.91911325935189,100.0,0.0,Greed,66
2024-05-11,0x4f93fead39b70a1824f981a54d4e55b278e9f760,251.604742,63248.95,9,9,0,0,0,7.909524529497832,31.084826727097607,100.0,0.0,Neutral,53
2024-05-12,0x4f93fead39b70a1824f981a54d4e55b278e9f760,0.0,45004.64,10,0,0,0,0,5.180453487039489,15.996178129716117,,0.0,Greed,56
2024-05-12,0xb1231a4a2dd02f2276fa3c5e2a2f3436e6bfed23,0.0,10174.92,13,0,0,0,6,1.2397283605155314,2.38256552702862,,0.0,Greed,56
2024-05-13,0x4f93fead39b70a1824f981a54d4e55b278e9f760,2136.853859,188144.09,25,10,0,0,0,8.195112449663405,50.0,100.0,0.0,Greed,57
2024-05-13,0xb1231a4a2dd02f2276fa3c5e2a2f3436e6bfed23,0.0,4974.81,3,0,0,0,3,2.33136546239405,4.99409638718215,,0.0,Greed,57
2024-05-14,0x4f93fead39b70a1824f981a54d4e55b278e9f760,1150.5233050000002,145853.4,23,4,0,0,0,7.147059093611243,46.72168362519144,100.0,0.0,Greed,66
2024-05-15,0x4f93fead39b70a1824f981a54d4e55b278e9f760,948.970582,234922.57,36,17,0,0,0,7.264792098228536,24.489894042334733,100.0,0.0,Greed,64
2024-05-16,0x4f93fead39b70a1824f981a54d4e55b278e9f760,214.5898,158780.89,24,5,0,0,0,7.441418406830998,24.567284281021596,100.0,0.0,Greed,70
2024-05-16,0xb1231a4a2dd02f2276fa3c5e2a2f3436e6bfed23,0.0,3840.0699999999997,3,0,0,0,3,1.8250393683961228,3.4751181051883684,,0.0,Greed,70
2024-05-18,0x4f93fead39b70a1824f981a54d4e55b278e9f760,3522.3946610000003,126303.14,25,16,0,0,0,5.707078302235988,17.164715847193666,100.0,0.0,Greed,73
2024-05-19,0x4f93fead39b70a1824f981a54d4e55b278e9f760,0.0,29998.09,8,0,0,0,0,4.209129556309132,9.12697663451476,,0.0,Greed,72
2024-05-20,0x4f93fead39b70a1824f981a54d4e55b278e9f760,0.0,33003.4,7,0,0,0,0,5.326652545836185,15.863549922082829,,0.0,Greed,70
2024-05-20,0xb1231a4a2dd02f2276fa3c5e2a2f3436e6bfed23,-74.818442,5121.35,3,0,3,0,0,1.9153800859657337,3.277339391653442,0.0,0.0,Greed,70
2024-05-21,0x4f93fead39b70a1824f981a54d4e55b278e9f760,6017.309216,482127.94,53,7,0,0,0,9.874392699441685,50.0,100.0,0.0,Extreme Greed,76
2024-05-21,0xb1231a4a2dd02f2276fa3c5e2a2f3436e6bfed23,1272.088356,618820.65,72,7,11,0,0,9.130728969455715,50.0,38.88888888888889,0.0,Extreme Greed,76
2024-05-22,0x4f93fead39b70a1824f981a54d4e55b278e9f760,0.0,44995.29,6,0,0,0,0,8.232142394526425,20.491398376846746,,0.0,Extreme Greed,76
2024-05-23,0x75f7eeb85dc639d5e99c78f95393aa9a5f1170d4,0.0,10.56,1,0,0,0,0,1.0,1.0,,0.0,Extreme Greed,76
2024-05-23,0x8477e447846c758f5a675856001ea72298fd9cb5,413.347329,327801.58,305,145,11,0,0,1.4511441557882607,16.50151992233311,92.94871794871796,0.0,Extreme Greed,76
2024-05-23,0xb1231a4a2dd02f2276fa3c5e2a2f3436e6bfed23,0.0,74038.45999999999,19,0,0,0,0,4.316540392990111,27.441436995124707,,0.0,Extreme Greed,76
2024-05-24,0xb1231a4a2dd02f2276fa3c5e2a2f3436e6bfed23,821.949278,50811.899999999994,2,2,0,0,0,27.888972121511202,39.807233539370614,100.0,0.0,Greed,74
2024-05-25,0x8477e447846c758f5a675856001ea72298fd9cb5,14.126038999999999,4983.98,14,5,0,0,0,1.0,1.0,100.0,0.0,Extreme Greed,76
2024-05-25,0xb1231a4a2dd02f2276fa3c5e2a2f3436e6bfed23,0.0,25007.149999999998,2,0,0,0,0,14.08776645843385,27.1755329168677,,0.0,Extreme Greed,76
2024-05-26,0x8477e447846c758f5a675856001ea72298fd9cb5,5.2257,3213.22,7,2,0,0,0,1.0,1.0,100.0,0.0,Extreme Greed,75
2024-05-26,0xb1231a4a2dd02f2276fa3c5e2a2f3436e6bfed23,773.4582,50763.450000000004,9,2,0,0,0,6.256359550487237,27.01862283576273,100.0,0.0,Extreme Greed,75
2024-05-27,0x8477e447846c758f5a675856001ea72298fd9cb5,1129.35587,151115.72,251,90,3,0,0,1.105612738879991,3.0191084732321944,96.7741935483871,0.0,Greed,74
2024-05-29,0x3998f134d6aaa2b6a5f723806d00fd2bbbbce891,0.0,30567.34,5,0,0,5,0,6.961827226347009,14.55232875461211,,499999.99999999994,Greed,72
2024-05-29,0x8477e447846c758f5a675856001ea72298fd9cb5,277.791953,53701.42,159,68,3,0,0,1.030463733522286,2.338579330373547,95.77464788732394,0.0,Greed,72
2024-05-30,0x8477e447846c758f5a675856001ea72298fd9cb5,20.951433,2838.09,7,5,0,0,0,1.0,1.0,100.0,0.0,Greed,73
2024-05-31,0x8477e447846c758f5a675856001ea72298fd9cb5,25.35812,3636.14,13,4,0,0,0,1.0,1.0,100.0,0.0,Greed,73
2024-06-01,0x8477e447846c758f5a675856001ea72298fd9cb5,91.510419,12834.62,25,9,0,0,0,1.067451672265841,1.9115718275820104,100.0,0.0,Greed,72
2024-06-02,0x8477e447846c758f5a675856001ea72298fd9cb5,192.906947,29464.51,93,34,0,0,0,1.0176721840565726,2.213591350559556,100.0,0.0,Greed,73
2024-06-03,0x8477e447846c758f5a675856001ea72298fd9cb5,562.808208,21466.86,70,44,0,0,0,1.0176299950576884,2.132710318127667,100.0,0.0,Greed,73
2024-06-04,0x8477e447846c758f5a675856001ea72298fd9cb5,52.211438,24243.41,53,25,0,0,0,1.0685192979172458,3.375861007570408,100.0,0.0,Greed,73
2024-06-05,0x8477e447846c758f5a675856001ea72298fd9cb5,56.055506,25350.77,54,16,1,0,0,1.077160113008369,2.7710096385425746,94.11764705882352,0.0,Extreme Greed,75
2024-06-06,0x8477e447846c758f5a675856001ea72298fd9cb5,274.173187,137557.76,234,100,2,0,0,1.0945863863142147,4.205890527829963,98.0392156862745,0.0,Extreme Greed,78
2024-06-07,0x4f93fead39b70a1824f981a54d4e55b278e9f760,7329.223137999999,785972.7,52,30,0,0,0,14.483267022888613,50.0,100.0,0.0,Extreme Greed,77
2024-06-07,0x8477e447846c758f5a675856001ea72298fd9cb5,1573.244278,311529.93,374,146,2,0,0,1.3864257405112583,18.34022417482244,98.64864864864865,0.0,Extreme Greed,77
2024-06-07,0xb1231a4a2dd02f2276fa3c5e2a2f3436e6bfed23,0.0,1086.13,14,0,0,14,0,1.0,1.0,,1400000.0,Extreme Greed,77
2024-06-08,0x4f93fead39b70a1824f981a54d4e55b278e9f760,0.0,45002.65,7,0,0,0,0,7.198402100924641,19.757859664822302,,0.0,Greed,72
2024-06-08,0x8477e447846c758f5a675856001ea72298fd9cb5,129.13883900000002,52349.229999999996,22,8,0,0,0,2.755337770919222,7.393084013086734,100.0,0.0,Greed,72
2024-06-09,0x4f93fead39b70a1824f981a54d4e55b278e9f760,0.0,20999.96,5,0,0,0,0,4.610473522878305,7.471264620168698,,0.0,Extreme Greed,75
2024-06-09,0xb1231a4a2dd02f2276fa3c5e2a2f3436e6bfed23,0.0,1410.26,12,0,0,12,0,1.0,1.0,,1200000.0,Extreme Greed,75
2024-06-10,0x4f93fead39b70a1824f981a54d4e55b278e9f760,0.0,24000.3,4,0,0,0,0,6.671872193917755,9.491292555300527,,0.0,Greed,72
2024-06-10,0x8477e447846c758f5a675856001ea72298fd9cb5,31.266804999999998,22587.63,49,18,0,0,0,1.0582638970353935,2.19503964795235,100.0,0.0,Greed,72
2024-06-11,0x4f93fead39b70a1824f981a54d4e55b278e9f760,0.0,276003.46,21,0,0,0,0,14.469933643973185,34.30407404171121,,0.0,Greed,74
2024-06-11,0x8477e447846c758f5a675856001ea72298fd9cb5,51.081143,18808.46,27,9,0,0,0,1.1649321414252674,3.669867073208746,100.0,0.0,Greed,74
2024-06-11,0xb1231a4a2dd02f2276fa3c5e2a2f3436e6bfed23,4269.550668,78468.0,75,8,0,61,0,1.9351793470298306,24.698847686789264,100.0,6099999.999999999,Greed,74
2024-06-12,0x8477e447846c758f5a675856001ea72298fd9cb5,-21886.531493,191886.99,217,21,57,0,0,1.3569979026483976,12.946234311736207,26.923076923076923,0.0,Greed,72
2024-06-12,0xb1231a4a2dd02f2276fa3c5e2a2f3436e6bfed23,0.0,1520.97,37,0,0,37,0,1.0,1.0,,3699999.9999999995,Greed,72
2024-06-13,0x75f7eeb85dc639d5e99c78f95393aa9a5f1170d4,-1.40304,11.97,1,0,1,0,0,1.0,1.0,0.0,0.0,Greed,70
2024-06-13,0xb1231a4a2dd02f2276fa3c5e2a2f3436e6bfed23,6634.160155,132565.25,78,19,0,58,0,2.543400552814278,50.0,100.0,5799999.999999999,Greed,70
2024-06-14,0x4f93fead39b70a1824f981a54d4e55b278e9f760,0.0,97988.96,16,0,0,0,0,6.908790609018358,28.03914211658018,,0.0,Greed,74
2024-06-14,0xb1231a4a2dd02f2276fa3c5e2a2f3436e6bfed23,10258.592609,41879.7,15,15,0,0,0,3.448242535373007,22.014284591460743,100.0,0.0,Greed,74
2024-06-15,0x4f93fead39b70a1824f981a54d4e55b278e9f760,2084.433906,592097.63,38,29,0,0,0,15.393067616409056,50.0,100.0,0.0,Greed,74
2024-06-15,0xb1231a4a2dd02f2276fa3c5e2a2f3436e6bfed23,1285.5244400000001,126252.62,40,9,0,0,0,3.6669602409569735,21.96632459815253,100.0,0.0,Greed,74
2024-06-16,0xb1231a4a2dd02f2276fa3c5e2a2f3436e6bfed23,0.0,25235.079999999998,11,0,0,0,0,2.6625348495579635,4.661614748976796,,0.0,Greed,71
2024-06-17,0x4f93fead39b70a1824f981a54d4e55b278e9f760,1268.7590360000002,252491.58,14,4,1,0,0,16.21484123035768,50.0,80.0,0.0,Greed,71
2024-06-17,0xb1231a4a2dd02f2276fa3c5e2a2f3436e6bfed23,9330.743339,115888.54000000001,24,21,0,0,0,5.399470884950603,25.073954331635914,100.0,0.0,Greed,71
2024-06-18,0x4f93fead39b70a1824f981a54d4e55b278e9f760,0.0,62998.22,7,0,0,0,0,9.879325800704331,32.876284513302075,,0.0,Greed,74
2024-06-18,0xb1231a4a2dd02f2276fa3c5e2a2f3436e6bfed23,282.57636,200316.57,18,4,0,0,0,11.836054883961959,50.0,100.0,0.0,Greed,74
2024-06-19,0x430f09841d65beb3f27765503d0f850b8bce7713,0.0,23168.39,3,0,0,0,0,8.477575565439054,21.598803294431082,,0.0,Greed,64
2024-06-19,0x4f93fead39b70a1824f981a54d4e55b278e9f760,2053.973644,190061.52,17,17,0,0,0,10.673390566508935,50.0,100.0,0.0,Greed,64
2024-06-19,0xb1231a4a2dd02f2276fa3c5e2a2f3436e6bfed23,2833.6833,203841.21,41,14,0,0,23,5.997074212561476,41.1648120086817,100.0,0.0,Greed,64
2024-06-20,0x430f09841d65beb3f27765503d0f850b8bce7713,57478.456026,169507.75,8,8,0,0,0,21.366708047574896,50.0,100.0,0.0,Greed,60
2024-06-20,0x4f93fead39b70a1824f981a54d4e55b278e9f760,0.0,29997.36,4,0,0,0,0,8.44896887660987,21.954128774722584,,0.0,Greed,60
2024-06-20,0xb1231a4a2dd02f2276fa3c5e2a2f3436e6bfed23,0.0,8485.69,27,0,0,0,23,1.1932436414821954,3.815624178071751,,0.0,Greed,60
2024-06-21,0x4f93fead39b70a1824f981a54d4e55b278e9f760,773.5582039999999,74216.28,11,3,0,0,0,7.495496357140164,19.759648971050098,100.0,0.0,Greed,63
2024-06-21,0xb1231a4a2dd02f2276fa3c5e2a2f3436e6bfed23,0.0,102048.20999999999,69,0,0,48,0,2.3422050022033885,30.50713329431251,,4800000.0,Greed,63
2024-06-22,0x4f93fead39b70a1824f981a54d4e55b278e9f760,0.0,18000.21,3,0,0,0,0,6.846858073400919,16.257537589701304,,0.0,Neutral,53
2024-06-22,0xb1231a4a2dd02f2276fa3c5e2a2f3436e6bfed23,756.876565,151594.06,21,8,0,0,12,6.914638331499694,50.0,100.0,0.0,Neutral,53
2024-06-23,0xb1231a4a2dd02f2276fa3c5e2a2f3436e6bfed23,0.0,1792.12,5,0,0,0,5,1.0,1.0,,0.0,Greed,55
2024-06-24,0x4f93fead39b70a1824f981a54d4e55b278e9f760,0.0,252007.37,21,0,0,0,0,13.198775184080024,31.783018408118973,,0.0,Neutral,51
2024-06-24,0xb1231a4a2dd02f2276fa3c5e2a2f3436e6bfed23,0.0,150995.43,10,0,0,0,6,10.8,50.0,,0.0,Neutral,51
2024-06-25,0xb1231a4a2dd02f2276fa3c5e2a2f3436e6bfed23,4869.353105,103099.08,49,11,0,0,21,2.767713246747248,9.645952281947226,100.0,0.0,Fear,30
2024-06-26,0x4f93fead39b70a1824f981a54d4e55b278e9f760,4197.732182,364194.84,31,21,0,0,0,10.993031656138065,50.0,100.0,0.0,Neutral,46
2024-06-26,0xb1231a4a2dd02f2276fa3c5e2a2f3436e6bfed23,0.0,995.8199999999999,41,0,0,41,0,1.0,1.0,,4099999.9999999995,Neutral,46
2024-06-27,0x4f93fead39b70a1824f981a54d4e55b278e9f760,0.0,119990.08,12,0,0,0,0,10.991969564376737,32.931291958133265,,0.0,Fear,40
2024-06-27,0xb1231a4a2dd02f2276fa3c5e2a2f3436e6bfed23,0.0,10496.869999999999,18,0,0,12,0,1.3670131261163032,3.9579892852391185,,1200000.0,Fear,40
2024-06-29,0x4f93fead39b70a1824f981a54d4e55b278e9f760,1842.738325,223530.97,17,13,0,0,0,14.481079058458391,49.39784905632202,100.0,0.0,Fear,30
2024-06-29,0xb1231a4a2dd02f2276fa3c5e2a2f3436e6bfed23,4307.587820000001,56564.14,58,11,0,8,39,1.8463562601287702,9.408270941798575,100.0,0.20512815253124292,Fear,30
2024-06-30,0x4f93fead39b70a1824f981a54d4e55b278e9f760,0.0,29999.27,3,0,0,0,0,11.070209888181884,21.233312798391484,,0.0,Neutral,47
2024-06-30,0xb1231a4a2dd02f2276fa3c5e2a2f3436e6bfed23,0.0,521.4200000000001,11,0,0,2,9,1.0,1.0,,0.22222197530891633,Neutral,47
2024-07-01,0x4f93fead39b70a1824f981a54d4e55b278e9f760,1202.488212,97200.55,13,9,0,0,0,8.500774375256837,27.39538705877132,100.0,0.0,Neutral,53
2024-07-01,0xb1231a4a2dd02f2276fa3c5e2a2f3436e6bfed23,3863.351096,265469.6,51,17,0,4,21,6.222650668473865,49.39790394301613,100.0,0.19047609977328583,Neutral,53
2024-07-02,0xb1231a4a2dd02f2276fa3c5e2a2f3436e6bfed23,2421.253116,33347.47,18,13,0,5,5,2.653127582876344,9.269220990955098,100.0,0.9999980000040001,Neutral,51
2024-07-03,0x4f93fead39b70a1824f981a54d4e55b278e9f760,1118.387284,103880.08,10,4,0,0,0,11.463379992877886,27.048711721470628,100.0,0.0,Neutral,50
2024-07-03,0xb1231a4a2dd02f2276fa3c5e2a2f3436e6bfed23,0.0,75720.58,8,0,0,7,0,7.125,50.0,,700000.0,Neutral,50
2024-07-04,0x4f93fead39b70a1824f981a54d4e55b278e9f760,0.0,255022.22,14,0,0,0,0,20.043211478808725,49.397816124305564,,0.0,Fear,44
2024-07-04,0xb1231a4a2dd02f2276fa3c5e2a2f3436e6bfed23,0.0,175545.79,11,0,0,3,0,14.59857233122231,50.0,,300000.0,Fear,44
2024-07-05,0x4f93fead39b70a1824f981a54d4e55b278e9f760,0.0,270298.74,20,0,0,0,0,14.846322613449681,35.858728674872694,,0.0,Fear,29
2024-07-05,0xb1231a4a2dd02f2276fa3c5e2a2f3436e6bfed23,0.0,1991.15,12,0,0,12,0,1.0,1.0,,1200000.0,Fear,29
2024-07-06,0xb1231a4a2dd02f2276fa3c5e2a2f3436e6bfed23,108.87217799999999,2490.17,24,7,0,17,7,1.0,1.0,100.0,2.42856795918863,Fear,26
2024-07-07,0xb1231a4a2dd02f2276fa3c5e2a2f3436e6bfed23,61.428942,498.75,10,10,0,0,10,1.0,1.0,100.0,0.0,Fear,29
2024-07-08,0xb1231a4a2dd02f2276fa3c5e2a2f3436e6bfed23,0.0,497.64,1,0,0,1,0,1.0,1.0,,99999.99999999999,Fear,28
2024-07-09,0xb1231a4a2dd02f2276fa3c5e2a2f3436e6bfed23,648.984412,2736.45,15,15,0,0,15,1.0,1.0,100.0,0.0,Fear,27
2024-07-10,0x4f93fead39b70a1824f981a54d4e55b278e9f760,11595.627026,671917.11,43,33,0,0,0,15.765453236398749,50.0,100.0,0.0,Fear,28
2024-07-10,0xb1231a4a2dd02f2276fa3c5e2a2f3436e6bfed23,382.10788099999996,15983.1,13,5,0,0,5,1.744813654944815,3.3385161009019377,100.0,0.0,Fear,28
2024-07-11,0x4f93fead39b70a1824f981a54d4e55b278e9f760,1876.812082,169887.02,19,9,0,0,0,9.864154345913406,24.69891355082219,100.0,0.0,Fear,29
2024-07-12,0x4f93fead39b70a1824f981a54d4e55b278e9f760,0.0,76006.65,10,0,0,0,0,8.343507496863763,18.436221002810612,,0.0,Fear,25
2024-07-12,0xb1231a4a2dd02f2276fa3c5e2a2f3436e6bfed23,1412.314654,13576.32,9,9,0,0,0,1.858538205847153,3.574210542724017,100.0,0.0,Fear,25
2024-07-13,0x4f93fead39b70a1824f981a54d4e55b278e9f760,2678.839374,138690.01,13,13,0,0,0,11.769925077467065,32.49601851920964,100.0,0.0,Fear,25
2024-07-13,0xb1231a4a2dd02f2276fa3c5e2a2f3436e6bfed23,234.778463,499.18,4,4,0,0,4,1.0,1.0,100.0,0.0,Fear,25
2024-07-14,0x4f93fead39b70a1824f981a54d4e55b278e9f760,0.0,84001.13,7,0,0,0,0,13.254101243556834,26.349532079955388,,0.0,Fear,33
2024-07-15,0x271b280974205ca63b716753467d5a371de622ab,-1.0,30351.0,5,0,2,0,0,6.752520638494708,13.636324716707799,0.0,0.0,Neutral,52
2024-07-15,0x4f93fead39b70a1824f981a54d4e55b278e9f760,0.0,167993.85,21,0,0,0,0,8.782156864749911,30.727668031223025,,0.0,Neutral,52
2024-07-16,0x4f93fead39b70a1824f981a54d4e55b278e9f760,0.0,144000.57,22,0,0,0,0,7.279002538319985,26.170678298547575,,0.0,Greed,65
2024-07-17,0x4f93fead39b70a1824f981a54d4e55b278e9f760,0.0,164934.32,9,0,0,0,0,20.11711015359441,32.93165421031435,,0.0,Greed,69
2024-07-17,0x8477e447846c758f5a675856001ea72298fd9cb5,1859.269477,451080.54,335,145,10,0,0,1.7400594636217952,14.479702680973487,93.54838709677419,0.0,Greed,69
2024-07-17,0xb1231a4a2dd02f2276fa3c5e2a2f3436e6bfed23,0.0,9990.67,7,0,0,0,0,1.9168366847357825,4.963831864053117,,0.0,Greed,69
2024-07-18,0x4f93fead39b70a1824f981a54d4e55b278e9f760,2569.979964,642356.11,53,41,0,0,0,13.382356601345297,43.9073244756454,100.0,0.0,Greed,61
2024-07-18,0x8477e447846c758f5a675856001ea72298fd9cb5,1233.9043470000001,7348.74,7,7,0,0,0,1.479972723508497,2.742150214782608,100.0,0.0,Greed,61
2024-07-19,0x4f93fead39b70a1824f981a54d4e55b278e9f760,2120.091364,146122.7,16,11,0,0,0,10.109883628133414,32.931939621123696,100.0,0.0,Greed,60
2024-07-19,0x8477e447846c758f5a675856001ea72298fd9cb5,35.79975,4146.72,7,1,0,0,0,1.0474122554648793,1.1367363669135968,100.0,0.0,Greed,60
2024-07-20,0x4f93fead39b70a1824f981a54d4e55b278e9f760,129.66130099999998,99879.67,9,4,0,0,0,12.22393244282232,30.384176122180374,100.0,0.0,Greed,74
2024-07-20,0x8477e447846c758f5a675856001ea72298fd9cb5,2169.508265,144482.54,257,29,3,0,0,1.1123649781558729,5.403386465116864,90.625,0.0,Greed,74
2024-07-21,0x4f93fead39b70a1824f981a54d4e55b278e9f760,0.0,43995.18,3,0,0,0,0,16.09833324478278,25.240689130985526,,0.0,Greed,74
2024-07-21,0x8477e447846c758f5a675856001ea72298fd9cb5,-2960.716887,190312.28,445,21,215,0,0,1.055379845500345,2.7454104844123948,8.898305084745763,0.0,Greed,74
2024-07-22,0x4f93fead39b70a1824f981a54d4e55b278e9f760,2273.29301,225308.37,21,13,0,0,0,11.77755388885399,32.93192864378487,100.0,0.0,Greed,70
2024-07-22,0x8477e447846c758f5a675856001ea72298fd9cb5,-756.173134,78905.43,133,9,84,0,0,1.150022944949154,7.888721838186112,9.67741935483871,0.0,Greed,70
2024-07-23,0x430f09841d65beb3f27765503d0f850b8bce7713,88084.992348,245547.44,229,229,0,0,0,1.68019103123577,8.669605812544804,100.0,0.0,Greed,71
2024-07-23,0x4f93fead39b70a1824f981a54d4e55b278e9f760,0.0,23994.47,2,0,0,0,0,13.169771350814216,20.6399217710926,,0.0,Greed,71
2024-07-23,0x8477e447846c758f5a675856001ea72298fd9cb5,1805.309858,88984.63,139,100,35,0,0,1.1613749138669818,2.745201914974799,74.07407407407408,0.0,Greed,71
2024-07-24,0x3998f134d6aaa2b6a5f723806d00fd2bbbbce891,0.0,1.28,3,0,0,0,0,1.0,1.0,,0.0,Greed,69
2024-07-24,0x430f09841d65beb3f27765503d0f850b8bce7713,0.0,0.67,2,0,0,0,0,1.0,1.0,,0.0,Greed,69
2024-07-24,0x4f93fead39b70a1824f981a54d4e55b278e9f760,0.0,28011.55,21,0,0,0,0,2.3213468320727877,15.797993254644819,,0.0,Greed,69
2024-07-24,0x8477e447846c758f5a675856001ea72298fd9cb5,625.561479,35236.59,29,18,0,0,0,1.538569470452114,4.342810874942199,100.0,0.0,Greed,69
2024-07-24,0xb1231a4a2dd02f2276fa3c5e2a2f3436e6bfed23,0.0,5957.84,35,0,0,33,0,1.0,1.0,,3299999.9999999995,Greed,69
2024-07-25,0x430f09841d65beb3f27765503d0f850b8bce7713,0.0,0.94,1,0,0,0,0,1.0,1.0,,0.0,Greed,68
2024-07-25,0x4f93fead39b70a1824f981a54d4e55b278e9f760,0.0,519380.44,65,0,0,0,0,8.863107477908432,32.93201646249544,,0.0,Greed,68
2024-07-25,0xb1231a4a2dd02f2276fa3c5e2a2f3436e6bfed23,916.7382600000001,9173.93,12,10,0,2,0,1.2999950821522075,2.2713980167900565,100.0,199999.99999999997,Greed,68
2024-07-26,0x3998f134d6aaa2b6a5f723806d00fd2bbbbce891,0.0,0.81,1,0,0,0,0,1.0,1.0,,0.0,Greed,68
2024-07-26,0x4f93fead39b70a1824f981a54d4e55b278e9f760,0.0,150009.65,10,0,0,0,0,16.195829577253885,50.0,,0.0,Greed,68
2024-07-26,0x8477e447846c758f5a675856001ea72298fd9cb5,341.250124,146100.56,111,32,0,0,0,1.7565558417878506,10.942024721845197,100.0,0.0,Greed,68
2024-07-26,0xb1231a4a2dd02f2276fa3c5e2a2f3436e6bfed23,2425.262989,252476.63,30,29,0,1,0,9.326184978111906,43.91453658725069,100.0,99999.99999999999,Greed,68
2024-07-27,0x4f93fead39b70a1824f981a54d4e55b278e9f760,6400.623656,900756.99,52,42,0,0,0,17.296793195076717,50.0,100.0,0.0,Greed,72
2024-07-27,0x8477e447846c758f5a675856001ea72298fd9cb5,0.0,4442.76,5,0,0,0,0,1.1318745474592062,1.2204166207447977,,0.0,Greed,72
2024-07-28,0x4f93fead39b70a1824f981a54d4e55b278e9f760,0.0,31999.690000000002,3,0,0,0,0,11.856150756624041,19.50909121246461,,0.0,Greed,71
2024-07-28,0x8477e447846c758f5a675856001ea72298fd9cb5,587.29903,11254.99,13,12,0,0,0,1.2525904239708323,2.743083288582379,100.0,0.0,Greed,71
2024-07-29,0x8477e447846c758f5a675856001ea72298fd9cb5,217.857529,26957.79,15,5,0,0,0,2.178199356376668,7.1531413411409925,100.0,0.0,Greed,74
2024-07-29,0xb1231a4a2dd02f2276fa3c5e2a2f3436e6bfed23,112.946925,300241.35,24,11,0,0,0,13.689092912488492,50.0,100.0,0.0,Greed,74
2024-07-30,0x4f93fead39b70a1824f981a54d4e55b278e9f760,0.0,36006.47,6,0,0,0,0,6.587587015535267,11.051040673674878,,0.0,Greed,67
2024-07-31,0x4f93fead39b70a1824f981a54d4e55b278e9f760,0.0,40005.14,3,0,0,0,0,14.638332545160386,21.957158520237133,,0.0,Greed,61
2024-07-31,0x8477e447846c758f5a675856001ea72298fd9cb5,765.690884,44501.4,40,14,0,0,0,1.6498846940330245,5.489657370909781,100.0,0.0,Greed,61
2024-08-01,0x3998f134d6aaa2b6a5f723806d00fd2bbbbce891,0.0,0.74,1,0,0,0,0,1.0,1.0,,0.0,Neutral,52
2024-08-01,0x4f93fead39b70a1824f981a54d4e55b278e9f760,0.0,143995.01,13,0,0,0,0,12.172433895901102,32.932400669354166,,0.0,Neutral,52
2024-08-01,0x8477e447846c758f5a675856001ea72298fd9cb5,167.080017,48714.35,34,4,3,0,0,1.7237574252979808,4.74717212774636,57.14285714285714,0.0,Neutral,52
2024-08-01,0xb1231a4a2dd02f2276fa3c5e2a2f3436e6bfed23,0.0,35064.43,9,0,0,5,0,4.913237992462319,24.698902573483373,,499999.99999999994,Neutral,52
2024-08-02,0x4f93fead39b70a1824f981a54d4e55b278e9f760,0.0,295967.16,36,0,0,0,0,9.083176454964528,32.931972553140156,,0.0,Greed,57
2024-08-02,0x8477e447846c758f5a675856001ea72298fd9cb5,228.247701,29767.08,15,12,0,0,0,2.382669855656774,9.627587194099975,100.0,0.0,Greed,57
2024-08-02,0xb1231a4a2dd02f2276fa3c5e2a2f3436e6bfed23,554.12049,70586.13,12,5,0,1,0,6.598824407512765,19.123896393241623,100.0,99999.99999999999,Greed,57
2024-08-03,0x3998f134d6aaa2b6a5f723806d00fd2bbbbce891,0.0,0.65,1,0,0,0,0,1.0,1.0,,0.0,Fear,37
2024-08-03,0x4f93fead39b70a1824f981a54d4e55b278e9f760,0.0,112478.98999999999,13,0,0,0,0,9.568577039994013,26.247365987549905,,0.0,Fear,37
2024-08-03,0x8477e447846c758f5a675856001ea72298fd9cb5,464.1897,4534.09,1,1,0,0,0,4.977224217414531,4.977224217414531,100.0,0.0,Fear,37
2024-08-03,0xa520ded057a32086c40e7dd6ed4eb8efb82c00e0,0.0,148506.99,16,0,0,0,0,10.377156964748238,32.93202743983426,,0.0,Fear,37
2024-08-03,0xb1231a4a2dd02f2276fa3c5e2a2f3436e6bfed23,0.0,25012.14,6,0,0,1,0,4.926024591873514,12.243377261715988,,99999.99999999999,Fear,37
2024-08-04,0x3998f134d6aaa2b6a5f723806d00fd2bbbbce891,0.0,0.01,1,0,0,0,0,1.0,1.0,,0.0,Fear,34
2024-08-04,0x4f93fead39b70a1824f981a54d4e55b278e9f760,-108604.496278,901551.09,72,0,60,0,0,9.086149246386169,50.0,0.0,0.0,Fear,34
2024-08-04,0x8477e447846c758f5a675856001ea72298fd9cb5,109.005815,36193.88,17,3,0,0,0,2.343608733756732,16.57395938121178,100.0,0.0,Fear,34
2024-08-04,0xa520ded057a32086c40e7dd6ed4eb8efb82c00e0,-14176.51042,134929.87,10,0,2,8,0,9.820151759513724,50.0,0.0,799999.9999999999,Fear,34
2024-08-04,0xb1231a4a2dd02f2276fa3c5e2a2f3436e6bfed23,0.0,135069.22,27,0,0,3,0,5.716146948219301,24.52074036442127,,300000.0,Fear,34
2024-08-05,0x4f93fead39b70a1824f981a54d4e55b278e9f760,-4779.219012,213738.16,17,0,2,0,0,10.229150372313871,50.0,0.0,0.0,Fear,26
2024-08-05,0x8477e447846c758f5a675856001ea72298fd9cb5,160.44369899999998,40082.509999999995,17,7,0,0,0,2.6794124762957248,9.900615565251703,100.0,0.0,Fear,26
2024-08-05,0xa520ded057a32086c40e7dd6ed4eb8efb82c00e0,0.0,20107.61,2,0,0,2,0,11.0364023923573,11.863188108995299,,199999.99999999997,Fear,26
2024-08-05,0xb1231a4a2dd02f2276fa3c5e2a2f3436e6bfed23,-8394.889856,146567.12,44,26,3,5,25,4.232684225991227,22.643264151216762,89.65517241379311,0.199999920000032,Fear,26
2024-08-06,0x3998f134d6aaa2b6a5f723806d00fd2bbbbce891,215.754798,771.0,27,8,13,1,26,1.0,1.0,38.095238095238095,0.03846152366864474,Extreme Fear,17
2024-08-06,0xb1231a4a2dd02f2276fa3c5e2a2f3436e6bfed23,51.56325,60707.38,80,5,0,70,5,1.6283129553674567,20.12196701617047,100.0,13.999972000056001,Extreme Fear,17
2024-08-07,0x3998f134d6aaa2b6a5f723806d00fd2bbbbce891,0.0,0.04,11,0,0,0,0,1.0,1.0,,0.0,Fear,29
2024-08-07,0xa520ded057a32086c40e7dd6ed4eb8efb82c00e0,0.0,500.0,1,0,0,1,0,1.0,1.0,,99999.99999999999,Fear,29
2024-08-07,0xb1231a4a2dd02f2276fa3c5e2a2f3436e6bfed23,188.789255,1992.73,21,10,0,11,10,1.0,1.0,100.0,1.0999989000011001,Fear,29
2024-08-08,0xa520ded057a32086c40e7dd6ed4eb8efb82c00e0,-40.712216999999995,459.28,4,0,3,0,3,1.0,1.0,0.0,0.0,Extreme Fear,20
2024-08-08,0xb1231a4a2dd02f2276fa3c5e2a2f3436e6bfed23,0.0,15840.07,5,0,0,3,0,3.8913003711657765,11.320424568338092,,300000.0,Extreme Fear,20
2024-08-09,0x430f09841d65beb3f27765503d0f850b8bce7713,0.0,0.12,1,0,0,0,0,1.0,1.0,,0.0,Neutral,48
2024-08-09,0x4f93fead39b70a1824f981a54d4e55b278e9f760,11147.900554,132038.0,12,9,0,0,0,12.133514700925316,27.45648692664807,100.0,0.0,Neutral,48
2024-08-09,0x8477e447846c758f5a675856001ea72298fd9cb5,151.092375,43836.44,69,17,1,0,0,1.2183989922332046,5.490206237850822,94.44444444444444,0.0,Neutral,48
2024-08-09,0xa520ded057a32086c40e7dd6ed4eb8efb82c00e0,0.0,500.0,2,0,0,2,0,1.0,1.0,,199999.99999999997,Neutral,48
2024-08-09,0xb1231a4a2dd02f2276fa3c5e2a2f3436e6bfed23,6783.078347,326830.3,60,17,14,24,0,6.411877612332199,43.90923453260022,54.83870967741935,2400000.0,Neutral,48
2024-08-10,0x430f09841d65beb3f27765503d0f850b8bce7713,0.0,0.68,1,0,0,0,0,1.0,1.0,,0.0,Fear,40
2024-08-10,0xb1231a4a2dd02f2276fa3c5e2a2f3436e6bfed23,0.0,11338.61,87,0,0,87,0,1.000324429570916,1.0282253726696742,,8700000.0,Fear,40
2024-08-11,0x4f93fead39b70a1824f981a54d4e55b278e9f760,847.7766200000001,40839.850000000006,8,4,0,0,0,5.653603596878741,15.974245406752097,100.0,0.0,Fear,39
2024-08-11,0xb1231a4a2dd02f2276fa3c5e2a2f3436e6bfed23,0.0,3390.36,16,0,0,16,0,1.0,1.0,,1599999.9999999998,Fear,39
2024-08-12,0x430f09841d65beb3f27765503d0f850b8bce7713,0.0,0.61,1,0,0,0,0,1.0,1.0,,0.0,Fear,25
2024-08-12,0x4f93fead39b70a1824f981a54d4e55b278e9f760,858.6705000000001,44140.4,16,6,0,0,0,3.114296436009356,8.160718339488682,100.0,0.0,Fear,25
2024-08-12,0xb1231a4a2dd02f2276fa3c5e2a2f3436e6bfed23,0.0,10026.31,31,0,0,23,0,1.0899649431956706,1.7484924820597327,,2300000.0,Fear,25
2024-08-13,0x430f09841d65beb3f27765503d0f850b8bce7713,0.0,0.67,1,0,0,0,0,1.0,1.0,,0.0,Fear,31
2024-08-13,0x4f93fead39b70a1824f981a54d4e55b278e9f760,0.0,12500.1,5,0,0,0,0,2.944356659885595,10.390907426345336,,0.0,Fear,31
2024-08-13,0xb1231a4a2dd02f2276fa3c5e2a2f3436e6bfed23,212.08102,8297.1,17,8,0,8,0,1.2016967969649228,2.28094830156418,100.0,799999.9999999999,Fear,31
2024-08-14,0x430f09841d65beb3f27765503d0f850b8bce7713,0.0,0.53,1,0,0,0,0,1.0,1.0,,0.0,Fear,30
2024-08-14,0x4f93fead39b70a1824f981a54d4e55b278e9f760,2168.9015130000003,64666.34,9,5,0,0,0,7.991243791522079,32.93139075418265,100.0,0.0,Fear,30
2024-08-14,0xb1231a4a2dd02f2276fa3c5e2a2f3436e6bfed23,0.0,2043.16,15,0,0,15,0,1.0,1.0,,1499999.9999999998,Fear,30
2024-08-15,0xb1231a4a2dd02f2276fa3c5e2a2f3436e6bfed23,0.0,1522.3700000000001,12,0,0,12,0,1.0,1.0,,1200000.0,Fear,29
2024-08-16,0x4f93fead39b70a1824f981a54d4e55b278e9f760,0.0,12500.130000000001,2,0,0,0,0,6.860908115722219,12.62769389383331,,0.0,Fear,27
2024-08-16,0xb1231a4a2dd02f2276fa3c5e2a2f3436e6bfed23,825.230544,153882.71,33,3,0,25,0,5.778913828116449,43.90923453260022,100.0,2500000.0,Fear,27
2024-08-17,0x3998f134d6aaa2b6a5f723806d00fd2bbbbce891,0.0,30037.26,29,0,0,29,0,1.6565039725626476,5.485968985065982,,2899999.9999999995,Fear,25
2024-08-17,0xa520ded057a32086c40e7dd6ed4eb8efb82c00e0,-288.283113,211.7,1,0,1,0,1,1.0,1.0,0.0,0.0,Fear,25
2024-08-18,0x4f93fead39b70a1824f981a54d4e55b278e9f760,307.201888,62804.47,14,12,0,0,0,5.117792992857259,21.904346543170114,100.0,0.0,Fear,31
2024-08-18,0xa520ded057a32086c40e7dd6ed4eb8efb82c00e0,0.0,0.01,1,0,0,0,0,1.0,1.0,,0.0,Fear,31
2024-08-19,0xb1231a4a2dd02f2276fa3c5e2a2f3436e6bfed23,339.69958299999996,100315.03,8,5,0,0,0,13.76490091414885,32.12519303650312,100.0,0.0,Fear,28
2024-08-20,0x4f93fead39b70a1824f981a54d4e55b278e9f760,192.602844,42417.87,8,1,0,0,0,5.943975834047219,14.130228122273484,100.0,0.0,Fear,30
2024-08-20,0x8477e447846c758f5a675856001ea72298fd9cb5,0.0,7496.93,4,0,0,0,0,2.358765339184399,5.3955925545540735,,0.0,Fear,30
2024-08-21,0x8477e447846c758f5a675856001ea72298fd9cb5,656.200925,102990.13,143,54,0,0,0,1.1918030033980582,8.699299514055154,100.0,0.0,Fear,26
2024-08-21,0xa520ded057a32086c40e7dd6ed4eb8efb82c00e0,0.0,2000.28,2,0,0,0,0,1.097887564826673,1.0978985421654939,,0.0,Fear,26
2024-08-23,0x4f93fead39b70a1824f981a54d4e55b278e9f760,1005.30527,63509.56,10,3,0,0,0,6.979534464233406,25.436437036838598,100.0,0.0,Fear,34
2024-08-24,0x4f93fead39b70a1824f981a54d4e55b278e9f760,0.0,15000.07,2,0,0,0,0,8.233042536309732,10.394518970817389,,0.0,Greed,56
2024-08-24,0xb1231a4a2dd02f2276fa3c5e2a2f3436e6bfed23,0.0,19999.6,5,0,0,0,0,4.390847709622159,16.52328798521482,,0.0,Greed,56
2024-08-25,0x4f93fead39b70a1824f981a54d4e55b278e9f760,0.0,14996.33,4,0,0,0,0,4.361683006069585,6.543997832634214,,0.0,Neutral,54
2024-08-25,0xb1231a4a2dd02f2276fa3c5e2a2f3436e6bfed23,0.0,6953.95,13,0,0,8,0,1.1805069010813756,2.193887027376163,,799999.9999999999,Neutral,54
2024-08-26,0x4f93fead39b70a1824f981a54d4e55b278e9f760,231.236918,92263.52,5,2,0,0,0,20.25615839685185,40.907053115829754,100.0,0.0,Greed,55
2024-08-26,0xb1231a4a2dd02f2276fa3c5e2a2f3436e6bfed23,0.0,347.75,1,0,0,1,0,1.0,1.0,,99999.99999999999,Greed,55
2024-08-27,0x4f93fead39b70a1824f981a54d4e55b278e9f760,0.0,65005.19,7,0,0,0,0,10.1940570820364,21.95510575787764,,0.0,Neutral,48
2024-08-27,0xb1231a4a2dd02f2276fa3c5e2a2f3436e6bfed23,0.0,5244.97,43,0,0,42,0,1.0,1.0,,4200000.0,Neutral,48
2024-08-28,0x4f93fead39b70a1824f981a54d4e55b278e9f760,0.0,47494.56,7,0,0,0,0,7.869602889436296,27.394684509086783,,0.0,Fear,30
2024-08-28,0xb1231a4a2dd02f2276fa3c5e2a2f3436e6bfed23,1333.359645,23665.510000000002,2,2,0,0,0,12.989216081889175,13.148689371608809,100.0,0.0,Fear,30
2024-08-29,0xb1231a4a2dd02f2276fa3c5e2a2f3436e6bfed23,0.0,9995.85,1,0,0,0,0,10.972783225221168,10.972783225221168,,0.0,Fear,29
2024-08-30,0x3998f134d6aaa2b6a5f723806d00fd2bbbbce891,0.0,0.69,1,0,0,0,0,1.0,1.0,,0.0,Fear,34
2024-08-30,0x430f09841d65beb3f27765503d0f850b8bce7713,0.0,0.62,1,0,0,0,0,1.0,1.0,,0.0,Fear,34
2024-08-30,0x4f93fead39b70a1824f981a54d4e55b278e9f760,0.0,27492.550000000003,3,0,0,0,0,10.059834546621987,21.95342622503805,,0.0,Fear,34
2024-08-30,0xb1231a4a2dd02f2276fa3c5e2a2f3436e6bfed23,256.464,9739.38,1,1,0,0,0,10.691247416483293,10.691247416483293,100.0,0.0,Fear,34
2024-08-31,0x430f09841d65beb3f27765503d0f850b8bce7713,0.0,0.96,1,0,0,0,0,1.0,1.0,,0.0,Fear,29
2024-08-31,0x8477e447846c758f5a675856001ea72298fd9cb5,10.882801,7506.33,24,12,1,5,11,1.072652254591711,2.743654110201062,92.3076923076923,0.45454504132268975,Fear,29
2024-08-31,0xb1231a4a2dd02f2276fa3c5e2a2f3436e6bfed23,0.0,100000.14,9,0,0,0,0,12.197060210117959,20.79327519441962,,0.0,Fear,29
2024-09-01,0x8477e447846c758f5a675856001ea72298fd9cb5,137.433093,12359.68,12,5,0,0,0,1.4464952064888648,4.320987925366385,100.0,0.0,Fear,26
2024-09-02,0x4f93fead39b70a1824f981a54d4e55b278e9f760,0.0,30000.42,2,0,0,0,0,16.46623875536296,19.974091284915048,,0.0,Fear,26
2024-09-04,0x4f93fead39b70a1824f981a54d4e55b278e9f760,0.0,35004.98,1,0,0,0,0,38.426152587644125,38.426152587644125,,0.0,Fear,27
2024-09-04,0xb1231a4a2dd02f2276fa3c5e2a2f3436e6bfed23,1065.785132,96475.99,33,5,3,25,0,3.8994461393677304,40.36877930675026,62.5,2500000.0,Fear,27
2024-09-05,0x3998f134d6aaa2b6a5f723806d00fd2bbbbce891,0.0,0.84,1,0,0,0,0,1.0,1.0,,0.0,Fear,29
2024-09-06,0x4f93fead39b70a1824f981a54d4e55b278e9f760,0.0,34990.67,4,0,0,0,0,9.602611003947878,16.457380042934545,,0.0,Extreme Fear,22
2024-09-06,0xb1231a4a2dd02f2276fa3c5e2a2f3436e6bfed23,-1104.856765,4056.43,38,0,38,0,38,1.0,1.0,0.0,0.0,Extreme Fear,22
2024-09-08,0xa520ded057a32086c40e7dd6ed4eb8efb82c00e0,0.0,0.11,1,0,0,0,0,1.0,1.0,,0.0,Fear,29
2024-09-09,0xb1231a4a2dd02f2276fa3c5e2a2f3436e6bfed23,0.0,4014.4300000000003,2,0,0,2,0,2.2033879141255928,3.0276049334795183,,199999.99999999997,Fear,26
2024-09-10,0xa520ded057a32086c40e7dd6ed4eb8efb82c00e0,-219.729659,1780.54,2,0,2,0,0,1.3093976119458026,1.618795223891605,0.0,0.0,Fear,33
2024-09-10,0xb1231a4a2dd02f2276fa3c5e2a2f3436e6bfed23,0.0,766.74,1,0,0,1,0,1.0,1.0,,99999.99999999999,Fear,33
2024-09-11,0x430f09841d65beb3f27765503d0f850b8bce7713,0.0,0.54,1,0,0,0,0,1.0,1.0,,0.0,Fear,37
2024-09-14,0x430f09841d65beb3f27765503d0f850b8bce7713,0.0,0.65,1,0,0,0,0,1.0,1.0,,0.0,Neutral,50
2024-09-14,0xb1231a4a2dd02f2276fa3c5e2a2f3436e6bfed23,0.0,1014.1500000000001,10,0,0,10,0,1.0,1.0,,999999.9999999999,Neutral,50
2024-09-18,0xb1231a4a2dd02f2276fa3c5e2a2f3436e6bfed23,-878.684794,13633.5,145,0,134,11,134,1.0,1.0,0.0,0.08208954611272044,Neutral,45
2024-09-19,0xb1231a4a2dd02f2276fa3c5e2a2f3436e6bfed23,0.0,1521.8700000000001,19,0,0,19,0,1.0,1.0,,1899999.9999999998,Neutral,49
2024-09-20,0x4f93fead39b70a1824f981a54d4e55b278e9f760,9585.03428,304571.61,12,8,1,0,0,10.843518437611458,50.0,88.88888888888889,0.0,Neutral,54
2024-09-20,0x72c6a4624e1dffa724e6d00d64ceae698af892a0,0.0,28301.77,4,0,0,0,0,8.005382847864173,16.081362278965774,,0.0,Neutral,54
2024-09-21,0x430f09841d65beb3f27765503d0f850b8bce7713,36165.56933,165648.12,23,23,0,0,0,8.07913466191714,24.861279369321114,100.0,0.0,Neutral,54
2024-09-22,0x4f93fead39b70a1824f981a54d4e55b278e9f760,0.0,19999.739999999998,3,0,0,0,0,7.318130743618094,11.008514463082975,,0.0,Neutral,52
2024-09-23,0x4f93fead39b70a1824f981a54d4e55b278e9f760,334.760796,40334.29,2,1,0,0,0,22.13815837138442,33.29898889927585,100.0,0.0,Neutral,50
2024-09-24,0x72c6a4624e1dffa724e6d00d64ceae698af892a0,0.0,6113.57,1,0,0,0,0,6.711072929487274,6.711072929487274,,0.0,Neutral,54
2024-09-24,0xb1231a4a2dd02f2276fa3c5e2a2f3436e6bfed23,0.0,1005.0600000000001,9,0,0,9,0,1.0,1.0,,899999.9999999999,Neutral,54
2024-09-25,0x4f93fead39b70a1824f981a54d4e55b278e9f760,0.0,50001.11,6,0,0,0,0,9.16315201550526,30.185156969358697,,0.0,Greed,59
2024-09-25,0x72c6a4624e1dffa724e6d00d64ceae698af892a0,0.0,2753.02,3,0,0,0,0,1.5461198254105477,2.638359476231643,,0.0,Greed,59
2024-09-26,0x4f93fead39b70a1824f981a54d4e55b278e9f760,439.812513,80440.42,3,2,0,0,0,24.318053902246348,50.0,100.0,0.0,Neutral,50
2024-09-26,0x72c6a4624e1dffa724e6d00d64ceae698af892a0,0.0,33271.51,5,0,0,0,0,7.671769050842194,20.41845396038232,,0.0,Neutral,50
2024-09-27,0x4f93fead39b70a1824f981a54d4e55b278e9f760,0.0,99992.31999999999,10,0,0,0,0,11.020903224220035,22.156704585322217,,0.0,Greed,61
2024-09-27,0x72c6a4624e1dffa724e6d00d64ceae698af892a0,0.0,26104.72,46,0,0,0,0,1.424558410773049,13.44513240646537,,0.0,Greed,61
2024-09-28,0x72c6a4624e1dffa724e6d00d64ceae698af892a0,0.0,29199.21,4,0,0,0,0,8.190743446858033,15.104719421415187,,0.0,Greed,64
2024-09-30,0x4f93fead39b70a1824f981a54d4e55b278e9f760,2710.626288,177280.9,10,5,0,0,0,18.982433623325335,50.0,100.0,0.0,Greed,61
2024-09-30,0x72c6a4624e1dffa724e6d00d64ceae698af892a0,0.0,37388.95,96,0,0,0,0,1.162028169278468,6.481986845635336,,0.0,Greed,61
2024-10-01,0x4f93fead39b70a1824f981a54d4e55b278e9f760,0.0,139954.32,4,0,0,0,0,34.461115850882045,50.0,,0.0,Neutral,50
2024-10-02,0x4f93fead39b70a1824f981a54d4e55b278e9f760,0.0,99954.34,4,0,0,0,0,24.275764582626195,50.0,,0.0,Fear,42
2024-10-03,0x3f9a0aadc7f04a7c9d75dc1b5a6ddd6e36486cf6,100.375782,12926.69,5,3,0,0,0,2.934861261805575,4.967300703120499,100.0,0.0,Fear,37
2024-10-03,0x4f93fead39b70a1824f981a54d4e55b278e9f760,0.0,120009.0,4,0,0,0,0,30.797206728318304,50.0,,0.0,Fear,37
2024-10-04,0xb1231a4a2dd02f2276fa3c5e2a2f3436e6bfed23,0.0,0.34,1,0,0,0,0,1.0,1.0,,0.0,Fear,41
2024-10-05,0x430f09841d65beb3f27765503d0f850b8bce7713,0.0,0.61,1,0,0,0,0,1.0,1.0,,0.0,Neutral,49
2024-10-05,0x4f93fead39b70a1824f981a54d4e55b278e9f760,5767.161892,605605.13,36,24,0,0,0,18.290866180824267,50.0,100.0,0.0,Neutral,49
2024-10-06,0x4f93fead39b70a1824f981a54d4e55b278e9f760,130.487079,300130.56,22,5,0,0,0,14.977386043347538,50.0,100.0,0.0,Neutral,50
2024-10-07,0x4f93fead39b70a1824f981a54d4e55b278e9f760,0.0,219984.65,21,0,0,0,0,11.547529775717898,33.94492844751005,,0.0,Neutral,50
2024-10-08,0x4f93fead39b70a1824f981a54d4e55b278e9f760,5396.546638,434583.55,35,33,0,0,0,12.361748616055518,50.0,100.0,0.0,Neutral,49
2024-10-08,0xb1231a4a2dd02f2276fa3c5e2a2f3436e6bfed23,0.0,0.58,1,0,0,0,0,1.0,1.0,,0.0,Neutral,49
2024-10-09,0x4f93fead39b70a1824f981a54d4e55b278e9f760,396.06272,220399.93,14,3,0,0,0,17.281462197840103,43.910310311804665,100.0,0.0,Neutral,49
2024-10-10,0x4f93fead39b70a1824f981a54d4e55b278e9f760,0.0,300024.33999999997,16,0,0,0,0,20.62477408636704,41.16466930327703,,0.0,Fear,39
2024-10-11,0x430f09841d65beb3f27765503d0f850b8bce7713,0.0,0.73,1,0,0,0,0,1.0,1.0,,0.0,Fear,32
2024-10-11,0x4f93fead39b70a1824f981a54d4e55b278e9f760,8885.327477,488903.45999999996,25,18,0,0,0,21.0967802938326,50.0,100.0,0.0,Fear,32
2024-10-12,0x4f93fead39b70a1824f981a54d4e55b278e9f760,541.55471,159713.4,10,7,0,0,0,17.621304819183447,41.16452659787237,100.0,0.0,Neutral,49
2024-10-13,0x4f93fead39b70a1824f981a54d4e55b278e9f760,0.0,60002.42,10,0,0,0,0,6.664691214045365,21.956895064105435,,0.0,Neutral,50
2024-10-14,0x4f93fead39b70a1824f981a54d4e55b278e9f760,1913.61958,61916.020000000004,5,5,0,0,0,13.883669452129784,32.93190668910723,100.0,0.0,Neutral,48
2024-10-15,0x4f93fead39b70a1824f981a54d4e55b278e9f760,1170.2260760000001,81173.36,7,4,0,0,0,12.893840289003833,33.13593150843121,100.0,0.0,Greed,65
2024-10-16,0x4f93fead39b70a1824f981a54d4e55b278e9f760,219.480876,80229.17,11,3,0,0,0,8.147846431740163,20.538491160388116,100.0,0.0,Greed,73
2024-10-17,0x4f93fead39b70a1824f981a54d4e55b278e9f760,36.11496,140032.03,8,1,1,0,0,19.214737988486064,43.9092235552614,50.0,0.0,Greed,71
2024-10-17,0xa520ded057a32086c40e7dd6ed4eb8efb82c00e0,0.0,499.72,1,0,0,0,0,1.0,1.0,,0.0,Greed,71
2024-10-18,0x4f93fead39b70a1824f981a54d4e55b278e9f760,333.219141,120331.43000000001,6,5,0,0,0,22.112278856020755,46.65306428022242,100.0,0.0,Greed,73
2024-10-19,0x4f93fead39b70a1824f981a54d4e55b278e9f760,0.0,99996.86,4,0,0,0,0,27.442485330982098,43.909596784781314,,0.0,Greed,72
2024-10-20,0x4f93fead39b70a1824f981a54d4e55b278e9f760,229.060526,120225.71,6,5,0,0,0,21.46899992198769,50.0,100.0,0.0,Greed,73
2024-10-20,0x8477e447846c758f5a675856001ea72298fd9cb5,160.095271,56222.15,90,6,0,0,0,1.235252152643945,7.684038378532882,100.0,0.0,Greed,73
2024-10-21,0x4f93fead39b70a1824f981a54d4e55b278e9f760,0.0,150024.18,11,0,0,0,0,14.526547975421447,50.0,,0.0,Greed,72
2024-10-21,0x8477e447846c758f5a675856001ea72298fd9cb5,2464.915564,174093.81,162,68,0,0,0,1.5497347498187763,8.151211964069843,100.0,0.0,Greed,72
2024-10-22,0x4f93fead39b70a1824f981a54d4e55b278e9f760,0.0,60000.36,3,0,0,0,0,22.068570312855588,32.93147857289322,,0.0,Greed,70
2024-10-23,0x4f93fead39b70a1824f981a54d4e55b278e9f760,-46.489941,210006.07,18,0,3,0,0,13.011975788771785,38.58004390057336,0.0,0.0,Greed,71
2024-10-25,0x4f93fead39b70a1824f981a54d4e55b278e9f760,4543.862071,404587.18,25,16,0,0,0,16.54272811458935,50.0,100.0,0.0,Greed,72
2024-10-25,0x72c6a4624e1dffa724e6d00d64ceae698af892a0,8692.0,23296.0,5,5,0,0,0,5.525801971442227,22.141226537584842,100.0,0.0,Greed,72
2024-10-27,0x4f93fead39b70a1824f981a54d4e55b278e9f760,666.6623079999999,90664.41,4,3,0,0,0,22.34342846002425,50.0,100.0,0.0,Greed,74
2024-10-28,0x4f93fead39b70a1824f981a54d4e55b278e9f760,0.0,119994.32,9,0,0,0,0,14.74552474631246,32.929590470616034,,0.0,Greed,72
2024-10-28,0xa520ded057a32086c40e7dd6ed4eb8efb82c00e0,167.28016200000002,1500.9299999999998,4,4,0,0,3,1.015758628517633,1.063034514070532,100.0,0.0,Greed,72
2024-10-29,0x4f93fead39b70a1824f981a54d4e55b278e9f760,0.0,602574.92,37,0,0,0,0,15.825962861253672,50.0,,0.0,Greed,72
2024-10-29,0x8477e447846c758f5a675856001ea72298fd9cb5,801.170876,10692.89,16,3,0,0,0,1.0733405886224707,1.6869205886136873,100.0,0.0,Greed,72
2024-10-30,0x8477e447846c758f5a675856001ea72298fd9cb5,9.150023,11830.85,25,7,1,0,0,1.0106508639824292,1.2187700199216729,87.5,0.0,Extreme Greed,77
2024-10-31,0x2c229d22b100a7beb69122eed721cee9b24011dd,-2.5534149999999998,29949.5,9,0,3,0,0,3.8277230594028646,13.153047375120678,0.0,0.0,Extreme Greed,77
2024-10-31,0x4f93fead39b70a1824f981a54d4e55b278e9f760,765.475192,853642.02,28,23,0,0,0,29.48868363391062,50.0,100.0,0.0,Extreme Greed,77
2024-10-31,0x8477e447846c758f5a675856001ea72298fd9cb5,451.122034,12581.84,11,11,0,0,0,1.6573314712041034,5.437350351428518,100.0,0.0,Extreme Greed,77
2024-11-01,0x2c229d22b100a7beb69122eed721cee9b24011dd,-0.09906000000000104,29949.93,14,4,4,0,0,2.4251872404682646,5.479953403392167,50.0,0.0,Extreme Greed,75
2024-11-01,0x4f93fead39b70a1824f981a54d4e55b278e9f760,1040.5747959999999,231031.1,9,2,0,0,0,26.223908341465076,50.0,100.0,0.0,Extreme Greed,75
2024-11-02,0x4f93fead39b70a1824f981a54d4e55b278e9f760,0.0,40000.0,2,0,0,0,0,21.954677641663626,32.93201646249544,,0.0,Greed,72
2024-11-03,0x3f9a0aadc7f04a7c9d75dc1b5a6ddd6e36486cf6,0.0,19061.32,2,0,0,0,0,10.462128400614894,16.19123446322348,,0.0,Greed,74
2024-11-03,0x4f93fead39b70a1824f981a54d4e55b278e9f760,0.0,109994.34,4,0,0,0,0,28.96452903484161,50.0,,0.0,Greed,74
2024-11-04,0x3f9a0aadc7f04a7c9d75dc1b5a6ddd6e36486cf6,540.05911,19601.33,10,10,0,0,0,2.3574222398249924,5.547354263752074,100.0,0.0,Greed,70
2024-11-04,0x4f93fead39b70a1824f981a54d4e55b278e9f760,2259.351364,432210.64,26,13,0,0,0,17.919481354854888,50.0,100.0,0.0,Greed,70
2024-11-05,0x4f93fead39b70a1824f981a54d4e55b278e9f760,678.4759280000001,200627.23,10,5,0,0,0,20.533329352218434,50.0,100.0,0.0,Greed,70
2024-11-06,0x2c229d22b100a7beb69122eed721cee9b24011dd,-3.41119,2000.52,3,0,2,0,0,1.0332988059436283,1.0998964178308852,0.0,0.0,Greed,70
2024-11-06,0x4f93fead39b70a1824f981a54d4e55b278e9f760,2821.24842,121906.38,12,7,0,0,0,11.231521626016104,26.628696783507962,100.0,0.0,Greed,70
2024-11-07,0x3f9a0aadc7f04a7c9d75dc1b5a6ddd6e36486cf6,503.46257599999996,30868.5,16,11,0,0,0,2.40498339348183,11.417914314405898,100.0,0.0,Extreme Greed,77
2024-11-07,0x4f93fead39b70a1824f981a54d4e55b278e9f760,628.96246,60628.85,2,1,0,0,0,33.27717143836944,33.62239227827637,100.0,0.0,Extreme Greed,77
2024-11-07,0xa520ded057a32086c40e7dd6ed4eb8efb82c00e0,3360.9281,19837.95,95,48,0,47,48,1.0261285438056251,2.7496257825195944,100.0,0.9791664626736536,Extreme Greed,77
2024-11-08,0x2c229d22b100a7beb69122eed721cee9b24011dd,-710.786946,30058.81,15,0,10,0,0,2.3521874250339208,5.488636478399444,0.0,0.0,Extreme Greed,75
2024-11-08,0x4f93fead39b70a1824f981a54d4e55b278e9f760,646.3734049999999,240641.63,24,6,0,0,0,10.769128104373111,50.0,100.0,0.0,Extreme Greed,75
2024-11-09,0x4f93fead39b70a1824f981a54d4e55b278e9f760,0.0,150000.41,9,0,0,0,0,16.532901694613248,50.0,,0.0,Extreme Greed,75
2024-11-09,0x8477e447846c758f5a675856001ea72298fd9cb5,102.90894,43384.0,77,19,25,0,0,1.1294606494708008,2.7445762066620114,43.18181818181818,0.0,Extreme Greed,75
2024-11-10,0x3f9a0aadc7f04a7c9d75dc1b5a6ddd6e36486cf6,0.0,9836.88,1,0,0,0,0,10.798276469986403,10.798276469986403,,0.0,Extreme Greed,78
2024-11-10,0x4f93fead39b70a1824f981a54d4e55b278e9f760,548.36595,180546.95,8,6,0,0,0,23.428607669471436,50.0,100.0,0.0,Extreme Greed,78
2024-11-10,0x8477e447846c758f5a675856001ea72298fd9cb5,442.748384,223252.87,164,45,0,0,0,1.6911240927751539,10.976932659295441,100.0,0.0,Extreme Greed,78
2024-11-11,0x083384f897ee0f19899168e3b1bec365f52a9012,0.0,900880.13,177,0,0,0,0,5.487491984775118,50.0,,0.0,Extreme Greed,76
2024-11-11,0x3f9a0aadc7f04a7c9d75dc1b5a6ddd6e36486cf6,393.07947,10229.96,4,4,0,0,0,3.2619066803253998,7.0963775220984715,100.0,0.0,Extreme Greed,76
2024-11-11,0x4f93fead39b70a1824f981a54d4e55b278e9f760,1479.677222,331422.14,20,9,0,0,0,16.685239979994883,50.0,100.0,0.0,Extreme Greed,76
2024-11-11,0x8477e447846c758f5a675856001ea72298fd9cb5,4876.874304,328040.19,172,79,4,0,0,2.3165413908933625,32.70907768838317,95.18072289156626,0.0,Extreme Greed,76
2024-11-12,0x39cef799f8b69da1995852eea189df24eb5cae3c,0.0,10390.6,2,0,0,0,0,5.703056837586752,9.199558798798101,,0.0,Extreme Greed,80
2024-11-12,0x3f9a0aadc7f04a7c9d75dc1b5a6ddd6e36486cf6,0.0,5276.5599999999995,4,0,0,0,0,1.7736923903769997,4.01726691487161,,0.0,Extreme Greed,80
2024-11-12,0x4f93fead39b70a1824f981a54d4e55b278e9f760,2053.119744,1062217.74,74,12,0,0,0,14.756390445927137,50.0,100.0,0.0,Extreme Greed,80
2024-11-12,0x8477e447846c758f5a675856001ea72298fd9cb5,1441.27965,148469.62,91,22,8,0,0,1.982513403246257,13.210261265054855,73.33333333333333,0.0,Extreme Greed,80
2024-11-13,0x2c229d22b100a7beb69122eed721cee9b24011dd,-17.60528,5828.41,10,2,5,0,0,1.020868711466796,1.0701148976099686,28.57142857142857,0.0,Extreme Greed,84
2024-11-13,0x3f9a0aadc7f04a7c9d75dc1b5a6ddd6e36486cf6,135.09947,14880.86,8,7,0,0,0,2.041903027067041,5.197352792788672,100.0,0.0,Extreme Greed,84
2024-11-13,0x4f93fead39b70a1824f981a54d4e55b278e9f760,7680.907897,487811.82,25,16,0,0,0,18.557442016598596,50.0,100.0,0.0,Extreme Greed,84
2024-11-13,0x8477e447846c758f5a675856001ea72298fd9cb5,48.000187,6615.24,4,2,0,0,0,1.815443271527986,2.439406187442887,100.0,0.0,Extreme Greed,84
2024-11-13,0xa520ded057a32086c40e7dd6ed4eb8efb82c00e0,0.0,200.04,1,0,0,0,0,1.0,1.0,,0.0,Extreme Greed,84
2024-11-14,0x2c229d22b100a7beb69122eed721cee9b24011dd,2215.402997,125931.12,69,14,0,0,0,2.5157874591457627,14.16990022477197,100.0,0.0,Extreme Greed,88
2024-11-14,0x4f93fead39b70a1824f981a54d4e55b278e9f760,2348.106228,882430.6900000001,41,14,0,0,0,21.58787450222184,50.0,100.0,0.0,Extreme Greed,88
2024-11-15,0x2c229d22b100a7beb69122eed721cee9b24011dd,2137.203852,33798.76,33,22,0,0,0,1.5370791552750154,9.470589294284439,100.0,0.0,Extreme Greed,80
2024-11-15,0x3f9a0aadc7f04a7c9d75dc1b5a6ddd6e36486cf6,0.0,32576.25,35,0,0,0,0,1.6185875200955857,8.573016208260304,,0.0,Extreme Greed,80
2024-11-15,0x4f93fead39b70a1824f981a54d4e55b278e9f760,2003.536586,1360371.8,79,33,0,0,0,17.82027218342174,50.0,100.0,0.0,Extreme Greed,80
2024-11-15,0x8477e447846c758f5a675856001ea72298fd9cb5,0.0,1111.6100000000001,2,0,0,0,0,1.0,1.0,,0.0,Extreme Greed,80
2024-11-16,0x28736f43f1e871e6aa8b1148d38d4994275d72c4,159.100072,34754.56,93,16,10,16,0,1.1090567403157334,2.783117643261952,61.53846153846154,1599999.9999999998,Extreme Greed,86
2024-11-16,0x2c229d22b100a7beb69122eed721cee9b24011dd,1484.528402,28431.43,22,13,0,0,0,1.6818760423731647,3.5495115303771456,100.0,0.0,Extreme Greed,86
2024-11-16,0x4f93fead39b70a1824f981a54d4e55b278e9f760,255.14686999999998,219874.16999999998,12,7,0,0,0,20.277104732740558,49.770661437355116,100.0,0.0,Extreme Greed,86
2024-11-16,0x8477e447846c758f5a675856001ea72298fd9cb5,870.746565,20235.91,30,12,0,0,0,1.0715352627982226,1.7274928328954817,100.0,0.0,Extreme Greed,86
2024-11-17,0x083384f897ee0f19899168e3b1bec365f52a9012,0.0,542413.1799999999,68,0,0,0,0,7.650959601507615,50.0,,0.0,Extreme Greed,90
2024-11-17,0x28736f43f1e871e6aa8b1148d38d4994275d72c4,161.289904,33584.67,95,34,10,2,0,1.0718850547368242,2.560683826735437,77.27272727272727,199999.99999999997,Extreme Greed,90
2024-11-17,0x4f93fead39b70a1824f981a54d4e55b278e9f760,546.624374,620398.38,26,8,0,0,0,24.796466425032335,50.0,100.0,0.0,Extreme Greed,90
2024-11-17,0x8477e447846c758f5a675856001ea72298fd9cb5,175.061007,19591.34,20,7,3,0,0,1.431629621075436,5.232074115478963,70.0,0.0,Extreme Greed,90
2024-11-18,0x083384f897ee0f19899168e3b1bec365f52a9012,0.0,949380.0,40,0,0,0,0,9.105376360256932,50.0,,0.0,Extreme Greed,83
2024-11-18,0x28736f43f1e871e6aa8b1148d38d4994275d72c4,147.410285,108044.6,162,67,26,1,0,1.2380259526949113,5.5045865517061126,72.04301075268818,99999.99999999999,Extreme Greed,83
2024-11-18,0x2c229d22b100a7beb69122eed721cee9b24011dd,-8.138354999999999,5907.95,15,4,4,0,0,1.0,1.0,50.0,0.0,Extreme Greed,83
2024-11-18,0x3998f134d6aaa2b6a5f723806d00fd2bbbbce891,48.185146,696.74,6,2,2,1,5,1.0,1.0,50.0,0.19999960000080003,Extreme Greed,83
2024-11-18,0x4f93fead39b70a1824f981a54d4e55b278e9f760,3158.176614,942106.09,35,15,0,0,0,25.29659907615969,50.0,100.0,0.0,Extreme Greed,83
2024-11-18,0x8477e447846c758f5a675856001ea72298fd9cb5,431.960709,76527.12,79,27,0,0,0,1.3616647461696596,5.485562823529611,100.0,0.0,Extreme Greed,83
2024-11-18,0xa520ded057a32086c40e7dd6ed4eb8efb82c00e0,693.220788,1677.08,9,9,0,0,9,1.011304512305865,1.101740610752785,100.0,0.0,Extreme Greed,83
2024-11-19,0x28736f43f1e871e6aa8b1148d38d4994275d72c4,233.36546,190840.29,213,104,15,2,2,1.4923889183036894,7.983708751002769,87.39495798319328,0.9999950000249999,Extreme Greed,90
2024-11-19,0x3998f134d6aaa2b6a5f723806d00fd2bbbbce891,0.0,0.01,1,0,0,0,0,1.0,1.0,,0.0,Extreme Greed,90
2024-11-19,0x3f9a0aadc7f04a7c9d75dc1b5a6ddd6e36486cf6,245.44495999999998,32821.74,5,5,0,0,0,7.282925891107423,29.970714655493744,100.0,0.0,Extreme Greed,90
2024-11-19,0x4f93fead39b70a1824f981a54d4e55b278e9f760,1573.210981,319742.28,30,15,0,0,0,11.914596567430044,36.58927057339905,100.0,0.0,Extreme Greed,90
2024-11-19,0x8477e447846c758f5a675856001ea72298fd9cb5,906.2475900000001,84626.83,56,26,2,0,0,1.964752235503685,8.19343080917476,92.85714285714286,0.0,Extreme Greed,90
2024-11-20,0x28736f43f1e871e6aa8b1148d38d4994275d72c4,-316.245208,874868.16,407,141,77,0,2,2.6051765334470858,16.46865376990354,64.6788990825688,0.0,Extreme Greed,83
2024-11-20,0x2c229d22b100a7beb69122eed721cee9b24011dd,2626.800865,199721.22999999998,76,48,2,0,0,3.116904903036469,31.00083910777942,96.0,0.0,Extreme Greed,83
2024-11-20,0x39cef799f8b69da1995852eea189df24eb5cae3c,-808.158708,21764.32,2,0,1,0,0,11.945715742250313,13.372495355487928,0.0,0.0,Extreme Greed,83
2024-11-20,0x4f93fead39b70a1824f981a54d4e55b278e9f760,2259.775633,838287.08,33,16,0,0,0,25.33318610393446,50.0,100.0,0.0,Extreme Greed,83
2024-11-20,0x8477e447846c758f5a675856001ea72298fd9cb5,447.920315,64873.33,32,14,0,0,0,2.3561346062143125,10.81166882334782,100.0,0.0,Extreme Greed,83
2024-11-21,0x28736f43f1e871e6aa8b1148d38d4994275d72c4,780.001314,325137.18,446,156,79,11,0,1.2571854721144802,12.792990661797395,66.38297872340425,1100000.0,Extreme Greed,82
2024-11-21,0x2c229d22b100a7beb69122eed721cee9b24011dd,-0.15074600000000027,33188.24,22,4,11,0,0,1.8574992528424004,11.853330458734192,26.666666666666668,0.0,Extreme Greed,82
2024-11-21,0x4f93fead39b70a1824f981a54d4e55b278e9f760,909.745283,160082.19,9,4,0,0,0,19.525293764564157,25.842576618531734,100.0,0.0,Extreme Greed,82
2024-11-21,0x8477e447846c758f5a675856001ea72298fd9cb5,0.0,79690.14,57,0,0,0,0,1.6967527483385432,2.439987986400391,,0.0,Extreme Greed,82
2024-11-21,0xa520ded057a32086c40e7dd6ed4eb8efb82c00e0,2.83504,202.87,1,1,0,0,0,1.0,1.0,100.0,0.0,Extreme Greed,82
2024-11-22,0x083384f897ee0f19899168e3b1bec365f52a9012,-21227.0,338240.0,12,0,12,0,0,26.586821675472663,50.0,0.0,0.0,Extreme Greed,94
2024-11-22,0x28736f43f1e871e6aa8b1148d38d4994275d72c4,141.21958999999998,182730.29,433,135,94,2,0,1.0817357741727942,3.843374890610814,58.951965065502186,199999.99999999997,Extreme Greed,94
2024-11-22,0x2c229d22b100a7beb69122eed721cee9b24011dd,-260.909686,403420.25,57,3,28,0,0,7.863467719147712,37.09718106330012,9.67741935483871,0.0,Extreme Greed,94
2024-11-22,0x3f9a0aadc7f04a7c9d75dc1b5a6ddd6e36486cf6,1050.894,65796.23,22,7,0,0,0,3.4049709342022663,7.411986990536207,100.0,0.0,Extreme Greed,94
2024-11-22,0x4f93fead39b70a1824f981a54d4e55b278e9f760,1825.01255,301850.83,18,12,0,0,0,17.68997314259888,50.0,100.0,0.0,Extreme Greed,94
2024-11-22,0x8477e447846c758f5a675856001ea72298fd9cb5,365.437929,354676.02,137,52,9,0,0,2.969480228904145,16.465799661810124,85.24590163934425,0.0,Extreme Greed,94
2024-11-23,0x28736f43f1e871e6aa8b1148d38d4994275d72c4,673.6312,52019.64,156,63,14,4,3,1.0275919042227524,1.8671904467293874,81.81818181818183,1.3333288889037036,Extreme Greed,93
2024-11-23,0x3f9a0aadc7f04a7c9d75dc1b5a6ddd6e36486cf6,788.45072,21638.73,7,7,0,0,0,3.42105433512987,8.782233308846537,100.0,0.0,Extreme Greed,93
2024-11-23,0x4f93fead39b70a1824f981a54d4e55b278e9f760,0.0,60006.729999999996,9,0,0,0,0,7.319046741557478,21.92113089422716,,0.0,Extreme Greed,93
2024-11-23,0x8477e447846c758f5a675856001ea72298fd9cb5,1439.449718,382580.58,191,58,7,0,0,2.4274539781736775,28.541048002146255,89.23076923076924,0.0,Extreme Greed,93
2024-11-24,0x28736f43f1e871e6aa8b1148d38d4994275d72c4,108.321127,13851.0,69,29,6,1,2,1.0201535540699895,2.195555582876929,82.85714285714286,0.49999750001249993,Extreme Greed,80
2024-11-24,0x4f93fead39b70a1824f981a54d4e55b278e9f760,445.338356,520442.5,33,5,0,0,0,15.875430489647707,50.0,100.0,0.0,Extreme Greed,80
2024-11-24,0x8477e447846c758f5a675856001ea72298fd9cb5,391.890903,130658.78,70,12,9,0,0,2.232792165165916,13.479293884875801,57.14285714285714,0.0,Extreme Greed,80
2024-11-25,0x28736f43f1e871e6aa8b1148d38d4994275d72c4,464.281002,72982.65,225,95,44,3,11,1.0653537008341458,3.561850059211761,68.34532374100719,0.2727270247936138,Extreme Greed,82
2024-11-25,0x4f93fead39b70a1824f981a54d4e55b278e9f760,5059.459732,864428.22,30,10,0,0,0,27.49937127657813,50.0,100.0,0.0,Extreme Greed,82
2024-11-26,0x083384f897ee0f19899168e3b1bec365f52a9012,1603.1,465700.0,27,12,0,0,0,12.106995422189497,50.0,100.0,0.0,Extreme Greed,79
2024-11-26,0x28736f43f1e871e6aa8b1148d38d4994275d72c4,-508.290641,219729.39,217,76,40,6,1,1.549605306191032,12.750727907337193,65.51724137931035,5.999940000599993,Extreme Greed,79
2024-11-26,0x3f9a0aadc7f04a7c9d75dc1b5a6ddd6e36486cf6,0.0,36446.43,36,0,0,0,0,1.4821199397700238,2.7445871840008325,,0.0,Extreme Greed,79
2024-11-26,0x4f93fead39b70a1824f981a54d4e55b278e9f760,0.0,425026.62,22,0,0,0,0,17.17167324462072,50.0,,0.0,Extreme Greed,79
2024-11-27,0x28736f43f1e871e6aa8b1148d38d4994275d72c4,193.66415899999998,187730.65,169,74,19,2,2,1.7385957212941843,13.77978755775725,79.56989247311827,0.9999950000249999,Extreme Greed,75
2024-11-27,0x4f93fead39b70a1824f981a54d4e55b278e9f760,-2848.159792,1256511.88,44,0,37,0,0,21.45977569744122,50.0,0.0,0.0,Extreme Greed,75
2024-11-28,0x083384f897ee0f19899168e3b1bec365f52a9012,-132271.0,1316799.98,82,0,82,0,0,15.306212539764326,50.0,0.0,0.0,Extreme Greed,77
2024-11-28,0x28736f43f1e871e6aa8b1148d38d4994275d72c4,165.532644,195837.9,207,78,37,5,0,1.4902427080704128,6.491998178639935,67.82608695652173,499999.99999999994,Extreme Greed,77
2024-11-28,0x3f9a0aadc7f04a7c9d75dc1b5a6ddd6e36486cf6,3855.7522,40302.17,25,25,0,0,0,1.8459582009283293,13.534498921805763,100.0,0.0,Extreme Greed,77
2024-11-28,0x4f93fead39b70a1824f981a54d4e55b278e9f760,1174.315571,338785.3,12,6,0,0,0,25.815119549806138,50.0,100.0,0.0,Extreme Greed,77
2024-11-28,0x8477e447846c758f5a675856001ea72298fd9cb5,0.0,2499.8,6,0,0,0,0,1.0,1.0,,0.0,Extreme Greed,77
2024-11-29,0x271b280974205ca63b716753467d5a371de622ab,1584.342755,1584.35,1,1,0,0,1,1.7391946760784882,1.7391946760784882,100.0,0.0,Extreme Greed,78
2024-11-29,0x28736f43f1e871e6aa8b1148d38d4994275d72c4,9551.73423,80123.45,206,92,16,38,56,1.1122128704910998,3.9157814174730206,85.18518518518519,0.6785713073979808,Extreme Greed,78
2024-11-29,0x2c229d22b100a7beb69122eed721cee9b24011dd,31.04129,5253.17,10,9,0,0,0,1.1866260007490932,2.8662600074909323,100.0,0.0,Extreme Greed,78
2024-11-29,0x3998f134d6aaa2b6a5f723806d00fd2bbbbce891,17511.326788,101790.11,56,36,1,17,39,2.5219629028048205,35.25703877942526,97.2972972972973,0.4358973241288912,Extreme Greed,78
2024-11-29,0x3f9a0aadc7f04a7c9d75dc1b5a6ddd6e36486cf6,0.0,133251.1,10,0,0,10,0,14.90783320943575,45.93554150553757,,999999.9999999999,Extreme Greed,78
2024-11-29,0x430f09841d65beb3f27765503d0f850b8bce7713,124284.948775,124285.34,15,15,0,0,15,9.38443588992626,32.93201646249544,100.0,0.0,Extreme Greed,78
2024-11-29,0x4f93fead39b70a1824f981a54d4e55b278e9f760,610.52512,180586.6,7,1,0,0,0,25.95937550358539,50.0,100.0,0.0,Extreme Greed,78
2024-11-29,0x72c6a4624e1dffa724e6d00d64ceae698af892a0,573.585288,573.59,1,1,0,0,1,1.0,1.0,100.0,0.0,Extreme Greed,78
2024-11-29,0x8381e6d82f1affd39a336e143e081ef7620a3b7f,0.0,2004.8999999999999,3,0,0,3,0,1.0,1.0,,300000.0,Extreme Greed,78
2024-11-29,0x8477e447846c758f5a675856001ea72298fd9cb5,22697.489906,43800.81,63,37,0,5,33,1.2066533866654963,2.7440492943986112,100.0,0.15151510560148312,Extreme Greed,78
2024-11-29,0xa520ded057a32086c40e7dd6ed4eb8efb82c00e0,0.0,121009.49,21,0,0,21,0,6.031012989453659,50.0,,2100000.0,Extreme Greed,78
2024-11-30,0x083384f897ee0f19899168e3b1bec365f52a9012,0.0,1116918.77,23,0,0,0,0,30.290726991349857,50.0,,0.0,Extreme Greed,84
2024-11-30,0x23e7a7f8d14b550961925fbfdaa92f5d195ba5bd,11715.94323,135847.3,55,46,0,8,46,3.0327335940777265,25.74878623564655,100.0,0.17391300567108572,Extreme Greed,84
2024-11-30,0x28736f43f1e871e6aa8b1148d38d4994275d72c4,5590.528248,48590.47,154,71,16,18,47,1.0875172272225249,2.6781413521183373,81.60919540229885,0.38297864191943787,Extreme Greed,84
2024-11-30,0x2c229d22b100a7beb69122eed721cee9b24011dd,59.744873999999996,41658.18,6,2,0,0,0,7.975326235532407,21.954370276176643,100.0,0.0,Extreme Greed,84
2024-11-30,0x3998f134d6aaa2b6a5f723806d00fd2bbbbce891,19050.661786,99705.14,39,27,0,7,27,3.305725382492983,36.206622496782494,100.0,0.25925916323734693,Extreme Greed,84
2024-11-30,0x47add9a56df66b524d5e2c1993a43cde53b6ed85,8.570313,1996.67,8,1,0,7,1,1.0,1.0,100.0,6.999930000699993,Extreme Greed,84
2024-11-30,0x4f93fead39b70a1824f981a54d4e55b278e9f760,850.54514,239121.3,12,5,0,0,0,21.956648769213427,48.12800147886703,100.0,0.0,Extreme Greed,84
2024-11-30,0x8477e447846c758f5a675856001ea72298fd9cb5,40.699929,48355.87,76,5,0,0,0,1.145555381818305,5.288980639926155,100.0,0.0,Extreme Greed,84
2024-12-01,0x23e7a7f8d14b550961925fbfdaa92f5d195ba5bd,0.0,0.06,1,0,0,0,0,1.0,1.0,,0.0,Extreme Greed,81
2024-12-01,0x28736f43f1e871e6aa8b1148d38d4994275d72c4,4458.25495,47695.56,193,97,11,34,67,1.0350594452018376,1.63733594915999,89.81481481481481,0.5074626108264759,Extreme Greed,81
2024-12-01,0x3998f134d6aaa2b6a5f723806d00fd2bbbbce891,13.566929,34.1,3,2,0,1,2,1.0,1.0,100.0,0.49999750001249993,Extreme Greed,81
2024-12-01,0x39cef799f8b69da1995852eea189df24eb5cae3c,0.0,199.81,1,0,0,0,0,1.0,1.0,,0.0,Extreme Greed,81
2024-12-01,0x47add9a56df66b524d5e2c1993a43cde53b6ed85,197.422418,1434.8600000000001,4,2,0,2,2,1.0,1.0,100.0,0.9999950000249999,Extreme Greed,81
2024-12-01,0x4f93fead39b70a1824f981a54d4e55b278e9f760,337.835516,600205.84,27,16,0,0,0,19.108440950690873,50.0,100.0,0.0,Extreme Greed,81
2024-12-01,0x8381e6d82f1affd39a336e143e081ef7620a3b7f,0.0,2998.76,3,0,0,0,0,1.2209719277246147,1.3591811607789326,,0.0,Extreme Greed,81
2024-12-01,0x8477e447846c758f5a675856001ea72298fd9cb5,1169.432253,109899.26,123,55,0,0,0,1.2640791304842414,5.488856025175861,100.0,0.0,Extreme Greed,81
2024-12-01,0xa520ded057a32086c40e7dd6ed4eb8efb82c00e0,34709.852428,52243.57,61,49,0,12,49,1.3295528842079554,5.55047182797719,100.0,0.2448979092045083,Extreme Greed,81
2024-12-02,0x28736f43f1e871e6aa8b1148d38d4994275d72c4,1283.846047,19651.71,140,73,2,25,23,1.02142915479572,2.4611193636304924,97.33333333333334,1.0869560491495438,Extreme Greed,80
2024-12-02,0x2c229d22b100a7beb69122eed721cee9b24011dd,16196.864846,124483.23999999999,53,30,0,0,0,2.7671908087744477,12.330186057111126,100.0,0.0,Extreme Greed,80
2024-12-02,0x3998f134d6aaa2b6a5f723806d00fd2bbbbce891,0.0,0.0,1,0,0,0,0,1.0,1.0,,0.0,Extreme Greed,80
2024-12-02,0x3f9a0aadc7f04a7c9d75dc1b5a6ddd6e36486cf6,0.0,46692.72,1,0,0,1,0,50.0,50.0,,99999.99999999999,Extreme Greed,80
2024-12-02,0x4f93fead39b70a1824f981a54d4e55b278e9f760,754.7378,300751.24,17,6,0,0,0,17.10132042405175,50.0,100.0,0.0,Extreme Greed,80
2024-12-02,0x8381e6d82f1affd39a336e143e081ef7620a3b7f,0.0,2043.92,6,0,0,3,0,1.0,1.0,,300000.0,Extreme Greed,80
2024-12-02,0x8477e447846c758f5a675856001ea72298fd9cb5,254.15562,13343.43,8,1,0,0,0,1.8335569234295468,2.464445497293205,100.0,0.0,Extreme Greed,80
2024-12-02,0xae5eacaf9c6b9111fd53034a602c192a04e082ed,0.0,78277.3,44,0,0,44,0,2.267376877868401,16.28550784901678,,4400000.0,Extreme Greed,80
2024-12-03,0x28736f43f1e871e6aa8b1148d38d4994275d72c4,1190.358719,7205.03,78,37,0,7,16,1.0,1.0,100.0,0.4374997265626709,Extreme Greed,76
2024-12-03,0x2c229d22b100a7beb69122eed721cee9b24011dd,121.535562,99449.62,59,14,12,0,0,2.394325628251146,28.92045776381066,53.84615384615385,0.0,Extreme Greed,76
2024-12-03,0x39cef799f8b69da1995852eea189df24eb5cae3c,0.0,209.94,1,0,0,0,0,1.0,1.0,,0.0,Extreme Greed,76
2024-12-03,0x47add9a56df66b524d5e2c1993a43cde53b6ed85,30.727222,13860.79,42,1,0,19,1,1.0267174626815956,1.826025426151268,100.0,18.99981000189998,Extreme Greed,76
2024-12-03,0x4f93fead39b70a1824f981a54d4e55b278e9f760,1467.1002210000001,282371.72000000003,9,4,0,0,0,30.150373441748442,50.0,100.0,0.0,Extreme Greed,76
2024-12-03,0x8477e447846c758f5a675856001ea72298fd9cb5,-158.695661,16252.410000000002,6,0,4,0,0,3.1039953561465814,9.185870057288524,0.0,0.0,Extreme Greed,76
2024-12-03,0xa520ded057a32086c40e7dd6ed4eb8efb82c00e0,0.0,99999.98,34,0,0,34,0,3.1277794137599972,50.0,,3399999.9999999995,Extreme Greed,76
2024-12-03,0xae5eacaf9c6b9111fd53034a602c192a04e082ed,20925.513222,565317.04,145,105,0,0,58,4.471725946996467,44.62075270295008,100.0,0.0,Extreme Greed,76
2024-12-04,0x28736f43f1e871e6aa8b1148d38d4994275d72c4,9066.169646,18567.68,112,60,1,16,47,1.0061822490409413,1.3462608329868138,98.36065573770492,0.34042545948394476,Extreme Greed,78
2024-12-04,0x2c229d22b100a7beb69122eed721cee9b24011dd,7591.307059,126798.84999999999,37,25,0,0,0,4.075868898200226,27.100502806027315,100.0,0.0,Extreme Greed,78
2024-12-04,0x47add9a56df66b524d5e2c1993a43cde53b6ed85,910.584797,81173.16,102,14,14,10,1,1.301687189425793,8.234310418943538,50.0,9.99990000099999,Extreme Greed,78
2024-12-04,0x4f93fead39b70a1824f981a54d4e55b278e9f760,291.35271,261052.41999999998,13,3,0,0,0,21.011908318482103,50.0,100.0,0.0,Extreme Greed,78
2024-12-04,0x8381e6d82f1affd39a336e143e081ef7620a3b7f,33.26141600000001,6696.09,10,2,3,5,0,1.2005262975324251,2.4202177991840728,40.0,499999.99999999994,Extreme Greed,78
2024-12-04,0xae5eacaf9c6b9111fd53034a602c192a04e082ed,0.0,0.1,1,0,0,0,0,1.0,1.0,,0.0,Extreme Greed,78
2024-12-04,0xb1231a4a2dd02f2276fa3c5e2a2f3436e6bfed23,274999.139393,274999.35,44,44,0,0,44,7.266630109467211,27.443336074740714,100.0,0.0,Extreme Greed,78
2024-12-05,0x271b280974205ca63b716753467d5a371de622ab,208.81746,158123.95,4,3,0,0,0,33.08432703863451,50.0,100.0,0.0,Extreme Greed,84
2024-12-05,0x28736f43f1e871e6aa8b1148d38d4994275d72c4,14685.787664,25406.1,98,48,0,18,36,1.0865789657646012,5.488570614366519,100.0,0.49999986111114963,Extreme Greed,84
2024-12-05,0x2c229d22b100a7beb69122eed721cee9b24011dd,2069.92634,29373.46,33,30,0,0,0,1.5234485470906602,9.245301369664507,100.0,0.0,Extreme Greed,84
2024-12-05,0x39cef799f8b69da1995852eea189df24eb5cae3c,0.0,61428.49,6,0,0,3,0,11.38708218967757,47.06790889160047,,300000.0,Extreme Greed,84
2024-12-05,0x47add9a56df66b524d5e2c1993a43cde53b6ed85,3174.023699,170421.23,290,106,12,28,1,1.1337523204390882,3.219335133324167,89.83050847457628,27.99972000279997,Extreme Greed,84
2024-12-05,0x4f93fead39b70a1824f981a54d4e55b278e9f760,1435.68724,761409.11,19,2,0,0,0,27.29610555679591,50.0,100.0,0.0,Extreme Greed,84
2024-12-05,0x8381e6d82f1affd39a336e143e081ef7620a3b7f,0.0,588.53,2,0,0,2,0,1.0,1.0,,199999.99999999997,Extreme Greed,84
2024-12-05,0xb1231a4a2dd02f2276fa3c5e2a2f3436e6bfed23,49999.876084999996,49999.92,4,4,0,0,4,13.721651571362125,27.443325097401893,100.0,0.0,Extreme Greed,84
2024-12-06,0x083384f897ee0f19899168e3b1bec365f52a9012,-175611.00005600002,1212299.96,33,0,33,0,0,9.549106433309996,50.0,0.0,0.0,Greed,72
2024-12-06,0x23e7a7f8d14b550961925fbfdaa92f5d195ba5bd,0.0,48513.58,34,0,0,34,0,2.018319422117755,7.08038353943652,,3399999.9999999995,Greed,72
2024-12-06,0x28736f43f1e871e6aa8b1148d38d4994275d72c4,389.176232,8956.57,69,16,0,16,4,1.0040231533139494,1.2775975786625104,100.0,3.9999900000250004,Greed,72
2024-12-06,0x2c229d22b100a7beb69122eed721cee9b24011dd,-123.870122,20916.4,9,0,4,0,0,2.8389694649952393,8.954050616070198,0.0,0.0,Greed,72
2024-12-06,0x39cef799f8b69da1995852eea189df24eb5cae3c,0.0,33151.06,20,0,0,1,0,2.4221181960807363,17.485835939719458,,99999.99999999999,Greed,72
2024-12-06,0x420ab45e0bd8863569a5efbb9c05d91f40624641,0.0,480326.66,45,0,0,0,0,11.082545841000993,50.0,,0.0,Greed,72
2024-12-06,0x47add9a56df66b524d5e2c1993a43cde53b6ed85,514.886454,108996.49,108,32,6,23,0,1.5008635140627749,13.72131127385868,84.21052631578947,2300000.0,Greed,72
2024-12-06,0x4f93fead39b70a1824f981a54d4e55b278e9f760,7206.315268,1482566.5,59,21,0,0,0,15.336487362169356,50.0,100.0,0.0,Greed,72
2024-12-06,0x8381e6d82f1affd39a336e143e081ef7620a3b7f,0.0,292.11,1,0,0,1,0,1.0,1.0,,99999.99999999999,Greed,72
2024-12-06,0xb1231a4a2dd02f2276fa3c5e2a2f3436e6bfed23,74999.848329,74999.89,25,25,0,0,25,3.9839182864461877,27.443336074740714,100.0,0.0,Greed,72
2024-12-07,0x23e7a7f8d14b550961925fbfdaa92f5d195ba5bd,3515.031065,52028.630000000005,26,25,0,0,25,2.7944780067665644,37.78866559030195,100.0,0.0,Extreme Greed,75
2024-12-07,0x28736f43f1e871e6aa8b1148d38d4994275d72c4,4008.012049,13732.33,86,36,0,9,25,1.0227253225670587,2.3855952725431693,100.0,0.3599998560000576,Extreme Greed,75
2024-12-07,0x47add9a56df66b524d5e2c1993a43cde53b6ed85,1040.616939,104429.77,180,63,11,9,0,1.135412373002557,2.967635731501314,85.13513513513513,899999.9999999999,Extreme Greed,75
2024-12-07,0x4f93fead39b70a1824f981a54d4e55b278e9f760,2342.996384,198481.45,4,4,0,0,0,34.89428438508679,50.0,100.0,0.0,Extreme Greed,75
2024-12-07,0x8381e6d82f1affd39a336e143e081ef7620a3b7f,0.0,3063.8900000000003,3,0,0,3,0,1.1379421178096778,1.4138263534290334,,300000.0,Extreme Greed,75
2024-12-07,0xb1231a4a2dd02f2276fa3c5e2a2f3436e6bfed23,74999.62263,79997.34999999999,5,3,0,0,3,17.67141610744441,27.443259233368963,100.0,0.0,Extreme Greed,75
2024-12-08,0x28736f43f1e871e6aa8b1148d38d4994275d72c4,554.009942,7922.52,102,43,0,10,22,1.0,1.0,100.0,0.4545452479339782,Extreme Greed,79
2024-12-08,0x47add9a56df66b524d5e2c1993a43cde53b6ed85,227.072158,29213.01,69,25,2,8,2,1.0659438079507635,2.8610677262286788,92.5925925925926,3.9999800000999994,Extreme Greed,79
2024-12-08,0x4f93fead39b70a1824f981a54d4e55b278e9f760,0.0,59993.63,7,0,0,0,0,9.907608192808226,33.195747027665924,,0.0,Extreme Greed,79
2024-12-08,0x8381e6d82f1affd39a336e143e081ef7620a3b7f,-21.54374,4923.79,5,0,2,1,0,1.4295448487959383,2.3987790564669886,0.0,99999.99999999999,Extreme Greed,79
2024-12-08,0xb1231a4a2dd02f2276fa3c5e2a2f3436e6bfed23,0.0,517950.24,145,0,0,0,0,4.047008092993832,10.979556243273622,,0.0,Extreme Greed,79
2024-12-08,0xbee1707d6b44d4d52bfe19e41f8a828645437aab,15206.395076,312936.53,92,84,0,8,77,4.317935819489934,35.14440030578471,100.0,0.10389609040310514,Extreme Greed,79
2024-12-09,0x23e7a7f8d14b550961925fbfdaa92f5d195ba5bd,0.0,52066.88,46,0,0,46,0,1.599497949977201,4.6717248780307825,,4600000.0,Extreme Greed,78
2024-12-09,0x28736f43f1e871e6aa8b1148d38d4994275d72c4,768.430838,18772.08,213,126,3,52,12,1.0,1.0,97.67441860465115,4.333329722225232,Extreme Greed,78
2024-12-09,0x39cef799f8b69da1995852eea189df24eb5cae3c,483.662076,4824.8,8,8,0,0,0,1.0335535533865303,1.1025639111643473,100.0,0.0,Extreme Greed,78
2024-12-09,0x47add9a56df66b524d5e2c1993a43cde53b6ed85,311.290605,21974.62,55,19,3,10,0,1.018180860159521,1.646600823124772,86.36363636363636,999999.9999999999,Extreme Greed,78
2024-12-09,0x4f93fead39b70a1824f981a54d4e55b278e9f760,2350.499742,359668.86,17,7,0,0,0,19.489166696778994,50.0,100.0,0.0,Extreme Greed,78
2024-12-09,0x513b8629fe877bb581bf244e326a047b249c4ff1,0.0,70653.29,42,0,0,42,0,2.096002734841919,10.06194951390147,,4200000.0,Extreme Greed,78
2024-12-09,0x75f7eeb85dc639d5e99c78f95393aa9a5f1170d4,0.01574,117.12,7,3,0,0,0,1.0,1.0,100.0,0.0,Extreme Greed,78
2024-12-09,0x8381e6d82f1affd39a336e143e081ef7620a3b7f,0.0,1763.8,4,0,0,4,0,1.0,1.0,,399999.99999999994,Extreme Greed,78
2024-12-09,0xaf40fdc468c30116bd3307bcbf4a451a7ebf1deb,0.0,7875.4800000000005,4,0,0,0,0,2.6855490799014126,7.742196319605649,,0.0,Extreme Greed,78
2024-12-09,0xbee1707d6b44d4d52bfe19e41f8a828645437aab,2397.068675,446232.75,143,9,0,121,1,3.8854963306410273,34.46478228204818,100.0,120.99879001209987,Extreme Greed,78
2024-12-10,0x23e7a7f8d14b550961925fbfdaa92f5d195ba5bd,2517.787385,54584.72,64,63,0,0,63,1.3881489720380824,4.658244705958801,100.0,0.0,Extreme Greed,78
2024-12-10,0x28736f43f1e871e6aa8b1148d38d4994275d72c4,980.557461,18780.69,157,106,4,17,10,1.0117686497288445,2.525918594689863,96.36363636363636,1.6999983000017,Extreme Greed,78
2024-12-10,0x2c229d22b100a7beb69122eed721cee9b24011dd,130.883691,19024.84,12,7,0,0,0,1.9115489947172633,3.090988087831001,100.0,0.0,Extreme Greed,78
2024-12-10,0x39cef799f8b69da1995852eea189df24eb5cae3c,0.0,67566.11,3,0,0,1,0,24.72320274251975,46.01056063903913,,99999.99999999999,Extreme Greed,78
2024-12-10,0x47add9a56df66b524d5e2c1993a43cde53b6ed85,1474.670598,93195.85,182,67,9,41,8,1.111332638365652,4.439806640763068,88.1578947368421,5.124993593758008,Extreme Greed,78
2024-12-10,0x4f93fead39b70a1824f981a54d4e55b278e9f760,3986.312514,700941.13,36,12,0,0,0,19.05981887342156,50.0,100.0,0.0,Extreme Greed,78
2024-12-10,0x75f7eeb85dc639d5e99c78f95393aa9a5f1170d4,3634.56814,214389.55000000002,153,147,0,0,0,2.1674260990555374,31.491482243715325,100.0,0.0,Extreme Greed,78
2024-12-10,0x8381e6d82f1affd39a336e143e081ef7620a3b7f,0.0,587.97,1,0,0,1,0,1.0,1.0,,99999.99999999999,Extreme Greed,78
2024-12-10,0xa520ded057a32086c40e7dd6ed4eb8efb82c00e0,0.0,109744.79000000001,8,0,0,8,0,10.706292243544112,50.0,,799999.9999999999,Extreme Greed,78
2024-12-10,0xbd5fead7180a9c139fa51a103cb6a2ce86ddb5c3,0.0,145530.36,52,0,0,0,0,3.2931678613782966,31.49257997759741,,0.0,Extreme Greed,78
2024-12-10,0xbee1707d6b44d4d52bfe19e41f8a828645437aab,26600.990442,1726078.07,928,535,173,220,708,2.363460119880714,50.0,75.56497175141243,0.3107344588879314,Extreme Greed,78
2024-12-11,0x28736f43f1e871e6aa8b1148d38d4994275d72c4,1582.001112,11570.32,93,32,8,1,20,1.0012622145498258,1.0969435136880814,80.0,0.0499999750000125,Greed,74
2024-12-11,0x2c229d22b100a7beb69122eed721cee9b24011dd,8544.6855,124463.01000000001,19,10,0,0,0,6.947031289644798,50.0,100.0,0.0,Greed,74
2024-12-11,0x39cef799f8b69da1995852eea189df24eb5cae3c,3721.345649,160050.2,4,4,0,0,0,43.923131843547395,49.39674034510112,100.0,0.0,Greed,74
2024-12-11,0x47add9a56df66b524d5e2c1993a43cde53b6ed85,1157.689489,99971.13,325,109,1,2,0,1.0276858401820386,2.649117268276058,99.0909090909091,199999.99999999997,Greed,74
2024-12-11,0x4f93fead39b70a1824f981a54d4e55b278e9f760,1083.777057,699939.4299999999,30,8,0,0,0,21.464984528538647,50.0,100.0,0.0,Greed,74
2024-12-11,0x6d6a4b953f202f8df5bed40692e7fd865318264a,698.009722,1093.3899999999999,8,8,0,0,8,1.0,1.0,100.0,0.0,Greed,74
2024-12-11,0x75f7eeb85dc639d5e99c78f95393aa9a5f1170d4,1567.4026840000001,161572.27,23,8,3,0,0,7.953549037595695,42.69831330993544,72.72727272727273,0.0,Greed,74
2024-12-11,0xa520ded057a32086c40e7dd6ed4eb8efb82c00e0,994.238977,2475.02,15,15,0,0,15,1.0065082739129982,1.097624108694973,100.0,0.0,Greed,74
2024-12-11,0xaf40fdc468c30116bd3307bcbf4a451a7ebf1deb,39.7705,7158.62,1,1,0,0,0,7.858259722958303,7.858259722958303,100.0,0.0,Greed,74
2024-12-11,0xb1231a4a2dd02f2276fa3c5e2a2f3436e6bfed23,274998.942584,274999.12,156,156,0,0,156,2.6182767895114174,27.44331412006307,100.0,0.0,Greed,74
2024-12-11,0xbd5fead7180a9c139fa51a103cb6a2ce86ddb5c3,0.0,10836.08,17,0,0,0,0,1.144381993000693,1.5817467053712977,,0.0,Greed,74
2024-12-11,0xbee1707d6b44d4d52bfe19e41f8a828645437aab,24663.690943,639969.74,530,519,0,11,519,1.987946040240669,46.76481358941849,100.0,0.021194604601260027,Greed,74
2024-12-12,0x28736f43f1e871e6aa8b1148d38d4994275d72c4,5806.86932,22071.36,147,82,5,8,66,1.0007720907525843,1.1134973406298958,94.25287356321839,0.12121210284665108,Extreme Greed,83
2024-12-12,0x2c229d22b100a7beb69122eed721cee9b24011dd,7639.595794,345079.69,62,39,0,0,0,5.873644590794477,50.0,100.0,0.0,Extreme Greed,83
2024-12-12,0x420ab45e0bd8863569a5efbb9c05d91f40624641,1762.46,67508.1,10,10,0,0,0,7.456696330363441,16.83039001606641,100.0,0.0,Extreme Greed,83
2024-12-12,0x47add9a56df66b524d5e2c1993a43cde53b6ed85,574.398074,72883.76,159,46,15,14,6,1.0689276659677593,2.4737213485968073,75.40983606557377,2.3333294444509263,Extreme Greed,83
2024-12-12,0x4f93fead39b70a1824f981a54d4e55b278e9f760,0.0,379879.42,31,0,0,0,0,11.396835316787365,50.0,,0.0,Extreme Greed,83
2024-12-12,0x513b8629fe877bb581bf244e326a047b249c4ff1,0.0,296563.81,89,0,0,89,0,3.747283652575146,50.0,,8900000.0,Extreme Greed,83
2024-12-12,0x6d6a4b953f202f8df5bed40692e7fd865318264a,362.84131,532.29,4,4,0,0,4,1.0,1.0,100.0,0.0,Extreme Greed,83
2024-12-12,0x72c6a4624e1dffa724e6d00d64ceae698af892a0,0.0,23755.55,17,0,0,0,0,2.04958755813437,7.855383660187245,,0.0,Extreme Greed,83
2024-12-12,0x75f7eeb85dc639d5e99c78f95393aa9a5f1170d4,323.34897900000016,185290.04,52,4,25,0,0,4.096010938090608,32.93241164669299,13.793103448275861,0.0,Extreme Greed,83
2024-12-12,0xa520ded057a32086c40e7dd6ed4eb8efb82c00e0,2512.437585,5497.650000000001,4,4,0,0,4,2.0730492500501647,5.292197000200659,100.0,0.0,Extreme Greed,83
2024-12-12,0xaf40fdc468c30116bd3307bcbf4a451a7ebf1deb,15.24474,771.87,1,1,0,0,0,1.0,1.0,100.0,0.0,Extreme Greed,83
2024-12-12,0xb1231a4a2dd02f2276fa3c5e2a2f3436e6bfed23,449328.107544,449328.49,314,314,0,0,314,2.2262464476667323,48.54561237962793,100.0,0.0,Extreme Greed,83
2024-12-12,0xbd5fead7180a9c139fa51a103cb6a2ce86ddb5c3,0.0,5158.5,1,0,0,0,0,5.6626602307260905,5.6626602307260905,,0.0,Extreme Greed,83
2024-12-12,0xbee1707d6b44d4d52bfe19e41f8a828645437aab,130826.491662,2702869.34,1041,848,20,150,844,3.3122087234586197,50.0,97.6958525345622,0.1777251163776645,Extreme Greed,83
2024-12-13,0x28736f43f1e871e6aa8b1148d38d4994275d72c4,1522.284412,13731.75,155,71,11,42,41,1.0,1.0,86.58536585365853,1.0243899940512209,Extreme Greed,76
2024-12-13,0x2c229d22b100a7beb69122eed721cee9b24011dd,1966.9289449999999,114903.4,63,49,0,0,0,2.197926207150243,29.506175631273784,100.0,0.0,Extreme Greed,76
2024-12-13,0x39cef799f8b69da1995852eea189df24eb5cae3c,1116.8006,76820.97,26,13,0,6,0,3.5438833643226384,9.049805942604314,100.0,600000.0,Extreme Greed,76
2024-12-13,0x47add9a56df66b524d5e2c1993a43cde53b6ed85,587.630504,84942.25,148,52,7,6,0,1.1220874197762725,3.544209475726684,88.13559322033898,600000.0,Extreme Greed,76
2024-12-13,0x4f93fead39b70a1824f981a54d4e55b278e9f760,6790.274613,1015080.35,49,27,0,0,0,17.507031128892216,50.0,100.0,0.0,Extreme Greed,76
2024-12-13,0x72c6a4624e1dffa724e6d00d64ceae698af892a0,0.0,88556.4,30,0,0,0,0,3.6248958140772474,25.940933574366387,,0.0,Extreme Greed,76
2024-12-13,0x75f7eeb85dc639d5e99c78f95393aa9a5f1170d4,8276.625256,117862.64,26,25,0,0,0,5.275101213597157,50.0,100.0,0.0,Extreme Greed,76
2024-12-13,0x8381e6d82f1affd39a336e143e081ef7620a3b7f,0.0,386.65,3,0,0,3,0,1.0,1.0,,300000.0,Extreme Greed,76
2024-12-13,0x92f17e8d81a944691c10e753af1b1baae1a2cd0d,0.0,399968.44,162,0,0,162,0,2.904793166364266,19.26086064970914,,16199999.999999998,Extreme Greed,76
2024-12-13,0xa0feb3725a9335f49874d7cd8eaad6be45b27416,2270.1241019999998,219938.41999999998,234,164,0,0,0,1.4300881625170645,9.734780907685398,100.0,0.0,Extreme Greed,76
2024-12-13,0xbee1707d6b44d4d52bfe19e41f8a828645437aab,9405.233313,748633.37,277,70,0,207,69,3.40286281038867,39.73323529837939,100.0,2.999999565217454,Extreme Greed,76
2024-12-14,0x28736f43f1e871e6aa8b1148d38d4994275d72c4,13281.73126,28880.56,154,119,3,16,91,1.0133941496532217,1.8483313786351983,97.54098360655738,0.17582415650283995,Extreme Greed,83
2024-12-14,0x3998f134d6aaa2b6a5f723806d00fd2bbbbce891,0.0,199999.87,36,0,0,36,0,3.2415856868381843,50.0,,3599999.9999999995,Extreme Greed,83
2024-12-14,0x39cef799f8b69da1995852eea189df24eb5cae3c,1898.178342,6591.46,1,1,0,0,1,7.235668974396006,7.235668974396006,100.0,0.0,Extreme Greed,83
2024-12-14,0x47add9a56df66b524d5e2c1993a43cde53b6ed85,1178.021061,30278.13,62,28,4,5,4,1.0506664243247967,2.0670438773014514,87.5,1.2499968750078125,Extreme Greed,83
2024-12-14,0x4acb90e786d897ecffb614dc822eb231b4ffb9f4,0.0,24979.8,1,0,0,1,0,27.42117282766145,27.42117282766145,,99999.99999999999,Extreme Greed,83
2024-12-14,0x4f93fead39b70a1824f981a54d4e55b278e9f760,570.1898180000001,199648.91,19,6,0,0,0,10.983227042265122,50.0,100.0,0.0,Extreme Greed,83
2024-12-14,0x6d6a4b953f202f8df5bed40692e7fd865318264a,39057.10912,53177.8,80,80,0,0,80,1.2591903158795104,12.8220806096726,100.0,0.0,Extreme Greed,83
2024-12-14,0x72c6a4624e1dffa724e6d00d64ceae698af892a0,0.0,87816.93,43,0,0,0,0,2.7068659231001955,12.008023117397354,,0.0,Extreme Greed,83
2024-12-14,0x75f7eeb85dc639d5e99c78f95393aa9a5f1170d4,-33.03286,60033.97,36,1,10,0,0,2.1412873276478503,18.747933515966952,9.090909090909092,0.0,Extreme Greed,83
2024-12-14,0xa0feb3725a9335f49874d7cd8eaad6be45b27416,10281.503571,1143657.42,683,296,0,0,0,2.1908247252926403,50.0,100.0,0.0,Extreme Greed,83
2024-12-14,0xb1231a4a2dd02f2276fa3c5e2a2f3436e6bfed23,100273.248286,100273.33,50,50,0,0,50,2.434900306004294,10.835786036737186,100.0,0.0,Extreme Greed,83
2024-12-14,0xbee1707d6b44d4d52bfe19e41f8a828645437aab,1294.450646,434223.6,70,4,0,66,4,6.598808312643135,50.0,100.0,16.499958750103126,Extreme Greed,83
2024-12-15,0x28736f43f1e871e6aa8b1148d38d4994275d72c4,5389.96219,17125.99,137,68,3,38,45,1.0,1.0,95.77464788732394,0.8444442567901651,Extreme Greed,80
2024-12-15,0x3998f134d6aaa2b6a5f723806d00fd2bbbbce891,346.827642,702.1700000000001,6,5,0,1,5,1.0,1.0,100.0,0.19999960000080003,Extreme Greed,80
2024-12-15,0x39cef799f8b69da1995852eea189df24eb5cae3c,6623.483154,55831.68,28,23,0,5,23,2.5914508140261256,15.160034231733357,100.0,0.21739120982990878,Extreme Greed,80
2024-12-15,0x47add9a56df66b524d5e2c1993a43cde53b6ed85,10303.889423,112668.17,181,73,0,71,56,1.240943853764826,8.233761552002496,100.0,1.267856916454122,Extreme Greed,80
2024-12-15,0x4f93fead39b70a1824f981a54d4e55b278e9f760,263.914304,300238.04,21,5,0,0,0,15.772755850874532,50.0,100.0,0.0,Extreme Greed,80
2024-12-15,0x513b8629fe877bb581bf244e326a047b249c4ff1,0.0,117435.62,28,0,0,28,0,4.735946559930964,12.414272472478698,,2800000.0,Extreme Greed,80
2024-12-15,0x6d6a4b953f202f8df5bed40692e7fd865318264a,18879.21027,24527.5,15,15,0,0,15,2.287365361109804,13.532314431380417,100.0,0.0,Extreme Greed,80
2024-12-15,0x72c6a4624e1dffa724e6d00d64ceae698af892a0,0.0,22500.0,8,0,0,0,0,3.2824634487549247,12.453790892233693,,0.0,Extreme Greed,80
2024-12-15,0x75f7eeb85dc639d5e99c78f95393aa9a5f1170d4,126.32543000000001,6576.3,14,13,0,0,0,1.18144148516996,3.540180792379439,100.0,0.0,Extreme Greed,80
2024-12-15,0x8381e6d82f1affd39a336e143e081ef7620a3b7f,0.0,3698.13,5,0,0,5,0,1.286552979491257,2.432764897456284,,499999.99999999994,Extreme Greed,80
2024-12-15,0x92f17e8d81a944691c10e753af1b1baae1a2cd0d,0.0,780642.45,413,0,0,413,0,2.430020851936177,38.16099496842693,,41300000.0,Extreme Greed,80
2024-12-15,0xa0feb3725a9335f49874d7cd8eaad6be45b27416,3932.676736,1006213.05,748,187,49,0,0,1.8416908423867266,48.37053480277448,79.23728813559322,0.0,Extreme Greed,80
2024-12-15,0xb1231a4a2dd02f2276fa3c5e2a2f3436e6bfed23,49955.768945,49955.77,26,26,0,0,26,2.34457711187026,5.4241226581494155,100.0,0.0,Extreme Greed,80
2024-12-15,0xbd5fead7180a9c139fa51a103cb6a2ce86ddb5c3,0.0,65108.89,58,0,0,0,0,1.7957450805131765,9.55096536913057,,0.0,Extreme Greed,80
2024-12-15,0xbee1707d6b44d4d52bfe19e41f8a828645437aab,1703.2571850000002,20046.050000000003,9,2,0,7,2,2.7977712196716222,10.910695396850544,100.0,3.4999825000874996,Extreme Greed,80
2024-12-16,0x28736f43f1e871e6aa8b1148d38d4994275d72c4,13190.248859,30184.81,230,154,2,46,114,1.0048348247464038,1.6660197354988235,98.71794871794873,0.40350873653432134,Extreme Greed,83
2024-12-16,0x3998f134d6aaa2b6a5f723806d00fd2bbbbce891,0.0,0.0,4,0,0,0,0,1.0,1.0,,0.0,Extreme Greed,83
2024-12-16,0x39cef799f8b69da1995852eea189df24eb5cae3c,6942.186825,82133.87,14,9,0,5,9,6.510091781216234,13.747667864367497,100.0,0.5555549382722909,Extreme Greed,83
2024-12-16,0x47add9a56df66b524d5e2c1993a43cde53b6ed85,333.398209,52876.26,92,27,5,11,5,1.1288644551993514,2.775718916896712,84.375,2.1999956000088003,Extreme Greed,83
2024-12-16,0x4f93fead39b70a1824f981a54d4e55b278e9f760,0.0,879655.69,27,0,0,0,0,22.69270377595897,50.0,,0.0,Extreme Greed,83
2024-12-16,0x6d6a4b953f202f8df5bed40692e7fd865318264a,12648.870412,16043.47,47,47,0,0,47,1.0043216801983934,1.1339042134978221,100.0,0.0,Extreme Greed,83
2024-12-16,0x72c6a4624e1dffa724e6d00d64ceae698af892a0,0.0,64034.549999999996,41,0,0,0,0,2.2051084915027723,20.022666009197227,,0.0,Extreme Greed,83
2024-12-16,0x75f7eeb85dc639d5e99c78f95393aa9a5f1170d4,758.93225,50820.630000000005,10,4,4,0,0,6.119470461957147,26.74213660288244,50.0,0.0,Extreme Greed,83
2024-12-16,0x92f17e8d81a944691c10e753af1b1baae1a2cd0d,55.987393,111.96000000000001,2,1,0,1,1,1.0,1.0,100.0,0.9999900000999989,Extreme Greed,83
2024-12-16,0xa0feb3725a9335f49874d7cd8eaad6be45b27416,3923.071266,557630.81,326,164,0,0,0,2.151456995782197,17.248385123686045,100.0,0.0,Extreme Greed,83
2024-12-16,0xa520ded057a32086c40e7dd6ed4eb8efb82c00e0,2069.35811,2499.82,13,13,0,0,13,1.0241689250993202,1.3141960262911638,100.0,0.0,Extreme Greed,83
2024-12-16,0xbd5fead7180a9c139fa51a103cb6a2ce86ddb5c3,0.0,2652.3199999999997,4,0,0,0,0,1.4361961940249017,2.7447847760996074,,0.0,Extreme Greed,83
2024-12-16,0xbee1707d6b44d4d52bfe19e41f8a828645437aab,126852.290809,1002164.78,245,116,0,129,116,4.660889853910971,50.0,100.0,1.1120688696492353,Extreme Greed,83
2024-12-17,0x28736f43f1e871e6aa8b1148d38d4994275d72c4,4454.939378,20394.48,181,78,1,79,57,1.0000113557840928,1.0020553969208112,98.73417721518987,1.3859646691290053,Extreme Greed,87
2024-12-17,0x2c229d22b100a7beb69122eed721cee9b24011dd,214.770101,15012.18,15,11,0,0,0,1.36049741688581,2.461284023712805,100.0,0.0,Extreme Greed,87
2024-12-17,0x420ab45e0bd8863569a5efbb9c05d91f40624641,27.63736,79521.26,20,11,0,1,0,4.589362080495503,15.34083100211246,100.0,99999.99999999999,Extreme Greed,87
2024-12-17,0x47add9a56df66b524d5e2c1993a43cde53b6ed85,21172.081622,129805.8,396,116,25,85,77,1.062376377146518,5.4884059542842065,82.26950354609929,1.103895960532992,Extreme Greed,87
2024-12-17,0x4f93fead39b70a1824f981a54d4e55b278e9f760,0.0,179998.07,12,0,0,0,0,13.079892815800102,50.0,,0.0,Extreme Greed,87
2024-12-17,0x6d6a4b953f202f8df5bed40692e7fd865318264a,2244.04603,2808.88,7,7,0,0,7,1.0274531325655425,1.1921719279587975,100.0,0.0,Extreme Greed,87
2024-12-17,0x72743ae2822edd658c0c50608fd7c5c501b2afbd,0.0,1811199.98,98,0,0,0,0,17.030156344815346,50.0,,0.0,Extreme Greed,87
2024-12-17,0x72c6a4624e1dffa724e6d00d64ceae698af892a0,0.0,44100.09,14,0,0,0,0,3.825912735927314,11.720394885613919,,0.0,Extreme Greed,87
2024-12-17,0x75f7eeb85dc639d5e99c78f95393aa9a5f1170d4,3146.294798,132567.97,67,64,0,0,0,2.638621038362795,32.93255435209766,100.0,0.0,Extreme Greed,87
2024-12-17,0x8170715b3b381dffb7062c0298972d4727a0a63b,0.0,29998.86,14,0,0,14,0,2.612079193909544,5.48844986363949,,1400000.0,Extreme Greed,87
2024-12-17,0x92f17e8d81a944691c10e753af1b1baae1a2cd0d,0.0,0.0,1,0,0,0,0,1.0,1.0,,0.0,Extreme Greed,87
2024-12-17,0xa0feb3725a9335f49874d7cd8eaad6be45b27416,9080.193597,1228954.26,599,260,0,0,0,2.4652711976918993,34.3142390574593,100.0,0.0,Extreme Greed,87
2024-12-17,0xa520ded057a32086c40e7dd6ed4eb8efb82c00e0,256.200336,299.74,1,1,0,0,1,1.0,1.0,100.0,0.0,Extreme Greed,87
2024-12-17,0xb1231a4a2dd02f2276fa3c5e2a2f3436e6bfed23,50346.757308,100346.89,38,30,0,0,30,3.161416509792788,25.405371167975645,100.0,0.0,Extreme Greed,87
2024-12-17,0xbd5fead7180a9c139fa51a103cb6a2ce86ddb5c3,0.0,3489.3,2,0,0,0,0,2.140656594153292,3.281313188306583,,0.0,Extreme Greed,87
2024-12-17,0xbee1707d6b44d4d52bfe19e41f8a828645437aab,128648.384642,1455099.87,476,269,0,207,269,3.42867840873426,50.0,100.0,0.7695167000179666,Extreme Greed,87
2024-12-18,0x23e7a7f8d14b550961925fbfdaa92f5d195ba5bd,1613.165903,112897.91,59,15,0,44,15,2.495663806041629,48.84677567017745,100.0,2.9333313777790817,Extreme Greed,81
2024-12-18,0x28736f43f1e871e6aa8b1148d38d4994275d72c4,3624.489655,23859.85,191,80,5,81,64,1.0001935253108432,1.0369633343710565,94.11764705882352,1.2656248022461245,Extreme Greed,81
2024-12-18,0x39cef799f8b69da1995852eea189df24eb5cae3c,136.054186,8151.69,12,3,0,9,3,1.2182429612937564,2.1870042359355013,100.0,2.9999900000333333,Extreme Greed,81
2024-12-18,0x420ab45e0bd8863569a5efbb9c05d91f40624641,0.0,135586.94,44,0,0,0,0,3.7340190005360494,32.93377283670677,,0.0,Extreme Greed,81
2024-12-18,0x47add9a56df66b524d5e2c1993a43cde53b6ed85,3311.822419,86052.91,226,47,36,78,43,1.0527119084234877,2.7440492943986112,56.62650602409639,1.8139530665225425,Extreme Greed,81
2024-12-18,0x4f93fead39b70a1824f981a54d4e55b278e9f760,-4627.220257,1746481.42,62,5,35,0,0,21.802146336028457,50.0,12.5,0.0,Extreme Greed,81
2024-12-18,0x72c6a4624e1dffa724e6d00d64ceae698af892a0,0.0,99399.99,31,0,0,0,0,3.7711846810627647,17.18406889553479,,0.0,Extreme Greed,81
2024-12-18,0x75f7eeb85dc639d5e99c78f95393aa9a5f1170d4,2507.193252,171689.47,115,109,1,2,12,2.3697367101511175,36.227545304575,99.0909090909091,0.16666652777789354,Extreme Greed,81
2024-12-18,0x8170715b3b381dffb7062c0298972d4727a0a63b,0.0,4999.94,1,0,0,1,0,5.488603546382981,5.488603546382981,,99999.99999999999,Extreme Greed,81
2024-12-18,0xa0feb3725a9335f49874d7cd8eaad6be45b27416,2755.818564,551560.22,314,154,0,0,0,2.111434182660617,18.832645639647314,100.0,0.0,Extreme Greed,81
2024-12-18,0xb1231a4a2dd02f2276fa3c5e2a2f3436e6bfed23,2222.47801,47777.47,18,18,0,0,0,3.059741580759229,16.682250828679287,100.0,0.0,Extreme Greed,81
2024-12-18,0xbd5fead7180a9c139fa51a103cb6a2ce86ddb5c3,0.0,30910.02,14,0,0,0,0,2.820562380986042,14.835653869577778,,0.0,Extreme Greed,81
2024-12-18,0xbee1707d6b44d4d52bfe19e41f8a828645437aab,2139.192941,779519.24,342,92,143,107,235,2.934257254471933,33.27251155804,39.148936170212764,0.4553191295608881,Extreme Greed,81
2024-12-19,0x23e7a7f8d14b550961925fbfdaa92f5d195ba5bd,0.0,0.11,1,0,0,0,0,1.0,1.0,,0.0,Extreme Greed,75
2024-12-19,0x28736f43f1e871e6aa8b1148d38d4994275d72c4,1525.329937,40188.99,204,80,14,88,20,1.028062432370445,3.405598618436041,85.1063829787234,4.3999978000011,Extreme Greed,75
2024-12-19,0x420ab45e0bd8863569a5efbb9c05d91f40624641,2229.5212300000003,19948.06,4,4,0,0,0,5.703514482842193,10.38778986212022,100.0,0.0,Extreme Greed,75
2024-12-19,0x47add9a56df66b524d5e2c1993a43cde53b6ed85,3491.018544,57751.18,135,63,1,33,29,1.0520965505574835,2.9420804867264176,98.4375,1.137930642092882,Extreme Greed,75
2024-12-19,0x4acb90e786d897ecffb614dc822eb231b4ffb9f4,7440.638159,453044.78,89,36,0,0,0,5.143648074391482,50.0,100.0,0.0,Extreme Greed,75
2024-12-19,0x4f93fead39b70a1824f981a54d4e55b278e9f760,1582.2032900000002,920856.42,53,6,0,0,0,15.365032678874874,50.0,100.0,0.0,Extreme Greed,75
2024-12-19,0x513b8629fe877bb581bf244e326a047b249c4ff1,0.0,242679.37,64,0,0,64,0,4.483202119372846,32.90290455994259,,6399999.999999999,Extreme Greed,75
2024-12-19,0x72c6a4624e1dffa724e6d00d64ceae698af892a0,0.0,24880.0,1,0,0,0,0,27.31161898622955,27.31161898622955,,0.0,Extreme Greed,75
2024-12-19,0x75f7eeb85dc639d5e99c78f95393aa9a5f1170d4,13027.2866,687924.26,235,205,9,6,9,3.6131626663266485,43.91103481616684,95.7943925233645,0.666665925926749,Extreme Greed,75
2024-12-19,0x8381e6d82f1affd39a336e143e081ef7620a3b7f,0.0,1399.11,1,0,0,1,0,1.5358504517613998,1.5358504517613998,,99999.99999999999,Extreme Greed,75
2024-12-19,0xa0feb3725a9335f49874d7cd8eaad6be45b27416,5687.811638,850779.2,439,189,0,0,0,2.4025584416990275,48.52792788678757,100.0,0.0,Extreme Greed,75
2024-12-19,0xbd5fead7180a9c139fa51a103cb6a2ce86ddb5c3,-128.0,224992.0,37,0,12,0,0,6.094098780835384,50.0,0.0,0.0,Extreme Greed,75
2024-12-19,0xbee1707d6b44d4d52bfe19e41f8a828645437aab,27888.195088,4717265.91,2076,1470,107,499,1577,2.8056484046651233,50.0,93.2149651236525,0.31642358708672425,Extreme Greed,75
2024-12-20,0x23e7a7f8d14b550961925fbfdaa92f5d195ba5bd,1245.51851,341740.77999999997,34,21,0,0,0,11.14797075626605,37.398695628691904,100.0,0.0,Greed,74
2024-12-20,0x28736f43f1e871e6aa8b1148d38d4994275d72c4,7812.716373,56183.31,194,111,10,31,100,1.0556585368253932,2.7983102801899835,91.73553719008265,0.3099999690000031,Greed,74
2024-12-20,0x2c229d22b100a7beb69122eed721cee9b24011dd,305.55784,28702.37,11,10,0,0,0,3.0351865622683123,15.586064751369841,100.0,0.0,Greed,74
2024-12-20,0x3998f134d6aaa2b6a5f723806d00fd2bbbbce891,22.80272,45.55,3,1,0,1,1,1.0,1.0,100.0,0.9999900000999989,Greed,74
2024-12-20,0x39cef799f8b69da1995852eea189df24eb5cae3c,1676.3027260000001,11350.75,4,3,0,0,1,3.5962291084776195,11.384916433910478,100.0,0.0,Greed,74
2024-12-20,0x47add9a56df66b524d5e2c1993a43cde53b6ed85,6049.6938279999995,91938.23,128,54,2,36,30,1.2595605417250837,4.538569758134092,96.42857142857143,1.1999996000001334,Greed,74
2024-12-20,0x4acb90e786d897ecffb614dc822eb231b4ffb9f4,53635.529649,2291660.29,238,99,9,0,9,8.807275500478914,50.0,91.66666666666666,0.0,Greed,74
2024-12-20,0x4f93fead39b70a1824f981a54d4e55b278e9f760,0.0,222287.61,6,0,0,0,0,30.797083233256576,50.0,,0.0,Greed,74
2024-12-20,0x72c6a4624e1dffa724e6d00d64ceae698af892a0,0.0,115392.0,28,0,0,0,0,4.886095306008369,25.81650543883226,,0.0,Greed,74
2024-12-20,0x75f7eeb85dc639d5e99c78f95393aa9a5f1170d4,3509.273443,228247.86000000002,219,197,7,0,2,1.7365976482377867,32.93428877163135,96.56862745098039,0.0,Greed,74
2024-12-20,0xa0feb3725a9335f49874d7cd8eaad6be45b27416,5930.482942,276288.18,243,163,0,0,0,1.4824173253652693,9.87947321068278,100.0,0.0,Greed,74
2024-12-20,0xa520ded057a32086c40e7dd6ed4eb8efb82c00e0,23353.625678,57160.03,12,11,0,1,11,5.618463927805988,33.104426546015425,100.0,0.09090900826453795,Greed,74
2024-12-20,0xb1231a4a2dd02f2276fa3c5e2a2f3436e6bfed23,0.0,99833.96,43,0,0,0,0,2.747468199338708,39.2040287711659,,0.0,Greed,74
2024-12-20,0xbd5fead7180a9c139fa51a103cb6a2ce86ddb5c3,11799.68,187640.55,66,41,0,0,0,3.4081597513357287,17.56581683036804,100.0,0.0,Greed,74
2024-12-20,0xbee1707d6b44d4d52bfe19e41f8a828645437aab,139628.47633,3672803.24,1259,672,68,519,740,3.3817912582654386,50.0,90.81081081081082,0.7013513418736306,Greed,74
2024-12-21,0x28736f43f1e871e6aa8b1148d38d4994275d72c4,7465.899936,23041.15,107,54,1,21,52,1.008418334424344,1.701487517228931,98.18181818181819,0.40384607618344687,Greed,73
2024-12-21,0x47add9a56df66b524d5e2c1993a43cde53b6ed85,7454.276452,108787.48,229,86,9,34,53,1.1002851996992968,3.2638921515979233,90.52631578947368,0.6415093129227711,Greed,73
2024-12-21,0x4f93fead39b70a1824f981a54d4e55b278e9f760,1367.500173,1011186.0700000001,50,28,0,0,0,15.60461355595961,50.0,100.0,0.0,Greed,73
2024-12-21,0x6d6a4b953f202f8df5bed40692e7fd865318264a,27649.187167,33184.51,89,89,0,0,89,1.0,1.0,100.0,0.0,Greed,73
2024-12-21,0x75f7eeb85dc639d5e99c78f95393aa9a5f1170d4,24.404600000000002,12857.89,8,4,0,0,0,1.8587465130483216,2.895064544556795,100.0,0.0,Greed,73
2024-12-21,0xa0feb3725a9335f49874d7cd8eaad6be45b27416,2600.050242,540147.32,331,105,0,0,0,2.058813617852175,42.851600869229536,100.0,0.0,Greed,73
2024-12-21,0xb1231a4a2dd02f2276fa3c5e2a2f3436e6bfed23,0.0,99748.06999999999,62,0,0,0,0,2.0934409352386707,10.91260545380537,,0.0,Greed,73
2024-12-21,0xbee1707d6b44d4d52bfe19e41f8a828645437aab,103460.844587,2553922.63,805,558,0,220,526,3.70653303488026,50.0,100.0,0.4182509426188034,Greed,73
2024-12-22,0x28736f43f1e871e6aa8b1148d38d4994275d72c4,1174.025529,13811.95,79,41,1,18,20,1.0128745397834071,1.6457994773908513,97.61904761904762,0.899999550000225,Greed,73
2024-12-22,0x47add9a56df66b524d5e2c1993a43cde53b6ed85,1063.854341,45077.15,102,30,15,8,1,1.0497394672842972,2.163710322957696,66.66666666666666,7.9999200007999915,Greed,73
2024-12-22,0x4f93fead39b70a1824f981a54d4e55b278e9f760,0.0,130010.22,3,0,0,0,0,33.666666666666664,50.0,,0.0,Greed,73
2024-12-22,0x72743ae2822edd658c0c50608fd7c5c501b2afbd,327545.999992,1483649.99,104,104,0,0,0,14.408174066783479,50.0,100.0,0.0,Greed,73
2024-12-22,0x8381e6d82f1affd39a336e143e081ef7620a3b7f,0.0,2815.79,1,0,0,1,0,3.090988087831001,3.090988087831001,,99999.99999999999,Greed,73
2024-12-22,0x92f17e8d81a944691c10e753af1b1baae1a2cd0d,0.0,353629.35,86,0,0,6,0,4.2519069245839525,50.0,,600000.0,Greed,73
2024-12-22,0xa0feb3725a9335f49874d7cd8eaad6be45b27416,2718.982224,510449.04,291,81,0,0,0,2.1220727245482873,50.0,100.0,0.0,Greed,73
2024-12-22,0xbee1707d6b44d4d52bfe19e41f8a828645437aab,19694.301887,547876.73,108,81,0,27,81,5.906752666066272,19.319347910946533,100.0,0.33333329218107505,Greed,73
2024-12-23,0x28736f43f1e871e6aa8b1148d38d4994275d72c4,122.889996,20168.95,95,29,1,58,0,1.0380489816253444,2.524601314031363,96.66666666666667,5799999.999999999,Greed,70
2024-12-23,0x2c229d22b100a7beb69122eed721cee9b24011dd,6.476289999999996,221308.44,29,12,11,0,0,8.11355460448564,50.0,52.17391304347826,0.0,Greed,70
2024-12-23,0x420ab45e0bd8863569a5efbb9c05d91f40624641,12082.95,27187.5,2,2,0,0,0,14.922319959568245,21.254553949009793,100.0,0.0,Greed,70
2024-12-23,0x47add9a56df66b524d5e2c1993a43cde53b6ed85,4704.4420789999995,232631.06,486,193,37,68,73,1.100865889414339,5.488416931623028,83.91304347826087,0.9315067217114079,Greed,70
2024-12-23,0x4f93fead39b70a1824f981a54d4e55b278e9f760,0.0,339151.52,16,0,0,0,0,19.82700131157243,50.0,,0.0,Greed,70
2024-12-23,0x72c6a4624e1dffa724e6d00d64ceae698af892a0,0.0,119772.27,35,0,0,0,0,3.9450682925339056,30.445616287560572,,0.0,Greed,70
2024-12-23,0x75f7eeb85dc639d5e99c78f95393aa9a5f1170d4,657.693565,59343.64,51,50,0,0,0,1.840251291001769,32.932740966857615,100.0,0.0,Greed,70
2024-12-23,0x8381e6d82f1affd39a336e143e081ef7620a3b7f,0.0,17133.940000000002,6,0,0,6,0,3.320263567368729,6.463533939077517,,600000.0,Greed,70
2024-12-23,0x92f17e8d81a944691c10e753af1b1baae1a2cd0d,8639.369933,591455.58,60,54,0,6,0,6.910430894212551,50.0,100.0,600000.0,Greed,70
2024-12-23,0xa0feb3725a9335f49874d7cd8eaad6be45b27416,0.0,4210.68,3,0,0,0,0,1.54073536753667,1.602537785097953,,0.0,Greed,70
2024-12-23,0xaf40fdc468c30116bd3307bcbf4a451a7ebf1deb,0.0,960.4,3,0,0,0,0,1.0,1.0,,0.0,Greed,70
2024-12-23,0xb1231a4a2dd02f2276fa3c5e2a2f3436e6bfed23,20549.813184,229006.97,63,44,0,0,0,3.322410790599997,50.0,100.0,0.0,Greed,70
2024-12-23,0xbd5fead7180a9c139fa51a103cb6a2ce86ddb5c3,0.0,51465.4,16,0,0,0,0,3.679131809956793,11.789661893573367,,0.0,Greed,70
2024-12-23,0xbee1707d6b44d4d52bfe19e41f8a828645437aab,-76194.26162399999,4858081.91,1482,297,674,491,938,3.6496349483160397,50.0,30.587023686920702,0.5234541522019813,Greed,70
2024-12-24,0x28736f43f1e871e6aa8b1148d38d4994275d72c4,1555.956456,13556.33,48,15,1,5,8,1.0322197975720175,1.7124648560497628,93.75,0.6249992187509766,Greed,73
2024-12-24,0x2c229d22b100a7beb69122eed721cee9b24011dd,343.63336100000004,28930.35,11,6,0,0,0,2.908068220288761,5.814268257180599,100.0,0.0,Greed,73
2024-12-24,0x39cef799f8b69da1995852eea189df24eb5cae3c,14849.788861,337139.57,19,16,0,3,16,16.987251866211142,50.0,100.0,0.18749988281257324,Greed,73
2024-12-24,0x420ab45e0bd8863569a5efbb9c05d91f40624641,0.0,30187.510000000002,7,0,0,0,0,4.838366024998343,19.75942942427368,,0.0,Greed,73
2024-12-24,0x47add9a56df66b524d5e2c1993a43cde53b6ed85,1506.989241,47558.84,121,51,11,10,14,1.058290380397595,2.099558754888755,82.25806451612904,0.7142852040819971,Greed,73
2024-12-24,0x4f93fead39b70a1824f981a54d4e55b278e9f760,2081.2674110000003,936313.54,32,21,0,0,0,20.911589995077744,50.0,100.0,0.0,Greed,73
2024-12-24,0xa0feb3725a9335f49874d7cd8eaad6be45b27416,0.0,2994.6,1,0,0,0,0,3.2872738832862947,3.2872738832862947,,0.0,Greed,73
2024-12-24,0xaf40fdc468c30116bd3307bcbf4a451a7ebf1deb,3.43,963.83,1,1,0,0,0,1.0580288475682327,1.0580288475682327,100.0,0.0,Greed,73
2024-12-24,0xb1231a4a2dd02f2276fa3c5e2a2f3436e6bfed23,0.0,74999.87,7,0,0,0,0,11.836290116135839,32.769387187864815,,0.0,Greed,73
2024-12-24,0xbd5fead7180a9c139fa51a103cb6a2ce86ddb5c3,0.0,10700.0,10,0,0,0,0,1.4678936550542512,4.112187963655344,,0.0,Greed,73
2024-12-24,0xbee1707d6b44d4d52bfe19e41f8a828645437aab,-5527.285214,283691.67,81,4,45,21,29,4.256441633877079,26.49289612495545,8.16326530612245,0.724137681331834,Greed,73
2024-12-25,0x28736f43f1e871e6aa8b1148d38d4994275d72c4,1530.919365,18751.64,66,30,6,6,26,1.0768273074462666,2.87177063157899,83.33333333333334,0.23076914201186846,Greed,73
2024-12-25,0x47add9a56df66b524d5e2c1993a43cde53b6ed85,271.246809,42991.41,99,30,10,7,2,1.0465874533913833,2.799528764799096,75.0,3.4999825000874996,Greed,73
2024-12-25,0x4f93fead39b70a1824f981a54d4e55b278e9f760,0.0,69999.20999999999,3,0,0,0,0,19.5630878639372,50.0,,0.0,Greed,73
2024-12-25,0x72c6a4624e1dffa724e6d00d64ceae698af892a0,0.0,28677.0,1,0,0,0,0,31.47971453649939,31.47971453649939,,0.0,Greed,73
2024-12-25,0x7f4f299f74eec87806a830e3caa9afa5f2b9db8f,14.21524,6754.21,4,3,0,0,0,2.023715662335299,3.699363182620321,100.0,0.0,Greed,73
2024-12-25,0xbee1707d6b44d4d52bfe19e41f8a828645437aab,-1059.724367,180715.88,35,0,3,32,3,5.2709742287839205,50.0,0.0,10.666631111229629,Greed,73
2024-12-26,0x28736f43f1e871e6aa8b1148d38d4994275d72c4,101.860928,18806.8,84,28,3,41,0,1.0396304722478342,2.743511404796391,90.32258064516128,4099999.9999999995,Extreme Greed,79
2024-12-26,0x3f9a0aadc7f04a7c9d75dc1b5a6ddd6e36486cf6,29897.971695000004,73534.5,32,10,0,22,10,2.947862525516821,28.486194240058555,100.0,2.1999978000022002,Extreme Greed,79
2024-12-26,0x47add9a56df66b524d5e2c1993a43cde53b6ed85,9136.439892,140106.52,160,56,6,20,36,1.451782936626944,9.864807486018151,90.32258064516128,0.5555554012346107,Extreme Greed,79
2024-12-26,0x4f93fead39b70a1824f981a54d4e55b278e9f760,7617.597338,442414.11,21,8,0,0,0,18.119125809063835,50.0,100.0,0.0,Extreme Greed,79
2024-12-26,0x8381e6d82f1affd39a336e143e081ef7620a3b7f,0.0,3828.0,2,0,0,2,0,2.5498149440221556,4.099629888044311,,199999.99999999997,Extreme Greed,79
2024-12-26,0xb1231a4a2dd02f2276fa3c5e2a2f3436e6bfed23,10371.049075,114603.95999999999,61,61,0,0,0,2.3271760060221727,19.856765487597993,100.0,0.0,Extreme Greed,79
2024-12-26,0xbee1707d6b44d4d52bfe19e41f8a828645437aab,3103.720794,1411948.76,337,195,4,124,173,4.583287891168034,50.0,97.98994974874373,0.7167629643489616,Extreme Greed,79
2024-12-27,0x28736f43f1e871e6aa8b1148d38d4994275d72c4,388.366016,16192.710000000001,73,26,0,14,6,1.0087530653166035,1.152313210700357,100.0,2.3333294444509263,Greed,74
2024-12-27,0x47add9a56df66b524d5e2c1993a43cde53b6ed85,1473.2450880000001,50553.15,115,70,6,3,9,1.1063771561235498,7.847644636318559,92.10526315789474,0.3333329629633745,Greed,74
2024-12-27,0x4acb90e786d897ecffb614dc822eb231b4ffb9f4,357.346725,129430.5,18,9,0,0,0,7.927955920471561,27.441919998032827,100.0,0.0,Greed,74
2024-12-27,0x4f93fead39b70a1824f981a54d4e55b278e9f760,0.0,70037.56,18,0,0,0,0,4.675409507185297,27.432325803903417,,0.0,Greed,74
2024-12-27,0x72c6a4624e1dffa724e6d00d64ceae698af892a0,0.0,56700.01,6,0,0,0,0,10.919857888835258,31.01098216884987,,0.0,Greed,74
2024-12-27,0x8170715b3b381dffb7062c0298972d4727a0a63b,453.853206,24999.01,29,5,0,0,5,1.4088006854583455,4.959045744327234,100.0,0.0,Greed,74
2024-12-27,0xbee1707d6b44d4d52bfe19e41f8a828645437aab,0.0,0.06,1,0,0,0,0,1.0,1.0,,0.0,Greed,74
2024-12-28,0x28736f43f1e871e6aa8b1148d38d4994275d72c4,506.512551,10479.52,63,23,7,16,13,1.0015386116880836,1.0969325363492606,76.66666666666667,1.230768284024397,Greed,72
2024-12-28,0x3f9a0aadc7f04a7c9d75dc1b5a6ddd6e36486cf6,0.0,61546.78,10,0,0,10,0,6.7574189905326945,27.275821884334817,,999999.9999999999,Greed,72
2024-12-28,0x47add9a56df66b524d5e2c1993a43cde53b6ed85,74.156745,12309.66,43,10,0,0,0,1.0570667119021524,2.8075422221383026,100.0,0.0,Greed,72
2024-12-28,0x4f93fead39b70a1824f981a54d4e55b278e9f760,16.972942,110053.39,6,3,0,0,0,19.17838563449822,50.0,100.0,0.0,Greed,72
2024-12-28,0x72c6a4624e1dffa724e6d00d64ceae698af892a0,0.0,81819.74,34,0,0,0,0,3.1631866005798117,29.01017555399332,,0.0,Greed,72
2024-12-28,0x8170715b3b381dffb7062c0298972d4727a0a63b,343.092145,4999.89,1,1,0,0,1,5.4885486596888775,5.4885486596888775,100.0,0.0,Greed,72
2024-12-28,0xbaaaf6571ab7d571043ff1e313a9609a10637864,-0.06076,346.03,4,0,2,0,0,1.0,1.0,0.0,0.0,Greed,72
2024-12-29,0x28736f43f1e871e6aa8b1148d38d4994275d72c4,115.51218300000001,4793.72,34,17,0,1,12,1.0,1.0,100.0,0.08333326388894677,Greed,73
2024-12-29,0x47add9a56df66b524d5e2c1993a43cde53b6ed85,1609.679253,43522.47,92,39,0,9,4,1.1699051788927266,5.488614523721802,100.0,2.2499943750140625,Greed,73
2024-12-29,0x4f93fead39b70a1824f981a54d4e55b278e9f760,390.062046,79594.51,14,4,0,0,0,6.444830153281906,17.40786390207509,100.0,0.0,Greed,73
2024-12-29,0x72c6a4624e1dffa724e6d00d64ceae698af892a0,0.0,70087.78,14,0,0,0,0,5.990583983761561,31.944055968620578,,0.0,Greed,73
2024-12-29,0x7f4f299f74eec87806a830e3caa9afa5f2b9db8f,0.0,43278.42,4,0,0,4,0,11.8770469992566,38.375042098094326,,399999.99999999994,Greed,73
2024-12-29,0x8170715b3b381dffb7062c0298972d4727a0a63b,768.814445,7673.17,4,4,0,0,1,2.263907410098886,5.488614523721802,100.0,0.0,Greed,73
2024-12-29,0xbd5fead7180a9c139fa51a103cb6a2ce86ddb5c3,0.0,95678.47,39,0,0,0,0,2.8090875837504776,17.05301044735288,,0.0,Greed,73
2024-12-30,0x28736f43f1e871e6aa8b1148d38d4994275d72c4,255.808312,56954.43,125,42,1,60,1,1.2056599475107561,7.005902295537175,97.67441860465115,59.99940000599994,Greed,65
2024-12-30,0x2c229d22b100a7beb69122eed721cee9b24011dd,0.19908,68.42,2,1,0,0,0,1.0,1.0,100.0,0.0,Greed,65
2024-12-30,0x47add9a56df66b524d5e2c1993a43cde53b6ed85,240.749155,31326.61,59,30,1,3,0,1.1013425017456386,2.7442468864973866,96.7741935483871,300000.0,Greed,65
2024-12-30,0x4acb90e786d897ecffb614dc822eb231b4ffb9f4,2227.18659,248389.74,38,25,0,0,0,7.2451617841350835,38.400542456175124,100.0,0.0,Greed,65
2024-12-30,0x4f93fead39b70a1824f981a54d4e55b278e9f760,4235.298688000001,564189.77,22,9,0,0,0,18.690840257007032,50.0,100.0,0.0,Greed,65
2024-12-30,0x72c6a4624e1dffa724e6d00d64ceae698af892a0,0.0,35883.59,15,0,0,0,0,3.0039460752135025,11.412228052896706,,0.0,Greed,65
2024-12-30,0x7f4f299f74eec87806a830e3caa9afa5f2b9db8f,838.9844760000001,48828.85,12,7,0,5,7,4.470837528506314,8.443198199365147,100.0,0.7142846938790088,Greed,65
2024-12-30,0x8170715b3b381dffb7062c0298972d4727a0a63b,1211.511836,5681.31,6,6,0,0,0,1.3016297542671464,1.8320190531474423,100.0,0.0,Greed,65
2024-12-30,0xb1231a4a2dd02f2276fa3c5e2a2f3436e6bfed23,0.0,82543.01,25,0,0,0,0,3.7714085813809355,28.358582676266387,,0.0,Greed,65
2024-12-31,0x28736f43f1e871e6aa8b1148d38d4994275d72c4,496.221792,119958.51,107,32,1,27,0,1.8599825496014735,19.236820277691518,96.96969696969697,2700000.0,Greed,64
2024-12-31,0x2c229d22b100a7beb69122eed721cee9b24011dd,2243.319777,202247.56,49,48,0,0,0,3.41632579938706,50.0,100.0,0.0,Greed,64
2024-12-31,0x47add9a56df66b524d5e2c1993a43cde53b6ed85,97.688169,53653.47,99,7,7,16,1,1.1400325934265447,3.841914904547643,50.0,15.999840001599983,Greed,64
2024-12-31,0x4f93fead39b70a1824f981a54d4e55b278e9f760,2301.21954,492219.79,47,2,0,0,0,8.940360744128286,50.0,100.0,0.0,Greed,64
2024-12-31,0x7f4f299f74eec87806a830e3caa9afa5f2b9db8f,0.0,8056.83,1,0,0,1,0,8.844255273184238,8.844255273184238,,99999.99999999999,Greed,64
2024-12-31,0x8170715b3b381dffb7062c0298972d4727a0a63b,306.563532,1028.46,3,3,0,0,0,1.0,1.0,100.0,0.0,Greed,64
2025-01-01,0x28736f43f1e871e6aa8b1148d38d4994275d72c4,109.82694000000001,15537.51,59,21,0,23,0,1.0666941653345448,2.575591052854127,100.0,2300000.0,Greed,66
2025-01-01,0x39cef799f8b69da1995852eea189df24eb5cae3c,-9655.676981,183247.16999999998,12,5,1,6,6,16.675799373472028,50.0,83.33333333333334,0.9999983333361112,Greed,66
2025-01-01,0x47add9a56df66b524d5e2c1993a43cde53b6ed85,17.784696,10126.42,16,3,0,4,0,1.149686800057433,2.4135545545198283,100.0,399999.99999999994,Greed,66
2025-01-01,0x4f93fead39b70a1824f981a54d4e55b278e9f760,0.0,49999.51,1,0,0,0,0,50.0,50.0,,0.0,Greed,66
2025-01-01,0x7f4f299f74eec87806a830e3caa9afa5f2b9db8f,0.0,22667.48,3,0,0,3,0,8.294286939147623,8.5692729357224,,300000.0,Greed,66
2025-01-01,0x8381e6d82f1affd39a336e143e081ef7620a3b7f,0.0,1004.01,5,0,0,5,0,1.0,1.0,,499999.99999999994,Greed,66
2025-01-02,0x28736f43f1e871e6aa8b1148d38d4994275d72c4,416.546688,21987.03,101,46,1,2,9,1.0202704625866663,1.5767081068525357,97.87234042553192,0.22222197530891633,Greed,70
2025-01-02,0x47add9a56df66b524d5e2c1993a43cde53b6ed85,677.276764,49367.17,90,43,2,4,16,1.158182852313664,3.74052820319844,95.55555555555556,0.24999984375009765,Greed,70
2025-01-02,0x4f93fead39b70a1824f981a54d4e55b278e9f760,2399.9471460000004,372066.43,19,8,0,0,0,19.230456171287695,50.0,100.0,0.0,Greed,70
2025-01-02,0x72c6a4624e1dffa724e6d00d64ceae698af892a0,0.0,26682.58,3,0,0,0,0,9.763457375798351,13.89182227776266,,0.0,Greed,70
2025-01-02,0x75f7eeb85dc639d5e99c78f95393aa9a5f1170d4,3429.9583199999997,205117.68,53,50,0,0,0,4.72428925604271,43.909772422202444,100.0,0.0,Greed,70
2025-01-02,0x7f4f299f74eec87806a830e3caa9afa5f2b9db8f,1008.518954,60827.07,9,5,0,4,5,7.465691498431621,29.279954632854082,100.0,0.7999984000032001,Greed,70
2025-01-02,0x8170715b3b381dffb7062c0298972d4727a0a63b,739.18423,3012.4900000000002,3,3,0,0,0,1.4351690810225655,1.760765146861423,100.0,0.0,Greed,70
2025-01-02,0x8477e447846c758f5a675856001ea72298fd9cb5,45.086985,25614.71,77,10,0,1,0,1.01011567759979,1.0977887687772854,100.0,99999.99999999999,Greed,70
2025-01-02,0xb1231a4a2dd02f2276fa3c5e2a2f3436e6bfed23,0.0,9999.68,6,0,0,6,0,2.361878805203022,5.488362044928923,,600000.0,Greed,70
2025-01-03,0x28736f43f1e871e6aa8b1148d38d4994275d72c4,250.581483,14983.43,69,36,3,4,8,1.0283500879660297,2.660994748880198,92.3076923076923,0.4999993750007813,Greed,74
2025-01-03,0x39cef799f8b69da1995852eea189df24eb5cae3c,0.0,6217.48,1,0,0,1,0,6.825138457174537,6.825138457174537,,99999.99999999999,Greed,74
2025-01-03,0x47add9a56df66b524d5e2c1993a43cde53b6ed85,846.655814,32800.7,102,24,22,7,0,1.0223498575343748,1.700642262139727,52.17391304347826,700000.0,Greed,74
2025-01-03,0x4f93fead39b70a1824f981a54d4e55b278e9f760,3084.287743,462922.45,48,29,0,0,0,9.738209276963666,50.0,100.0,0.0,Greed,74
2025-01-03,0x72c6a4624e1dffa724e6d00d64ceae698af892a0,0.0,36394.5,6,0,0,0,0,6.749959274072967,18.637874716949295,,0.0,Greed,74
2025-01-03,0x7f4f299f74eec87806a830e3caa9afa5f2b9db8f,937.789615,51369.17,26,17,0,9,17,2.495787640441959,8.79546100212564,100.0,0.5294114532873805,Greed,74
2025-01-03,0x8477e447846c758f5a675856001ea72298fd9cb5,909.1721379999999,44562.55,177,32,0,0,0,1.0104483774541855,1.7528285308939615,100.0,0.0,Greed,74
2025-01-03,0xb1231a4a2dd02f2276fa3c5e2a2f3436e6bfed23,0.0,10040.31,18,0,0,18,0,1.3657017976148529,7.576273843328775,,1799999.9999999998,Greed,74
2025-01-03,0xbd5fead7180a9c139fa51a103cb6a2ce86ddb5c3,0.0,111918.4,61,0,0,0,0,2.3966885032689302,11.198543175410395,,0.0,Greed,74
2025-01-04,0x28736f43f1e871e6aa8b1148d38d4994275d72c4,232.66549799999999,12691.32,81,40,8,1,1,1.0129902195597325,1.9326922274732905,83.33333333333334,0.9999900000999989,Greed,73
2025-01-04,0x47add9a56df66b524d5e2c1993a43cde53b6ed85,73.451675,35836.36,57,15,2,5,1,1.1493017530471143,2.850803914431201,88.23529411764706,4.999950000499995,Greed,73
2025-01-04,0x4f93fead39b70a1824f981a54d4e55b278e9f760,0.0,99999.72,14,0,0,0,0,7.972064554530484,26.04876397360342,,0.0,Greed,73
2025-01-04,0x72743ae2822edd658c0c50608fd7c5c501b2afbd,0.0,1631349.94,141,0,0,0,0,10.364741458492947,50.0,,0.0,Greed,73
2025-01-04,0x72c6a4624e1dffa724e6d00d64ceae698af892a0,0.0,2128.95,1,0,0,0,0,2.3370205482609885,2.3370205482609885,,0.0,Greed,73
2025-01-04,0x8381e6d82f1affd39a336e143e081ef7620a3b7f,0.0,1421.73,2,0,0,2,0,1.08778709583085,1.1755741916616997,,199999.99999999997,Greed,73
2025-01-04,0x8477e447846c758f5a675856001ea72298fd9cb5,30.818079,9329.65,51,2,0,0,0,1.0,1.0,100.0,0.0,Greed,73
2025-01-04,0xa520ded057a32086c40e7dd6ed4eb8efb82c00e0,556.803152,1065.4699999999998,5,5,0,0,5,1.0,1.0,100.0,0.0,Greed,73
2025-01-04,0xb1231a4a2dd02f2276fa3c5e2a2f3436e6bfed23,1659.7995640000001,32206.48,19,13,0,6,13,2.542257589333408,20.711614770931455,100.0,0.46153810650914884,Greed,73
2025-01-05,0x28736f43f1e871e6aa8b1148d38d4994275d72c4,87.752181,8297.09,82,44,3,0,0,1.0011799621820503,1.0967568989281273,93.61702127659575,0.0,Greed,72
2025-01-05,0x47add9a56df66b524d5e2c1993a43cde53b6ed85,8.594753,16718.76,38,4,1,0,3,1.079911190324615,2.744334705207953,80.0,0.0,Greed,72
2025-01-05,0x4f93fead39b70a1824f981a54d4e55b278e9f760,890.33157,369118.91000000003,19,4,0,0,0,17.32112127114532,50.0,100.0,0.0,Greed,72
2025-01-05,0x72c6a4624e1dffa724e6d00d64ceae698af892a0,0.0,22909.5,8,0,0,0,0,3.6547259748864795,21.695919810978978,,0.0,Greed,72
2025-01-05,0x7f4f299f74eec87806a830e3caa9afa5f2b9db8f,1093.05677,12797.13,7,7,0,0,7,2.4262118652738005,5.83222718349148,100.0,0.0,Greed,72
2025-01-05,0x8381e6d82f1affd39a336e143e081ef7620a3b7f,0.0,456.83,1,0,0,1,0,1.0,1.0,,99999.99999999999,Greed,72
2025-01-05,0x8477e447846c758f5a675856001ea72298fd9cb5,151.429584,10682.29,51,9,0,0,0,1.0,1.0,100.0,0.0,Greed,72
2025-01-05,0xb1231a4a2dd02f2276fa3c5e2a2f3436e6bfed23,956.5545050000001,10963.06,33,32,0,0,32,1.1280990507768713,4.7242185122719995,100.0,0.0,Greed,72
2025-01-06,0x28736f43f1e871e6aa8b1148d38d4994275d72c4,114.68421000000001,6566.03,80,21,0,0,3,1.0,1.0,100.0,0.0,Extreme Greed,76
2025-01-06,0x47add9a56df66b524d5e2c1993a43cde53b6ed85,559.643925,34855.47,84,17,12,3,8,1.0949815705117647,2.347767362966583,58.620689655172406,0.37499953125058594,Extreme Greed,76
2025-01-06,0x4f93fead39b70a1824f981a54d4e55b278e9f760,3575.442423,343551.17,32,14,0,0,0,11.662282239785464,50.0,100.0,0.0,Extreme Greed,76
2025-01-06,0x72c6a4624e1dffa724e6d00d64ceae698af892a0,0.0,72771.21,25,0,0,0,0,3.7935803293113786,21.3886640973839,,0.0,Extreme Greed,76
2025-01-06,0x7f4f299f74eec87806a830e3caa9afa5f2b9db8f,1260.832586,12912.0,1,1,0,0,1,14.173939885458037,14.173939885458037,100.0,0.0,Extreme Greed,76
2025-01-06,0x8477e447846c758f5a675856001ea72298fd9cb5,272.131501,65659.13,266,8,20,0,0,1.004121720007889,1.5364761600741872,28.57142857142857,0.0,Extreme Greed,76
2025-01-06,0xb1231a4a2dd02f2276fa3c5e2a2f3436e6bfed23,281.45074800000003,20211.98,85,28,0,57,28,1.0474632338573777,4.408235814314357,100.0,2.035713558673729,Extreme Greed,76
2025-01-07,0x28736f43f1e871e6aa8b1148d38d4994275d72c4,267.846227,10681.19,103,72,4,13,2,1.0,1.0,94.73684210526315,6.499967500162499,Extreme Greed,78
2025-01-07,0x47add9a56df66b524d5e2c1993a43cde53b6ed85,289.257865,52479.39,40,31,3,1,5,1.8260202119153288,11.611796072659429,91.17647058823529,0.19999960000080003,Extreme Greed,78
2025-01-07,0x4f93fead39b70a1824f981a54d4e55b278e9f760,0.0,473733.88,39,0,0,0,0,11.75451881589618,50.0,,0.0,Extreme Greed,78
2025-01-07,0x75f7eeb85dc639d5e99c78f95393aa9a5f1170d4,11206.706221,633196.38,232,221,0,0,0,3.4329433643811305,38.420861510332486,100.0,0.0,Extreme Greed,78
2025-01-07,0x7f4f299f74eec87806a830e3caa9afa5f2b9db8f,0.0,5768.6,1,0,0,1,0,6.33238767218504,6.33238767218504,,99999.99999999999,Extreme Greed,78
2025-01-07,0x8477e447846c758f5a675856001ea72298fd9cb5,4334.417218,137318.66,222,161,8,0,0,1.2266471644254118,9.94728023257906,95.26627218934911,0.0,Extreme Greed,78
2025-01-08,0x28736f43f1e871e6aa8b1148d38d4994275d72c4,651.469355,73008.96,149,85,8,16,0,1.2193392413537856,10.496092286926547,91.39784946236558,1599999.9999999998,Greed,70
2025-01-08,0x420ab45e0bd8863569a5efbb9c05d91f40624641,0.0,35601.47,12,0,0,0,0,3.358923486045676,14.807244516709467,,0.0,Greed,70
2025-01-08,0x47add9a56df66b524d5e2c1993a43cde53b6ed85,1377.989592,98159.5,187,59,25,34,19,1.1095840567037614,4.1127368305963845,70.23809523809523,1.7894727423827672,Greed,70
2025-01-08,0x4acb90e786d897ecffb614dc822eb231b4ffb9f4,0.0,700570.35,139,0,0,0,0,5.648322486832801,32.95392723078182,,0.0,Greed,70
2025-01-08,0x4f93fead39b70a1824f981a54d4e55b278e9f760,0.0,308657.88,16,0,0,0,0,16.959774090757985,50.0,,0.0,Greed,70
2025-01-08,0x72743ae2822edd658c0c50608fd7c5c501b2afbd,122050.866984,1509298.1600000001,48,48,0,0,0,8.7305968675505,50.0,100.0,0.0,Greed,70
2025-01-08,0x75f7eeb85dc639d5e99c78f95393aa9a5f1170d4,3710.36178,226664.16,49,45,0,0,0,5.327486895275312,38.421981198892205,100.0,0.0,Greed,70
2025-01-08,0x7f4f299f74eec87806a830e3caa9afa5f2b9db8f,0.0,23615.29,11,0,0,11,0,2.66644054679282,7.5770203023685925,,1100000.0,Greed,70
2025-01-08,0x8477e447846c758f5a675856001ea72298fd9cb5,1303.127763,160166.71,390,128,3,2,5,1.0980325310002017,6.098570355301322,97.70992366412213,0.39999920000160005,Greed,70
2025-01-08,0xb1231a4a2dd02f2276fa3c5e2a2f3436e6bfed23,0.0,15118.5,16,0,0,16,0,1.75826412487118,12.50020308076817,,1599999.9999999998,Greed,70
2025-01-08,0xbd5fead7180a9c139fa51a103cb6a2ce86ddb5c3,1023.27508,26414.2,22,21,0,0,0,1.6318149065794523,8.076028170485966,100.0,0.0,Greed,70
2025-01-09,0x28736f43f1e871e6aa8b1148d38d4994275d72c4,571.688942,75026.01,103,49,0,9,2,1.433925575186016,17.101925469138507,100.0,4.499977500112499,Greed,69
2025-01-09,0x47add9a56df66b524d5e2c1993a43cde53b6ed85,279.587921,47362.46,95,18,8,15,7,1.0797380441816393,2.7433357673752576,69.23076923076923,2.1428540816370263,Greed,69
2025-01-09,0x4acb90e786d897ecffb614dc822eb231b4ffb9f4,35352.95374,744503.38,96,56,0,0,0,7.51822789855533,50.0,100.0,0.0,Greed,69
2025-01-09,0x72c6a4624e1dffa724e6d00d64ceae698af892a0,10647.977,38563.98,1,1,0,0,0,42.332987473978164,42.332987473978164,100.0,0.0,Greed,69
2025-01-09,0x7f4f299f74eec87806a830e3caa9afa5f2b9db8f,0.0,9563.74,1,0,0,1,0,10.498441437434204,10.498441437434204,,99999.99999999999,Greed,69
2025-01-09,0x8381e6d82f1affd39a336e143e081ef7620a3b7f,0.0,6038.5599999999995,4,0,0,4,0,1.9871988861074732,3.5259102519123573,,399999.99999999994,Greed,69
2025-01-09,0x8477e447846c758f5a675856001ea72298fd9cb5,123.72129899999999,99675.12,222,21,16,0,0,1.1390912533280273,8.27247862602357,56.75675675675676,0.0,Greed,69
2025-01-10,0x28736f43f1e871e6aa8b1148d38d4994275d72c4,401.706348,43858.12,84,37,3,3,0,1.208875146027356,5.201392453474738,92.5,300000.0,Neutral,50
2025-01-10,0x2c229d22b100a7beb69122eed721cee9b24011dd,21980.47249,311359.75,136,125,0,0,0,2.95134746898598,32.82654619110489,100.0,0.0,Neutral,50
2025-01-10,0x47add9a56df66b524d5e2c1993a43cde53b6ed85,-271.259943,56878.56,97,26,17,7,6,1.1743667432389988,3.5988436910379638,60.46511627906976,1.1666647222254631,Neutral,50
2025-01-10,0x4acb90e786d897ecffb614dc822eb231b4ffb9f4,2812.7685,113287.72,27,27,0,0,0,4.848833604083291,22.805421400278092,100.0,0.0,Neutral,50
2025-01-10,0x4f93fead39b70a1824f981a54d4e55b278e9f760,-36229.641811,5895084.66,219,98,19,0,0,21.139837897206547,50.0,83.76068376068376,0.0,Neutral,50
2025-01-10,0x8477e447846c758f5a675856001ea72298fd9cb5,1189.078864,120981.25,254,119,17,0,0,1.12390985128617,8.81803041074127,87.5,0.0,Neutral,50
2025-01-10,0xbee1707d6b44d4d52bfe19e41f8a828645437aab,0.0,5999.62,2,0,0,2,0,3.292993076811948,3.2930918728613356,,199999.99999999997,Neutral,50
2025-01-11,0x28736f43f1e871e6aa8b1148d38d4994275d72c4,157.228232,17918.2,37,16,2,0,0,1.1236735710646744,3.6518532602037608,88.88888888888889,0.0,Greed,69
2025-01-11,0x2c229d22b100a7beb69122eed721cee9b24011dd,-2.454844,12495.93,7,0,3,0,0,2.1604053912408214,4.7907960722203455,0.0,0.0,Greed,69
2025-01-11,0x47add9a56df66b524d5e2c1993a43cde53b6ed85,71.39075800000003,18892.82,39,7,13,1,3,1.0439349465562908,1.6472045767599177,35.0,0.3333322222259259,Greed,69
2025-01-11,0x4f93fead39b70a1824f981a54d4e55b278e9f760,1559.841529,1555106.23,76,27,0,0,0,19.606659082519553,50.0,100.0,0.0,Greed,69
2025-01-11,0x6d6a4b953f202f8df5bed40692e7fd865318264a,0.0,7499.83,33,0,0,33,0,1.0330572512661096,1.8801985932320728,,3299999.9999999995,Greed,69
2025-01-11,0x8477e447846c758f5a675856001ea72298fd9cb5,417.647169,35696.63,82,17,1,0,0,1.1209325813724154,5.890187532465473,94.44444444444444,0.0,Greed,69
2025-01-11,0xbee1707d6b44d4d52bfe19e41f8a828645437aab,65.42769200000001,10489.07,9,2,0,7,2,1.535446778421829,3.293004054150769,100.0,3.4999825000874996,Greed,69
2025-01-12,0x28736f43f1e871e6aa8b1148d38d4994275d72c4,274.773033,28122.33,63,39,1,1,2,1.1145659340334975,2.603330788054369,97.5,0.49999750001249993,Greed,62
2025-01-12,0x3f9a0aadc7f04a7c9d75dc1b5a6ddd6e36486cf6,3699.757273,23875.1,3,3,0,0,3,9.373072178051839,26.119216534155516,100.0,0.0,Greed,62
2025-01-12,0x47add9a56df66b524d5e2c1993a43cde53b6ed85,103.67729899999999,12408.44,44,6,2,0,0,1.0067702038619555,1.1179431628523326,75.0,0.0,Greed,62
2025-01-12,0x4acb90e786d897ecffb614dc822eb231b4ffb9f4,927.412681,323771.05,390,390,0,0,0,1.3975358587720204,11.021928771122033,100.0,0.0,Greed,62
2025-01-12,0x4f93fead39b70a1824f981a54d4e55b278e9f760,736.621517,1855292.07,75,34,0,0,0,22.2606466062386,50.0,100.0,0.0,Greed,62
2025-01-12,0x6d6a4b953f202f8df5bed40692e7fd865318264a,0.0,10000.0,12,0,0,12,0,1.2266051686873014,1.9496083065961924,,1200000.0,Greed,62
2025-01-12,0x8477e447846c758f5a675856001ea72298fd9cb5,0.0,4990.18,15,0,0,0,0,1.0,1.0,,0.0,Greed,62
2025-01-13,0x23e7a7f8d14b550961925fbfdaa92f5d195ba5bd,0.0,36997.54,13,0,0,13,0,3.8584276593540547,23.012893103991814,,1300000.0,Greed,61
2025-01-13,0x28736f43f1e871e6aa8b1148d38d4994275d72c4,53.846609,34244.06,61,19,0,5,0,1.1992598696659476,4.996116217525183,100.0,499999.99999999994,Greed,61
2025-01-13,0x3f9a0aadc7f04a7c9d75dc1b5a6ddd6e36486cf6,0.0,0.22,1,0,0,0,0,1.0,1.0,,0.0,Greed,61
2025-01-13,0x47add9a56df66b524d5e2c1993a43cde53b6ed85,218.429393,36198.159999999996,67,8,7,16,3,1.2134950121233397,4.359134177768776,53.333333333333336,5.333315555614814,Greed,61
2025-01-13,0x4acb90e786d897ecffb614dc822eb231b4ffb9f4,0.0,157438.69,23,0,0,0,0,7.660498935894947,43.695582587130374,,0.0,Greed,61
2025-01-13,0x4f93fead39b70a1824f981a54d4e55b278e9f760,1756.982034,2347576.77,97,54,0,0,0,17.952199768843943,50.0,100.0,0.0,Greed,61
2025-01-13,0x6d6a4b953f202f8df5bed40692e7fd865318264a,0.0,12500.89,23,0,0,23,0,1.109791009223503,2.143819385014349,,2300000.0,Greed,61
2025-01-13,0x75f7eeb85dc639d5e99c78f95393aa9a5f1170d4,3944.7294389999997,217121.19,50,47,0,0,0,5.006059104626766,49.398891903510005,100.0,0.0,Greed,61
2025-01-13,0x7f4f299f74eec87806a830e3caa9afa5f2b9db8f,1621.278931,30182.67,4,4,0,0,4,8.283134877683892,21.347488099466954,100.0,0.0,Greed,61
2025-01-13,0x8477e447846c758f5a675856001ea72298fd9cb5,2060.162946,48015.46,58,26,1,0,1,1.2889847053268142,8.40865251409599,96.29629629629629,0.0,Greed,61
2025-01-13,0xbee1707d6b44d4d52bfe19e41f8a828645437aab,0.0,16372.36,11,0,0,11,0,1.942834849450187,3.2930369861672313,,1100000.0,Greed,61
2025-01-14,0x28736f43f1e871e6aa8b1148d38d4994275d72c4,894.564828,41818.27,42,34,1,0,4,1.5849089735019366,11.32436543297477,97.14285714285714,0.0,Greed,63
2025-01-14,0x39cef799f8b69da1995852eea189df24eb5cae3c,0.0,2400.87,3,0,0,0,0,1.1273279093570387,1.3159194684860345,,0.0,Greed,63
2025-01-14,0x47add9a56df66b524d5e2c1993a43cde53b6ed85,992.803005,38267.17,79,25,2,0,0,1.0549814160323536,2.5543828342522796,92.5925925925926,0.0,Greed,63
2025-01-14,0x4f93fead39b70a1824f981a54d4e55b278e9f760,1878.804638,631744.81,42,17,0,0,0,14.716826225945526,50.0,100.0,0.0,Greed,63
2025-01-14,0x75f7eeb85dc639d5e99c78f95393aa9a5f1170d4,104.68064,42271.19,9,4,0,0,0,5.4557752535753,18.399150529612662,100.0,0.0,Greed,63
2025-01-14,0x8477e447846c758f5a675856001ea72298fd9cb5,82.032118,7351.24,13,3,1,0,0,1.0338823837929623,1.220866691636452,75.0,0.0,Greed,63
2025-01-14,0xa520ded057a32086c40e7dd6ed4eb8efb82c00e0,7013.428624,9951.42,12,12,0,0,12,1.1055603587511416,1.687853662413458,100.0,0.0,Greed,63
2025-01-14,0xbd5fead7180a9c139fa51a103cb6a2ce86ddb5c3,0.0,12712.189999999999,8,0,0,0,0,1.8583269591585891,3.7336563890965992,,0.0,Greed,63
2025-01-14,0xbee1707d6b44d4d52bfe19e41f8a828645437aab,5103.198502,90064.81,67,42,0,25,42,1.8021372360946968,4.98445828369746,100.0,0.5952379535147729,Greed,63
2025-01-15,0x28736f43f1e871e6aa8b1148d38d4994275d72c4,55.137803,4560.2,19,8,0,1,0,1.00514099975732,1.0976789953890773,100.0,99999.99999999999,Greed,70
2025-01-15,0x2c229d22b100a7beb69122eed721cee9b24011dd,-18.998214,23322.579999999998,12,3,6,0,0,2.4836572672837076,7.978670152484008,33.33333333333333,0.0,Greed,70
2025-01-15,0x420ab45e0bd8863569a5efbb9c05d91f40624641,0.0,96910.0,2,0,0,0,0,25.5,50.0,,0.0,Greed,70
2025-01-15,0x47add9a56df66b524d5e2c1993a43cde53b6ed85,361.155853,57030.04,72,27,8,0,10,1.2827170252816886,10.977251002121246,77.14285714285715,0.0,Greed,70
2025-01-15,0x4f93fead39b70a1824f981a54d4e55b278e9f760,7470.003118,1561822.32,73,42,0,0,0,20.278649442305756,50.0,100.0,0.0,Greed,70
2025-01-15,0x7f4f299f74eec87806a830e3caa9afa5f2b9db8f,1261.448002,11647.74,1,1,0,0,1,12.786118847695555,12.786118847695555,100.0,0.0,Greed,70
2025-01-15,0x8477e447846c758f5a675856001ea72298fd9cb5,240.93138,29205.79,64,28,2,0,0,1.1081848780900656,4.884246157602086,93.33333333333333,0.0,Greed,70
2025-01-15,0xa0feb3725a9335f49874d7cd8eaad6be45b27416,0.0,1044.19,2,0,0,0,0,1.0,1.0,,0.0,Greed,70
2025-01-15,0xb1231a4a2dd02f2276fa3c5e2a2f3436e6bfed23,5383.278555,5402.5,11,11,0,0,11,1.0,1.0,100.0,0.0,Greed,70
2025-01-15,0xbd5fead7180a9c139fa51a103cb6a2ce86ddb5c3,0.0,3386.5,3,0,0,0,0,1.239158597224898,1.381080951726492,,0.0,Greed,70
2025-01-15,0xbee1707d6b44d4d52bfe19e41f8a828645437aab,66.63180299999999,7268.03,8,3,0,5,3,1.3099571269055006,2.069371073131468,100.0,1.6666611111296294,Greed,70
2025-01-16,0x28736f43f1e871e6aa8b1148d38d4994275d72c4,238.995461,11862.92,87,28,0,4,1,1.0,1.0,100.0,3.9999600003999958,Extreme Greed,75
2025-01-16,0x420ab45e0bd8863569a5efbb9c05d91f40624641,0.0,45251.76,30,0,0,0,0,2.077748319479198,10.452687889228978,,0.0,Extreme Greed,75
2025-01-16,0x47add9a56df66b524d5e2c1993a43cde53b6ed85,319.22369499999996,41126.4,88,23,7,0,3,1.071960248142145,2.4973775137557004,76.66666666666667,0.0,Extreme Greed,75
2025-01-16,0x4acb90e786d897ecffb614dc822eb231b4ffb9f4,13963.52,171402.19999999998,4,4,0,0,0,24.125550678201932,50.0,100.0,0.0,Extreme Greed,75
2025-01-16,0x4f93fead39b70a1824f981a54d4e55b278e9f760,5170.4237570000005,2726066.91,100,55,2,0,0,22.54723646812464,50.0,96.49122807017544,0.0,Extreme Greed,75
2025-01-16,0x8477e447846c758f5a675856001ea72298fd9cb5,218.26223099999999,16031.51,34,6,5,0,0,1.0255687921024528,1.6503660503403172,54.54545454545454,0.0,Extreme Greed,75
2025-01-16,0xb1231a4a2dd02f2276fa3c5e2a2f3436e6bfed23,897.284184,32044.07,23,11,0,11,11,2.2781619475150694,16.95744173557872,100.0,0.9999990909099173,Extreme Greed,75
2025-01-16,0xbd5fead7180a9c139fa51a103cb6a2ce86ddb5c3,0.0,2731.48,3,0,0,0,0,1.0327288625120503,1.098085156925448,,0.0,Extreme Greed,75
2025-01-16,0xbee1707d6b44d4d52bfe19e41f8a828645437aab,0.0,3175.71,2,0,0,2,0,1.7430422333351898,1.7430916313598837,,199999.99999999997,Extreme Greed,75
2025-01-17,0x23e7a7f8d14b550961925fbfdaa92f5d195ba5bd,4493.232479,41490.68,17,17,0,0,17,3.4294539254356606,24.607911411997495,100.0,0.0,Extreme Greed,75
2025-01-17,0x28736f43f1e871e6aa8b1148d38d4994275d72c4,168.92152,8297.74,70,35,1,6,2,1.0,1.0,97.22222222222221,2.9999850000749997,Extreme Greed,75
2025-01-17,0x2c229d22b100a7beb69122eed721cee9b24011dd,913.985947,371473.57,57,38,0,0,0,6.948105944153471,50.0,100.0,0.0,Extreme Greed,75
2025-01-17,0x47add9a56df66b524d5e2c1993a43cde53b6ed85,498.16985999999997,27936.4,50,25,0,0,3,1.1213066019032945,2.7398998603243374,100.0,0.0,Extreme Greed,75
2025-01-17,0x4f93fead39b70a1824f981a54d4e55b278e9f760,811.1445319999999,640726.49,21,7,0,0,0,25.070382410129707,50.0,100.0,0.0,Extreme Greed,75
2025-01-17,0x8477e447846c758f5a675856001ea72298fd9cb5,43.69239,5505.14,13,1,0,0,0,1.0168326851242906,1.218824906615777,100.0,0.0,Extreme Greed,75
2025-01-17,0xbd5fead7180a9c139fa51a103cb6a2ce86ddb5c3,0.0,4558.32,3,0,0,0,0,1.7337453787233101,2.127638787592443,,0.0,Extreme Greed,75
2025-01-17,0xbee1707d6b44d4d52bfe19e41f8a828645437aab,77.26888,10242.119999999999,7,3,0,4,3,1.7683026895170095,2.95320053095192,100.0,1.3333288889037036,Extreme Greed,75
2025-01-18,0x23e7a7f8d14b550961925fbfdaa92f5d195ba5bd,1047.030992,84021.26999999999,39,28,0,10,28,3.0834916462620425,30.811490990458896,100.0,0.3571427295918823,Extreme Greed,77
2025-01-18,0x28736f43f1e871e6aa8b1148d38d4994275d72c4,594.135892,50558.590000000004,259,105,2,14,0,1.021764965492053,2.633814857959819,98.13084112149532,1400000.0,Extreme Greed,77
2025-01-18,0x2c229d22b100a7beb69122eed721cee9b24011dd,-33.4413,233.32999999999998,2,0,1,0,0,1.0,1.0,0.0,0.0,Extreme Greed,77
2025-01-18,0x47add9a56df66b524d5e2c1993a43cde53b6ed85,307.105046,19851.68,34,17,4,0,0,1.0862496614136696,1.920463472026884,80.95238095238095,0.0,Extreme Greed,77
2025-01-18,0x4f93fead39b70a1824f981a54d4e55b278e9f760,4078.848863,1881041.4000000001,58,32,0,0,0,21.887731326407287,50.0,100.0,0.0,Extreme Greed,77
2025-01-18,0x75f7eeb85dc639d5e99c78f95393aa9a5f1170d4,-3249.381438,255051.3,33,7,16,0,0,8.683081939633752,43.9003209334777,30.434782608695656,0.0,Extreme Greed,77
2025-01-18,0x8381e6d82f1affd39a336e143e081ef7620a3b7f,0.0,20650.07,7,0,0,7,0,3.3504410663374347,7.378539039149132,,700000.0,Extreme Greed,77
2025-01-18,0x8477e447846c758f5a675856001ea72298fd9cb5,1055.8044439999999,22639.77,40,20,2,0,0,1.085420612105194,1.9697187913159564,90.9090909090909,0.0,Extreme Greed,77
2025-01-18,0xa0feb3725a9335f49874d7cd8eaad6be45b27416,0.0,65945.76,53,0,0,0,0,1.6274197420454604,5.605819570311824,,0.0,Extreme Greed,77
2025-01-18,0xb1231a4a2dd02f2276fa3c5e2a2f3436e6bfed23,7393.785411,192423.33,101,39,0,0,0,2.368914747547789,24.072283141573827,100.0,0.0,Extreme Greed,77
2025-01-18,0xbd5fead7180a9c139fa51a103cb6a2ce86ddb5c3,-10750.654828,92750.63,12,0,7,0,0,8.605171138907673,30.693243096680895,0.0,0.0,Extreme Greed,77
2025-01-18,0xbee1707d6b44d4d52bfe19e41f8a828645437aab,0.0,26462.75,13,0,0,13,0,2.3368259284878024,3.5930696108182065,,1300000.0,Extreme Greed,77
2025-01-19,0x083384f897ee0f19899168e3b1bec365f52a9012,71393.964098,5306093.62,465,23,89,0,0,8.620660844578877,50.0,20.535714285714285,0.0,Extreme Greed,77
2025-01-19,0x23e7a7f8d14b550961925fbfdaa92f5d195ba5bd,4842.054317,272092.55,124,80,0,43,80,2.8710842362879094,42.73589971805797,100.0,0.5374999328125084,Extreme Greed,77
2025-01-19,0x28736f43f1e871e6aa8b1148d38d4994275d72c4,102.504343,28651.9,184,79,11,19,13,1.0100124044883225,1.7246826341573487,87.77777777777777,1.4615373372789713,Extreme Greed,77
2025-01-19,0x2c229d22b100a7beb69122eed721cee9b24011dd,11437.823511999999,557438.11,74,46,0,0,0,6.279382488021079,50.0,100.0,0.0,Extreme Greed,77
2025-01-19,0x39cef799f8b69da1995852eea189df24eb5cae3c,-1584.55781,45815.23,3,0,3,0,3,16.764310095477946,22.070510520901045,0.0,0.0,Extreme Greed,77
2025-01-19,0x47add9a56df66b524d5e2c1993a43cde53b6ed85,541.742729,23085.75,27,10,0,2,0,1.2654278406421502,2.7436650875398825,100.0,199999.99999999997,Extreme Greed,77
2025-01-19,0x4acb90e786d897ecffb614dc822eb231b4ffb9f4,1519.769822,117502.78,30,20,0,0,0,4.427936771113845,14.870254441541041,100.0,0.0,Extreme Greed,77
2025-01-19,0x4f93fead39b70a1824f981a54d4e55b278e9f760,3253.260003,2215874.55,88,32,0,0,0,20.75536925093313,50.0,100.0,0.0,Extreme Greed,77
2025-01-19,0x6d6a4b953f202f8df5bed40692e7fd865318264a,0.0,3500.01,12,0,0,12,0,1.0084170940876491,1.1010051290517893,,1200000.0,Extreme Greed,77
2025-01-19,0x7f4f299f74eec87806a830e3caa9afa5f2b9db8f,0.0,99.88,1,0,0,1,0,1.0,1.0,,99999.99999999999,Extreme Greed,77
2025-01-19,0x8477e447846c758f5a675856001ea72298fd9cb5,0.0,6607.42,13,0,0,0,0,1.0,1.0,,0.0,Extreme Greed,77
2025-01-19,0x92f17e8d81a944691c10e753af1b1baae1a2cd0d,0.0,1015731.94,484,0,0,0,0,2.358429585936338,50.0,,0.0,Extreme Greed,77
2025-01-19,0xb1231a4a2dd02f2276fa3c5e2a2f3436e6bfed23,3867.854339,18934.89,3,3,0,0,3,7.224877372148023,18.51285380511884,100.0,0.0,Extreme Greed,77
2025-01-19,0xbd5fead7180a9c139fa51a103cb6a2ce86ddb5c3,-7963.5855,75253.19,30,0,12,0,0,3.043409154544388,14.646360638951355,0.0,0.0,Extreme Greed,77
2025-01-19,0xbee1707d6b44d4d52bfe19e41f8a828645437aab,512.9694489999999,28533.48,29,24,2,3,26,1.4155471004979596,2.219541068200447,92.3076923076923,0.11538457100593423,Extreme Greed,77
2025-01-20,0x083384f897ee0f19899168e3b1bec365f52a9012,40218.599998,479429.99,51,28,0,0,0,7.5366112975723265,50.0,100.0,0.0,Extreme Greed,76
2025-01-20,0x28736f43f1e871e6aa8b1148d38d4994275d72c4,608.885905,28690.59,169,69,3,50,8,1.0077675051913264,1.9322421565816366,95.83333333333334,6.249992187509766,Extreme Greed,76
2025-01-20,0x2c229d22b100a7beb69122eed721cee9b24011dd,1535.55008,688986.63,82,11,19,0,0,6.739537538530855,50.0,36.666666666666664,0.0,Extreme Greed,76
2025-01-20,0x3998f134d6aaa2b6a5f723806d00fd2bbbbce891,0.0,366.15999999999997,2,0,0,2,0,1.0,1.0,,199999.99999999997,Extreme Greed,76
2025-01-20,0x39cef799f8b69da1995852eea189df24eb5cae3c,-401.2638,59796.659999999996,4,0,3,0,0,16.41020492935202,33.04064820746639,0.0,0.0,Extreme Greed,76
2025-01-20,0x47add9a56df66b524d5e2c1993a43cde53b6ed85,2262.94445,74679.35,66,37,7,6,0,1.6258672846123365,16.46600823124772,84.0909090909091,600000.0,Extreme Greed,76
2025-01-20,0x4acb90e786d897ecffb614dc822eb231b4ffb9f4,-2427.873799,111655.81999999999,43,0,36,0,0,3.248756188372642,43.48825358882132,0.0,0.0,Extreme Greed,76
2025-01-20,0x4f93fead39b70a1824f981a54d4e55b278e9f760,7466.841136,5798129.04,194,69,0,0,0,21.249161622156976,50.0,100.0,0.0,Extreme Greed,76
2025-01-20,0x6d6a4b953f202f8df5bed40692e7fd865318264a,0.0,4999.92,3,0,0,3,0,1.9902967643049705,2.7441371131091783,,300000.0,Extreme Greed,76
2025-01-20,0x75f7eeb85dc639d5e99c78f95393aa9a5f1170d4,16210.341667,683441.43,409,395,0,0,0,2.372682348147483,43.912725326345246,100.0,0.0,Extreme Greed,76
2025-01-20,0x8477e447846c758f5a675856001ea72298fd9cb5,1876.265511,29668.59,44,19,1,0,0,1.1878831814754887,5.232710801130571,95.0,0.0,Extreme Greed,76
2025-01-20,0xa0feb3725a9335f49874d7cd8eaad6be45b27416,0.0,2999.98,1,0,0,0,0,3.2931796915719023,3.2931796915719023,,0.0,Extreme Greed,76
2025-01-20,0xb1231a4a2dd02f2276fa3c5e2a2f3436e6bfed23,0.0,30145.64,23,0,0,23,0,2.2847015777986797,15.846875344413984,,2300000.0,Extreme Greed,76
2025-01-20,0xbd5fead7180a9c139fa51a103cb6a2ce86ddb5c3,24895.400898,143117.96,33,26,0,0,0,4.799125051541926,46.6845143559441,100.0,0.0,Extreme Greed,76
2025-01-20,0xbee1707d6b44d4d52bfe19e41f8a828645437aab,-4968.452873,151219.25,191,33,52,52,57,1.2879811296626034,4.310208178644328,38.82352941176471,0.912280541705168,Extreme Greed,76
2025-01-21,0x28736f43f1e871e6aa8b1148d38d4994275d72c4,428.3738,24660.77,94,46,7,13,8,1.0744451541462674,4.2953777938973845,86.79245283018868,1.624997968752539,Extreme Greed,76
2025-01-21,0x2c229d22b100a7beb69122eed721cee9b24011dd,59.672564,1877.13,15,6,0,0,0,1.0,1.0,100.0,0.0,Extreme Greed,76
2025-01-21,0x47add9a56df66b524d5e2c1993a43cde53b6ed85,287.821918,8391.970000000001,13,6,0,0,0,1.1289368494639018,2.1185495510487944,100.0,0.0,Extreme Greed,76
2025-01-21,0x4f93fead39b70a1824f981a54d4e55b278e9f760,2953.3108039999997,1305394.74,92,40,0,0,0,14.021123783775277,50.0,100.0,0.0,Extreme Greed,76
2025-01-21,0x8477e447846c758f5a675856001ea72298fd9cb5,201.672306,59471.62,206,35,2,0,0,1.0349422037995428,2.4390219805841578,94.5945945945946,0.0,Extreme Greed,76
2025-01-21,0xa520ded057a32086c40e7dd6ed4eb8efb82c00e0,2806.434723,4780.9800000000005,8,8,0,0,8,1.084125165373609,1.6730013229888725,100.0,0.0,Extreme Greed,76
2025-01-21,0xb1231a4a2dd02f2276fa3c5e2a2f3436e6bfed23,2997.363771,83097.17,52,22,0,0,22,2.259530525564244,23.707758651350467,100.0,0.0,Extreme Greed,76
2025-01-21,0xbee1707d6b44d4d52bfe19e41f8a828645437aab,1343.189535,36055.44,50,42,0,8,42,1.2120816064149806,2.673926054011138,100.0,0.19047614512472733,Extreme Greed,76
2025-01-22,0x28736f43f1e871e6aa8b1148d38d4994275d72c4,589.467131,13532.53,112,51,3,7,9,1.0006138723892517,1.0687537075961853,94.44444444444444,0.7777769135812072,Extreme Greed,84
2025-01-22,0x2c229d22b100a7beb69122eed721cee9b24011dd,12769.669401000001,247436.25,229,65,35,0,0,1.8760423349920594,39.15129363547062,65.0,0.0,Extreme Greed,84
2025-01-22,0x47add9a56df66b524d5e2c1993a43cde53b6ed85,2867.6138889999997,57621.06,98,35,2,5,17,1.1328314900260656,3.2925430059202943,94.5945945945946,0.29411747404854466,Extreme Greed,84
2025-01-22,0x4f93fead39b70a1824f981a54d4e55b278e9f760,2971.896355,1064843.07,61,25,0,0,0,17.113240060600937,50.0,100.0,0.0,Extreme Greed,84
2025-01-22,0x75f7eeb85dc639d5e99c78f95393aa9a5f1170d4,548.62199,80548.71,35,34,0,0,0,2.8627968766397367,43.909399192682535,100.0,0.0,Extreme Greed,84
2025-01-22,0x8170715b3b381dffb7062c0298972d4727a0a63b,-179.521683,11242.93,6,0,6,0,6,2.056957532481577,3.8451641968386094,0.0,0.0,Extreme Greed,84
2025-01-22,0x8477e447846c758f5a675856001ea72298fd9cb5,261.367634,86837.31,147,13,16,0,0,1.1085694564140993,2.7452348469912615,44.827586206896555,0.0,Extreme Greed,84
2025-01-22,0xa0feb3725a9335f49874d7cd8eaad6be45b27416,140.995116,6653.5,20,2,0,0,0,1.0931126639410664,2.8622532788213286,100.0,0.0,Extreme Greed,84
2025-01-22,0xb1231a4a2dd02f2276fa3c5e2a2f3436e6bfed23,0.0,199719.96,111,0,0,0,0,2.250188908133711,38.39251802149709,,0.0,Extreme Greed,84
2025-01-22,0xbee1707d6b44d4d52bfe19e41f8a828645437aab,554.298224,9971.11,13,9,0,4,9,1.2706557460272072,2.8218017852665636,100.0,0.44444395061783265,Extreme Greed,84
2025-01-23,0x28736f43f1e871e6aa8b1148d38d4994275d72c4,229.609892,15723.44,122,57,4,12,0,1.0,1.0,93.44262295081968,1200000.0,Extreme Greed,75
2025-01-23,0x2c229d22b100a7beb69122eed721cee9b24011dd,3776.64959,256691.2,104,60,7,0,0,3.1011439332791237,50.0,89.55223880597015,0.0,Extreme Greed,75
2025-01-23,0x3998f134d6aaa2b6a5f723806d00fd2bbbbce891,-5978.38652,18.560000000000002,3,2,1,0,3,1.0,1.0,66.66666666666666,0.0,Extreme Greed,75
2025-01-23,0x39cef799f8b69da1995852eea189df24eb5cae3c,0.0,45000.0,4,0,0,4,0,12.652161064784286,45.50620680691601,,399999.99999999994,Extreme Greed,75
2025-01-23,0x47add9a56df66b524d5e2c1993a43cde53b6ed85,420.491149,13030.16,26,12,2,3,0,1.075423065793744,2.422632813724656,85.71428571428571,300000.0,Extreme Greed,75
2025-01-23,0x4f93fead39b70a1824f981a54d4e55b278e9f760,6749.1349199999995,1475987.52,82,22,0,0,0,17.362757277897977,50.0,100.0,0.0,Extreme Greed,75
2025-01-23,0x6d6a4b953f202f8df5bed40692e7fd865318264a,0.0,423.0,3,0,0,3,0,1.0,1.0,,300000.0,Extreme Greed,75
2025-01-23,0x8477e447846c758f5a675856001ea72298fd9cb5,7503.093009,177889.88999999998,275,129,18,0,0,1.2802564050875926,9.95743427098833,87.75510204081633,0.0,Extreme Greed,75
2025-01-23,0x92f17e8d81a944691c10e753af1b1baae1a2cd0d,63464.28729,1468573.33,487,432,0,0,0,3.5243755153561875,50.0,100.0,0.0,Extreme Greed,75
2025-01-23,0xa0feb3725a9335f49874d7cd8eaad6be45b27416,0.0,3419.52,6,0,0,0,0,1.0,1.0,,0.0,Extreme Greed,75
2025-01-23,0xb1231a4a2dd02f2276fa3c5e2a2f3436e6bfed23,25224.994585,224447.49,90,90,0,0,0,3.0370838948242107,49.39802469374316,100.0,0.0,Extreme Greed,75
2025-01-23,0xbee1707d6b44d4d52bfe19e41f8a828645437aab,-133.631755,15824.55,16,1,10,5,11,1.4556807783284487,2.3797223962740244,9.090909090909092,0.45454504132268975,Extreme Greed,75
2025-01-24,0x23e7a7f8d14b550961925fbfdaa92f5d195ba5bd,1693.493165,588968.28,339,198,0,141,198,2.1974162968556623,12.198567764649352,100.0,0.7121211761554962,Extreme Greed,75
2025-01-24,0x28736f43f1e871e6aa8b1148d38d4994275d72c4,347.22838,17405.58,120,60,2,16,5,1.0012735762135412,1.1528291456249362,96.7741935483871,3.1999936000128004,Extreme Greed,75
2025-01-24,0x2c229d22b100a7beb69122eed721cee9b24011dd,363.482456,80749.22,38,19,7,0,0,2.4172988554610533,6.2252378679549,73.07692307692307,0.0,Extreme Greed,75
2025-01-24,0x3998f134d6aaa2b6a5f723806d00fd2bbbbce891,0.0,0.01,2,0,0,0,0,1.0,1.0,,0.0,Extreme Greed,75
2025-01-24,0x47add9a56df66b524d5e2c1993a43cde53b6ed85,553.5255989999999,23353.56,40,18,2,0,3,1.0980157472120848,3.2929601447954857,90.0,0.0,Extreme Greed,75
2025-01-24,0x4f93fead39b70a1824f981a54d4e55b278e9f760,1707.06994,615921.78,42,16,0,0,0,16.138840754129358,50.0,100.0,0.0,Extreme Greed,75
2025-01-24,0x72c6a4624e1dffa724e6d00d64ceae698af892a0,0.0,4517.8,2,0,0,2,0,2.4796710662376986,2.7686275560184543,,199999.99999999997,Extreme Greed,75
2025-01-24,0x75f7eeb85dc639d5e99c78f95393aa9a5f1170d4,3540.716915,175718.74,137,129,0,0,0,2.066517074010175,45.05744221858159,100.0,0.0,Extreme Greed,75
2025-01-24,0x8477e447846c758f5a675856001ea72298fd9cb5,288.144978,21346.04,61,2,0,0,0,1.0036088883159717,1.2201421872742768,100.0,0.0,Extreme Greed,75
2025-01-24,0xa0feb3725a9335f49874d7cd8eaad6be45b27416,0.0,6040.46,9,0,0,0,0,1.127469443845569,1.5736124973050611,,0.0,Extreme Greed,75
2025-01-24,0xbee1707d6b44d4d52bfe19e41f8a828645437aab,2109.118305,77411.98,84,46,0,38,46,1.4189920747586453,4.496186252946861,100.0,0.8260867769376571,Extreme Greed,75
2025-01-25,0x23e7a7f8d14b550961925fbfdaa92f5d195ba5bd,4221.156399,129509.91,54,4,0,50,4,2.641914320715849,50.0,100.0,12.499968750078127,Extreme Greed,75
2025-01-25,0x28736f43f1e871e6aa8b1148d38d4994275d72c4,124.70498799999999,28493.72,118,47,4,28,0,1.0186019564922142,2.1941614608466837,92.15686274509804,2800000.0,Extreme Greed,75
2025-01-25,0x2c229d22b100a7beb69122eed721cee9b24011dd,2167.17715,293480.87,53,33,0,0,0,5.643994628908239,50.0,100.0,0.0,Extreme Greed,75
2025-01-25,0x47add9a56df66b524d5e2c1993a43cde53b6ed85,416.148576,21878.85,36,20,1,0,1,1.2154621940207064,3.2930808955225146,95.23809523809523,0.0,Extreme Greed,75
2025-01-25,0x4f93fead39b70a1824f981a54d4e55b278e9f760,446.44485399999996,404746.0,18,4,0,0,0,22.47235081564797,50.0,100.0,0.0,Extreme Greed,75
2025-01-25,0x72c6a4624e1dffa724e6d00d64ceae698af892a0,0.0,55742.0,14,0,0,14,0,4.546848459343036,17.174935749635857,,1400000.0,Extreme Greed,75
2025-01-25,0x8170715b3b381dffb7062c0298972d4727a0a63b,-18956.391598000002,130058.37,29,5,24,0,0,4.877864886704549,50.0,17.24137931034483,0.0,Extreme Greed,75
2025-01-25,0x8381e6d82f1affd39a336e143e081ef7620a3b7f,0.0,80577.65,25,0,0,0,0,3.617084532973506,31.89207826930394,,0.0,Extreme Greed,75
2025-01-25,0x8477e447846c758f5a675856001ea72298fd9cb5,1125.196124,55298.69,111,25,0,0,0,1.08073524941655,4.350505989455602,100.0,0.0,Extreme Greed,75
2025-01-25,0xb1231a4a2dd02f2276fa3c5e2a2f3436e6bfed23,0.0,15073.09,15,0,0,15,0,1.960930802222456,15.41396203333684,,1499999.9999999998,Extreme Greed,75
2025-01-25,0xbee1707d6b44d4d52bfe19e41f8a828645437aab,107.54725099999999,24518.55,33,3,0,30,3,1.256014879789424,2.510890617844144,100.0,9.999966666777777,Extreme Greed,75
2025-01-26,0x28736f43f1e871e6aa8b1148d38d4994275d72c4,273.211119,35426.18,106,48,2,3,7,1.0253483985723757,1.6439662618077722,96.0,0.4285708163274053,Greed,73
2025-01-26,0x47add9a56df66b524d5e2c1993a43cde53b6ed85,535.938645,10555.17,18,16,0,2,13,1.1143814067103541,2.262231938874662,100.0,0.15384603550304962,Greed,73
2025-01-26,0x72c6a4624e1dffa724e6d00d64ceae698af892a0,262.95,91959.79000000001,55,16,0,0,0,2.164355854348515,11.266262378596107,100.0,0.0,Greed,73
2025-01-26,0x8170715b3b381dffb7062c0298972d4727a0a63b,0.0,25001.07,26,0,0,0,0,1.5396719167281359,7.955661650315545,,0.0,Greed,73
2025-01-26,0x8381e6d82f1affd39a336e143e081ef7620a3b7f,38294.693499,932136.39,123,82,0,0,0,7.609034538338476,50.0,100.0,0.0,Greed,73
2025-01-26,0x8477e447846c758f5a675856001ea72298fd9cb5,444.464792,78294.77,96,21,8,0,0,1.1450369136802074,2.744532297306728,72.41379310344827,0.0,Greed,73
2025-01-26,0xbee1707d6b44d4d52bfe19e41f8a828645437aab,1012.208613,27800.29,27,13,0,14,13,1.4460769129602564,5.4885376823500565,100.0,1.0769222485213472,Greed,73
2025-01-27,0x23e7a7f8d14b550961925fbfdaa92f5d195ba5bd,0.0,66856.49,44,0,0,44,0,1.954700284919821,6.5826709973000055,,4400000.0,Greed,71
2025-01-27,0x28736f43f1e871e6aa8b1148d38d4994275d72c4,838.930696,327978.27999999997,268,114,7,23,0,1.788345015963441,21.755548715453735,94.21487603305785,2300000.0,Greed,71
2025-01-27,0x47add9a56df66b524d5e2c1993a43cde53b6ed85,1295.825632,49840.7,83,34,8,19,3,1.1343993047043521,2.195061602629992,80.95238095238095,6.333312222292593,Greed,71
2025-01-27,0x4f93fead39b70a1824f981a54d4e55b278e9f760,0.0,497556.79,15,0,0,0,0,26.590694729428343,50.0,,0.0,Greed,71
2025-01-27,0x6d6a4b953f202f8df5bed40692e7fd865318264a,0.0,14000.05,11,0,0,11,0,1.6015765693932058,4.2133441408893075,,1100000.0,Greed,71
2025-01-27,0x72c6a4624e1dffa724e6d00d64ceae698af892a0,0.0,11300.0,1,0,0,0,0,12.404392867539949,12.404392867539949,,0.0,Greed,71
2025-01-27,0x75f7eeb85dc639d5e99c78f95393aa9a5f1170d4,2582.715893,253685.34,128,122,0,0,0,2.678676891883968,32.93198353047898,100.0,0.0,Greed,71
2025-01-27,0x8170715b3b381dffb7062c0298972d4727a0a63b,0.0,14999.84,22,0,0,0,0,1.2104124729074281,2.0849588942570487,,0.0,Greed,71
2025-01-27,0x8381e6d82f1affd39a336e143e081ef7620a3b7f,0.0,8887.98,2,0,0,2,0,4.878318394638836,5.99548216643489,,199999.99999999997,Greed,71
2025-01-27,0x8477e447846c758f5a675856001ea72298fd9cb5,4321.583225,43303.56,31,18,0,0,0,1.918889888212304,21.2335323451679,100.0,0.0,Greed,71
2025-01-27,0xa0feb3725a9335f49874d7cd8eaad6be45b27416,0.0,8998.42,20,0,0,0,0,1.0,1.0,,0.0,Greed,71
2025-01-27,0xa520ded057a32086c40e7dd6ed4eb8efb82c00e0,12084.434144,55433.34,56,56,0,0,56,1.641256458674113,16.621238779513103,100.0,0.0,Greed,71
2025-01-27,0xb1231a4a2dd02f2276fa3c5e2a2f3436e6bfed23,0.0,45035.7,13,0,0,13,0,4.397988755624741,16.465953344553615,,1300000.0,Greed,71
2025-01-27,0xbd5fead7180a9c139fa51a103cb6a2ce86ddb5c3,20428.824,53883.240000000005,23,23,0,0,0,2.8588761339423927,17.515913848088537,100.0,0.0,Greed,71
2025-01-27,0xbee1707d6b44d4d52bfe19e41f8a828645437aab,-220.548198,56268.58,56,1,17,38,18,1.518746103436765,8.169763666677047,5.555555555555555,2.1111099382722567,Greed,71
2025-01-28,0x23e7a7f8d14b550961925fbfdaa92f5d195ba5bd,6899.2458320000005,73755.74,56,56,0,0,56,1.8502121888230223,6.285470526064804,100.0,0.0,Greed,72
2025-01-28,0x28736f43f1e871e6aa8b1148d38d4994275d72c4,1019.55769,94256.64,151,75,7,4,2,1.282162255658359,9.853456917677411,91.46341463414635,1.9999900000499997,Greed,72
2025-01-28,0x47add9a56df66b524d5e2c1993a43cde53b6ed85,475.702642,24844.39,43,27,8,2,24,1.1486846539060016,2.744565229323191,77.14285714285715,0.08333329861112558,Greed,72
2025-01-28,0x72c6a4624e1dffa724e6d00d64ceae698af892a0,1474.79,113418.54,70,38,0,0,0,1.9741480910752773,15.264077449077202,100.0,0.0,Greed,72
2025-01-28,0x75f7eeb85dc639d5e99c78f95393aa9a5f1170d4,1150.332823,121182.37000000001,37,34,0,0,0,4.150046431769729,32.93941518886068,100.0,0.0,Greed,72
2025-01-28,0x8170715b3b381dffb7062c0298972d4727a0a63b,0.0,9999.78,17,0,0,0,0,1.1661100467110301,2.5010000355665745,,0.0,Greed,72
2025-01-28,0xa520ded057a32086c40e7dd6ed4eb8efb82c00e0,0.0,0.23,3,0,0,0,0,1.0,1.0,,0.0,Greed,72
2025-01-28,0xbee1707d6b44d4d52bfe19e41f8a828645437aab,6959.984986,141954.48,121,83,0,14,59,1.6344185789351153,6.7125109608728035,100.0,0.2372880953748991,Greed,72
2025-01-29,0x23e7a7f8d14b550961925fbfdaa92f5d195ba5bd,0.0,73735.48,46,0,0,46,0,1.9608446056125644,5.3274781671708125,,4600000.0,Greed,72
2025-01-29,0x28736f43f1e871e6aa8b1148d38d4994275d72c4,152.618804,14317.3,42,21,0,0,3,1.0209143604689173,1.3666677058547398,100.0,0.0,Greed,72
2025-01-29,0x47add9a56df66b524d5e2c1993a43cde53b6ed85,41.935052,6247.03,14,3,0,2,0,1.0053375271367655,1.0747253799147178,100.0,199999.99999999997,Greed,72
2025-01-29,0x75f7eeb85dc639d5e99c78f95393aa9a5f1170d4,45.381082,47911.02,36,28,0,0,0,1.893373924605001,11.047791381383911,100.0,0.0,Greed,72
2025-01-29,0x8170715b3b381dffb7062c0298972d4727a0a63b,0.0,6999.64,7,0,0,0,0,1.4952261435297705,2.9073701413749475,,0.0,Greed,72
2025-01-29,0x8477e447846c758f5a675856001ea72298fd9cb5,0.0,5877.25,13,0,0,0,0,1.016762599037973,1.217913787493648,,0.0,Greed,72
2025-01-29,0x92f17e8d81a944691c10e753af1b1baae1a2cd0d,21987.812579,1656692.32,636,272,14,0,0,3.0806857649054256,33.227614242262796,95.1048951048951,0.0,Greed,72
2025-01-29,0xb1231a4a2dd02f2276fa3c5e2a2f3436e6bfed23,0.0,12210.24,40,0,0,40,0,1.016328374357112,1.3284994987747076,,3999999.9999999995,Greed,72
2025-01-29,0xbee1707d6b44d4d52bfe19e41f8a828645437aab,1193.2639530000001,73523.13,76,55,0,21,55,1.546776485967112,5.588387556264343,100.0,0.3818181123967068,Greed,72
2025-01-30,0x23e7a7f8d14b550961925fbfdaa92f5d195ba5bd,7372.485101,81107.93000000001,55,55,0,0,55,1.8983421464066421,8.893719161910907,100.0,0.0,Greed,70
2025-01-30,0x28736f43f1e871e6aa8b1148d38d4994275d72c4,1234.2072,33889.56,86,55,7,3,10,1.0833352845765822,2.872220702470644,88.70967741935483,0.2999997000003,Greed,70
2025-01-30,0x2c229d22b100a7beb69122eed721cee9b24011dd,159.201612,68836.72,15,6,0,0,0,5.097676009552913,18.958303237129375,100.0,0.0,Greed,70
2025-01-30,0x47add9a56df66b524d5e2c1993a43cde53b6ed85,783.829317,27933.38,44,19,1,1,13,1.1218231132379557,2.1922843359083215,95.0,0.07692301775152481,Greed,70
2025-01-30,0x4f93fead39b70a1824f981a54d4e55b278e9f760,3278.847724,1596026.23,75,35,3,0,0,19.25795506814218,50.0,92.10526315789474,0.0,Greed,70
2025-01-30,0x6d6a4b953f202f8df5bed40692e7fd865318264a,1643.602279,9941.4,8,8,0,0,8,1.4921157459387127,4.43823688131169,100.0,0.0,Greed,70
2025-01-30,0x75f7eeb85dc639d5e99c78f95393aa9a5f1170d4,5049.257348,290703.24,134,110,0,0,0,2.7395838571462705,43.91173736585137,100.0,0.0,Greed,70
2025-01-30,0x8170715b3b381dffb7062c0298972d4727a0a63b,0.0,17999.63,37,0,0,0,0,1.1519816119962158,5.488614523721802,,0.0,Greed,70
2025-01-30,0x8477e447846c758f5a675856001ea72298fd9cb5,0.0,2771.67,9,0,0,0,0,1.0,1.0,,0.0,Greed,70
2025-01-30,0xb1231a4a2dd02f2276fa3c5e2a2f3436e6bfed23,2503.8204370000003,542520.25,336,3,0,0,3,2.040663536536,25.328892048410907,100.0,0.0,Greed,70
2025-01-30,0xbee1707d6b44d4d52bfe19e41f8a828645437aab,1072.220367,342667.16,268,79,42,30,23,1.7706370004882377,13.729961416849493,65.28925619834712,1.3043472589794527,Greed,70
2025-01-31,0x28736f43f1e871e6aa8b1148d38d4994275d72c4,755.916254,18338.89,49,38,2,0,13,1.0451195419204002,2.876446977916664,95.0,0.0,Extreme Greed,76
2025-01-31,0x2c229d22b100a7beb69122eed721cee9b24011dd,14418.18988,693980.8300000001,132,113,2,0,0,4.692356932709055,50.0,98.26086956521739,0.0,Extreme Greed,76
2025-01-31,0x47add9a56df66b524d5e2c1993a43cde53b6ed85,488.582241,24289.19,57,23,0,1,5,1.0326986420908624,1.6462605256213263,100.0,0.19999960000080003,Extreme Greed,76
2025-01-31,0x4f93fead39b70a1824f981a54d4e55b278e9f760,975.654751,810395.77,59,21,0,0,0,13.195787111697744,50.0,100.0,0.0,Extreme Greed,76
2025-01-31,0x75f7eeb85dc639d5e99c78f95393aa9a5f1170d4,6216.099195999999,394910.55,172,120,32,0,0,2.9136657090104325,43.91211059537128,78.94736842105263,0.0,Extreme Greed,76
2025-01-31,0x8170715b3b381dffb7062c0298972d4727a0a63b,0.0,30032.41,48,0,0,0,0,1.21936517464141,3.4249955761324506,,0.0,Extreme Greed,76
2025-01-31,0x8477e447846c758f5a675856001ea72298fd9cb5,151.311363,34792.22,66,16,0,0,0,1.0248837775915576,1.2209984197023016,100.0,0.0,Extreme Greed,76
2025-01-31,0xa0feb3725a9335f49874d7cd8eaad6be45b27416,9719.053192,192340.11,65,65,0,0,0,3.44226325435132,5.479887539359241,100.0,0.0,Extreme Greed,76
2025-01-31,0xb1231a4a2dd02f2276fa3c5e2a2f3436e6bfed23,0.0,99951.94,58,0,0,0,0,2.2108261134871183,27.44318239199722,,0.0,Extreme Greed,76
2025-01-31,0xbd5fead7180a9c139fa51a103cb6a2ce86ddb5c3,0.0,96930.53,61,0,0,0,0,2.120222792613543,13.548604802190532,,0.0,Extreme Greed,76
2025-01-31,0xbee1707d6b44d4d52bfe19e41f8a828645437aab,3143.489896,387449.04,249,154,0,54,66,2.029852967266644,13.401409665941998,100.0,0.8181816942148947,Extreme Greed,76
2025-02-01,0x23e7a7f8d14b550961925fbfdaa92f5d195ba5bd,1162.002541,163388.11,78,25,0,53,25,2.573319751381625,18.944153447389322,100.0,2.1199991520003394,Greed,68
2025-02-01,0x28736f43f1e871e6aa8b1148d38d4994275d72c4,3.536668000000001,53933.29,51,21,8,2,0,1.6711915429479673,9.192785780745648,72.41379310344827,199999.99999999997,Greed,68
2025-02-01,0x2c229d22b100a7beb69122eed721cee9b24011dd,88.50699399999999,117810.02,21,12,4,0,0,6.200655299036398,41.89745057892284,75.0,0.0,Greed,68
2025-02-01,0x47add9a56df66b524d5e2c1993a43cde53b6ed85,526.448209,16189.18,33,23,2,1,0,1.0869900745031318,2.0871324073435735,92.0,99999.99999999999,Greed,68
2025-02-01,0x4f93fead39b70a1824f981a54d4e55b278e9f760,0.0,90002.76,4,0,0,0,0,24.69976978325022,49.40295351887371,,0.0,Greed,68
2025-02-01,0x6d6a4b953f202f8df5bed40692e7fd865318264a,0.0,9938.12,5,0,0,5,0,2.3205584040530063,2.7280772664143016,,499999.99999999994,Greed,68
2025-02-01,0x75f7eeb85dc639d5e99c78f95393aa9a5f1170d4,9609.447365,595897.22,148,114,1,0,11,4.611987431409874,50.0,99.1304347826087,0.0,Greed,68
2025-02-01,0x8170715b3b381dffb7062c0298972d4727a0a63b,0.0,13921.36,18,0,0,0,0,1.223662644228205,2.2815301005216844,,0.0,Greed,68
2025-02-01,0x8477e447846c758f5a675856001ea72298fd9cb5,1579.909758,36909.24,60,29,5,0,0,1.1232135515394104,3.006791899075221,85.29411764705883,0.0,Greed,68
2025-02-01,0xa0feb3725a9335f49874d7cd8eaad6be45b27416,923.487443,25021.87,18,18,0,0,0,1.883677555845258,10.076483510500251,100.0,0.0,Greed,68
2025-02-01,0xb1231a4a2dd02f2276fa3c5e2a2f3436e6bfed23,15452.344326,15404.29,11,3,0,8,0,2.090727066672642,7.593804653425645,100.0,799999.9999999999,Greed,68
2025-02-01,0xbee1707d6b44d4d52bfe19e41f8a828645437aab,2954.521713,225330.98,187,133,0,45,105,1.7843207290714973,10.245973621893894,100.0,0.4285713877551059,Greed,68
2025-02-02,0x083384f897ee0f19899168e3b1bec365f52a9012,76710.0,1858470.0,10,9,0,0,0,25.584651967863614,50.0,100.0,0.0,Greed,60
2025-02-02,0x23e7a7f8d14b550961925fbfdaa92f5d195ba5bd,6352.452613,1443682.0,517,233,13,212,209,3.288382969902462,50.0,94.71544715447155,1.0143540184519608,Greed,60
2025-02-02,0x28736f43f1e871e6aa8b1148d38d4994275d72c4,-1416.906536,120908.25,91,5,11,6,5,1.9744552307427194,26.959795277021893,31.25,1.1999976000048,Greed,60
2025-02-02,0x47add9a56df66b524d5e2c1993a43cde53b6ed85,-782.6517170000001,51360.13,108,27,11,25,1,1.0426320362038162,1.8319970984698006,71.05263157894737,24.999750002499972,Greed,60
2025-02-02,0x4f93fead39b70a1824f981a54d4e55b278e9f760,0.0,762553.84,30,0,0,0,0,25.613115299966,50.0,,0.0,Greed,60
2025-02-02,0x72c6a4624e1dffa724e6d00d64ceae698af892a0,0.0,30974.56,37,0,0,0,0,1.2932453538591446,9.080893766144909,,0.0,Greed,60
2025-02-02,0x8170715b3b381dffb7062c0298972d4727a0a63b,0.0,40000.12,30,0,0,0,0,1.7315220431549911,5.488625501060623,,0.0,Greed,60
2025-02-02,0x8381e6d82f1affd39a336e143e081ef7620a3b7f,0.0,36931.96,19,0,0,19,0,2.3490029260038825,6.521527220067972,,1899999.9999999998,Greed,60
2025-02-02,0x8477e447846c758f5a675856001ea72298fd9cb5,1023.934713,64164.55,60,15,1,0,0,1.5905780988624978,5.489492710827469,93.75,0.0,Greed,60
2025-02-02,0x92f17e8d81a944691c10e753af1b1baae1a2cd0d,12245.905048999999,400643.99,169,75,0,0,0,2.795439803520338,22.075911371600892,100.0,0.0,Greed,60
2025-02-02,0xa0feb3725a9335f49874d7cd8eaad6be45b27416,0.0,35103.479999999996,29,0,0,0,0,1.5997790360112873,7.760308928660021,,0.0,Greed,60
2025-02-02,0xb1231a4a2dd02f2276fa3c5e2a2f3436e6bfed23,69051.70619,575314.52,88,71,0,17,0,6.52804768947176,50.0,100.0,1699999.9999999998,Greed,60
2025-02-02,0xbee1707d6b44d4d52bfe19e41f8a828645437aab,-329.680689,240984.89,131,38,20,36,21,2.2828697816550974,10.662706335549132,65.51724137931035,1.7142848979595724,Greed,60
2025-02-03,0x083384f897ee0f19899168e3b1bec365f52a9012,101011.685664,19794543.66,839,256,115,0,0,12.660168999174438,50.0,69.00269541778977,0.0,Fear,44
2025-02-03,0x28736f43f1e871e6aa8b1148d38d4994275d72c4,439.634046,93869.36,75,45,1,9,0,1.8201977823726463,21.832609633975977,97.82608695652173,899999.9999999999,Fear,44
2025-02-03,0x47add9a56df66b524d5e2c1993a43cde53b6ed85,2440.916534,115299.86,182,73,11,12,18,1.2222901098920393,8.231247741412526,86.90476190476191,0.6666662962965021,Fear,44
2025-02-03,0x75f7eeb85dc639d5e99c78f95393aa9a5f1170d4,14982.681725,1032269.1,351,263,67,0,0,3.6427450100335905,46.480555400653046,79.6969696969697,0.0,Fear,44
2025-02-03,0x8170715b3b381dffb7062c0298972d4727a0a63b,13770.715332,42245.02,119,96,0,0,0,1.080823621872321,2.74429079585267,100.0,0.0,Fear,44
2025-02-03,0x8381e6d82f1affd39a336e143e081ef7620a3b7f,0.0,18810.28,8,0,0,8,0,2.6458937178446273,4.679288264478336,,799999.9999999999,Fear,44
2025-02-03,0x8477e447846c758f5a675856001ea72298fd9cb5,1474.607584,227057.59,138,67,0,0,0,2.029575378525209,22.43246631384033,100.0,0.0,Fear,44
2025-02-03,0xa0feb3725a9335f49874d7cd8eaad6be45b27416,2161.6751200000003,128667.93,15,6,0,0,0,7.889116349106886,50.0,100.0,0.0,Fear,44
2025-02-03,0xa520ded057a32086c40e7dd6ed4eb8efb82c00e0,20.596691,999.91,1,1,0,0,1,1.0976350860337938,1.0976350860337938,100.0,0.0,Fear,44
2025-02-03,0xb1231a4a2dd02f2276fa3c5e2a2f3436e6bfed23,46742.288748,343928.37,258,89,0,38,0,1.758063906295174,17.67366918428271,100.0,3799999.9999999995,Fear,44
2025-02-03,0xbd5fead7180a9c139fa51a103cb6a2ce86ddb5c3,160022.95082600001,223835.22,69,69,0,0,0,3.6883595427320426,32.97275336685955,100.0,0.0,Fear,44
2025-02-03,0xbee1707d6b44d4d52bfe19e41f8a828645437aab,5803.573999,571375.07,325,138,41,120,173,2.2061992551824923,29.57304957937029,77.09497206703911,0.6936415784022208,Fear,44
2025-02-04,0x083384f897ee0f19899168e3b1bec365f52a9012,375620.270243,5616220.88,531,83,28,0,0,8.501157364192313,50.0,74.77477477477478,0.0,Greed,72
2025-02-04,0x28736f43f1e871e6aa8b1148d38d4994275d72c4,1291.500575,54703.67,48,17,0,4,2,1.6733143052142199,11.249214571407355,100.0,1.9999900000499997,Greed,72
2025-02-04,0x47add9a56df66b524d5e2c1993a43cde53b6ed85,874.3810560000001,13258.83,34,16,2,4,2,1.0300205937459181,1.5726684461664697,88.88888888888889,1.9999900000499997,Greed,72
2025-02-04,0x4f93fead39b70a1824f981a54d4e55b278e9f760,6403.5061239999995,858959.52,9,9,0,0,0,39.62116154783599,50.0,100.0,0.0,Greed,72
2025-02-04,0x72c6a4624e1dffa724e6d00d64ceae698af892a0,0.0,15000.0,1,0,0,0,0,16.46600823124772,16.46600823124772,,0.0,Greed,72
2025-02-04,0x75f7eeb85dc639d5e99c78f95393aa9a5f1170d4,1985.815595,121983.85,76,74,0,0,0,2.156326554660987,43.91018956107764,100.0,0.0,Greed,72
2025-02-04,0x8170715b3b381dffb7062c0298972d4727a0a63b,0.0,30451.71,45,0,0,0,0,1.2401651264972413,3.4208461420581764,,0.0,Greed,72
2025-02-04,0x8381e6d82f1affd39a336e143e081ef7620a3b7f,9167.620989,6044911.98,104,49,0,0,12,26.362423157361622,50.0,100.0,0.0,Greed,72
2025-02-04,0x8477e447846c758f5a675856001ea72298fd9cb5,0.0,2775.0299999999997,6,0,0,0,0,1.0,1.0,,0.0,Greed,72
2025-02-04,0xa0feb3725a9335f49874d7cd8eaad6be45b27416,4624.583773,893174.02,731,138,11,0,0,1.7652741462967285,50.0,92.61744966442953,0.0,Greed,72
2025-02-04,0xb1231a4a2dd02f2276fa3c5e2a2f3436e6bfed23,16102.444634,1623702.15,661,238,20,0,0,2.918395619729194,50.0,92.24806201550388,0.0,Greed,72
2025-02-04,0xbd5fead7180a9c139fa51a103cb6a2ce86ddb5c3,0.0,68000.0,18,0,0,0,0,4.591603940932935,36.65636406827198,,0.0,Greed,72
2025-02-04,0xbee1707d6b44d4d52bfe19e41f8a828645437aab,806.765131,335267.63,248,71,41,31,44,1.8205460148867711,17.282579534112937,63.39285714285714,0.7045452944215239,Greed,72
2025-02-05,0x083384f897ee0f19899168e3b1bec365f52a9012,44400.9058,5582863.31,210,78,0,0,0,18.45683858412902,50.0,100.0,0.0,Neutral,54
2025-02-05,0x28736f43f1e871e6aa8b1148d38d4994275d72c4,696.8107239999999,75729.73,83,37,1,3,6,1.537905742876538,7.847150656071622,97.36842105263158,0.4999991666680556,Neutral,54
2025-02-05,0x47add9a56df66b524d5e2c1993a43cde53b6ed85,32.72269,1295.7,3,1,0,0,0,1.0,1.0,100.0,0.0,Neutral,54
2025-02-05,0x4f93fead39b70a1824f981a54d4e55b278e9f760,0.0,149967.24,9,0,0,0,0,16.817513304900547,50.0,,0.0,Neutral,54
2025-02-05,0x75f7eeb85dc639d5e99c78f95393aa9a5f1170d4,14.590934,42145.06,20,15,0,0,0,2.5700372658698263,20.718936655924946,100.0,0.0,Neutral,54
2025-02-05,0x8170715b3b381dffb7062c0298972d4727a0a63b,0.0,14999.82,25,0,0,0,0,1.2014508353535291,4.605454683569421,,0.0,Neutral,54
2025-02-05,0x8381e6d82f1affd39a336e143e081ef7620a3b7f,1843.301845,767744.96,327,126,29,172,155,2.853150598226761,50.0,81.29032258064515,1.1096773477627517,Neutral,54
2025-02-05,0x8477e447846c758f5a675856001ea72298fd9cb5,554.257954,11099.21,20,12,0,0,0,1.0346118127582142,1.5837775130531515,100.0,0.0,Neutral,54
2025-02-05,0xa0feb3725a9335f49874d7cd8eaad6be45b27416,-6194.283149,1531595.6300000001,368,45,60,0,0,3.2846620868222716,50.0,42.857142857142854,0.0,Neutral,54
2025-02-05,0xb1231a4a2dd02f2276fa3c5e2a2f3436e6bfed23,14644.100674,514427.44,218,92,0,0,0,2.9049890820596573,47.43447516684451,100.0,0.0,Neutral,54
2025-02-05,0xbee1707d6b44d4d52bfe19e41f8a828645437aab,713.82809,51363.41,14,11,0,0,0,4.16618082010506,11.182922422268351,100.0,0.0,Neutral,54
2025-02-06,0x28736f43f1e871e6aa8b1148d38d4994275d72c4,358.877096,65416.700000000004,45,17,0,1,0,2.104327574328657,21.579472200767597,100.0,99999.99999999999,Neutral,49
2025-02-06,0x2c229d22b100a7beb69122eed721cee9b24011dd,-639.3510530000001,228757.24,61,35,9,0,0,4.480107748375116,34.74567042779563,79.54545454545455,0.0,Neutral,49
2025-02-06,0x47add9a56df66b524d5e2c1993a43cde53b6ed85,922.6724320000001,26120.86,63,15,1,10,5,1.0402422619919707,2.098263428907897,93.75,1.9999960000080002,Neutral,49
2025-02-06,0x4f93fead39b70a1824f981a54d4e55b278e9f760,440.753133,300413.94,10,4,0,0,0,29.122105989279948,50.0,100.0,0.0,Neutral,49
2025-02-06,0x75f7eeb85dc639d5e99c78f95393aa9a5f1170d4,2055.538866,341318.58,73,20,17,0,0,5.127377081819971,50.0,54.054054054054056,0.0,Neutral,49
2025-02-06,0x8170715b3b381dffb7062c0298972d4727a0a63b,0.0,7999.759999999999,17,0,0,0,0,1.035177360088457,1.5980151215037703,,0.0,Neutral,49
2025-02-06,0x8381e6d82f1affd39a336e143e081ef7620a3b7f,71.77363,314161.67,167,39,15,113,54,2.38758473969849,19.371215836874963,72.22222222222221,2.0925922050755172,Neutral,49
2025-02-06,0xa0feb3725a9335f49874d7cd8eaad6be45b27416,2780.135427,577728.76,806,274,1,0,0,1.2844567919779042,14.121907299447296,99.63636363636364,0.0,Neutral,49
2025-02-06,0xb1231a4a2dd02f2276fa3c5e2a2f3436e6bfed23,51100.947505,677553.7,419,355,0,0,0,2.0576949143014125,26.158998410042212,100.0,0.0,Neutral,49
2025-02-06,0xbd5fead7180a9c139fa51a103cb6a2ce86ddb5c3,-24500.0,239500.0,13,0,1,0,0,13.87996594120192,50.0,0.0,0.0,Neutral,49
2025-02-06,0xbee1707d6b44d4d52bfe19e41f8a828645437aab,1212.452697,39537.659999999996,29,26,0,3,7,1.83278772426457,6.627458539688998,100.0,0.4285708163274053,Neutral,49
2025-02-07,0x28736f43f1e871e6aa8b1148d38d4994275d72c4,932.4458159999999,32228.93,54,36,0,13,0,1.2018934104303545,2.8665673729779155,100.0,1300000.0,Fear,44
2025-02-07,0x2c229d22b100a7beb69122eed721cee9b24011dd,-1145.924392,318137.39,149,6,96,0,0,2.8068765710468915,37.62685961608289,5.88235294117647,0.0,Fear,44
2025-02-07,0x430f09841d65beb3f27765503d0f850b8bce7713,5615.052102,417119.94,93,24,0,0,0,5.246152073290921,39.066702262517296,100.0,0.0,Fear,44
2025-02-07,0x47add9a56df66b524d5e2c1993a43cde53b6ed85,126.11297599999999,4899.89,17,14,1,0,0,1.014560626331309,1.2475306476322523,93.33333333333333,0.0,Fear,44
2025-02-07,0x4f93fead39b70a1824f981a54d4e55b278e9f760,3691.30885,526723.87,27,9,0,0,0,18.921256588822352,50.0,100.0,0.0,Fear,44
2025-02-07,0x72c6a4624e1dffa724e6d00d64ceae698af892a0,0.0,41737.450000000004,54,0,0,0,0,1.361971673489448,6.315043476848126,,0.0,Fear,44
2025-02-07,0x75f7eeb85dc639d5e99c78f95393aa9a5f1170d4,2648.450789,231829.37,58,41,10,0,0,4.66684995541913,50.0,80.3921568627451,0.0,Fear,44
2025-02-07,0x8170715b3b381dffb7062c0298972d4727a0a63b,0.0,5999.86,9,0,0,0,0,1.312116820742154,2.5302985528793744,,0.0,Fear,44
2025-02-07,0x8477e447846c758f5a675856001ea72298fd9cb5,0.0,1662.92,6,0,0,0,0,1.0,1.0,,0.0,Fear,44
2025-02-07,0x92f17e8d81a944691c10e753af1b1baae1a2cd0d,0.0,92000.0,2,0,0,2,0,41.127966570929615,50.0,,199999.99999999997,Fear,44
2025-02-07,0xa0feb3725a9335f49874d7cd8eaad6be45b27416,6119.377807,1376937.75,787,202,0,0,0,2.171875788124455,50.0,100.0,0.0,Fear,44
2025-02-07,0xb1231a4a2dd02f2276fa3c5e2a2f3436e6bfed23,1831.9529619999998,153505.59,143,48,0,57,0,1.6357940552610033,9.787373337976003,100.0,5699999.999999999,Fear,44
2025-02-07,0xbee1707d6b44d4d52bfe19e41f8a828645437aab,2631.225181,257480.58,125,50,0,75,50,2.5709341917319533,8.999299206689665,100.0,1.49999970000006,Fear,44
2025-02-08,0x28736f43f1e871e6aa8b1148d38d4994275d72c4,0.0,20168.09,32,0,0,15,0,1.2179922617445444,2.9003226898519734,,1499999.9999999998,Fear,44
2025-02-08,0x420ab45e0bd8863569a5efbb9c05d91f40624641,0.0,51613.57,5,0,0,0,0,11.496553247338309,39.13813180622445,,0.0,Fear,44
2025-02-08,0x47add9a56df66b524d5e2c1993a43cde53b6ed85,78.902492,11717.3,22,5,0,9,0,1.1073416481951315,2.195248217389946,100.0,899999.9999999999,Fear,44
2025-02-08,0x4f93fead39b70a1824f981a54d4e55b278e9f760,0.0,179986.01,8,0,0,0,0,20.901898047746137,50.0,,0.0,Fear,44
2025-02-08,0x75f7eeb85dc639d5e99c78f95393aa9a5f1170d4,235.47104,13764.55,2,1,0,0,0,7.554906453314027,7.68414815192109,100.0,0.0,Fear,44
2025-02-08,0x8170715b3b381dffb7062c0298972d4727a0a63b,0.0,4999.92,5,0,0,0,0,1.461519114400994,2.1954128774722586,,0.0,Fear,44
2025-02-08,0x8477e447846c758f5a675856001ea72298fd9cb5,131.753274,2639.67,8,7,0,0,0,1.0,1.0,100.0,0.0,Fear,44
2025-02-08,0x92f17e8d81a944691c10e753af1b1baae1a2cd0d,0.0,269331.82,152,0,0,152,0,2.3740524794445848,50.0,,15199999.999999998,Fear,44
2025-02-08,0xa0feb3725a9335f49874d7cd8eaad6be45b27416,330.039883,250781.18,328,96,0,0,0,1.3770438867794481,5.448942421223316,100.0,0.0,Fear,44
2025-02-08,0xbee1707d6b44d4d52bfe19e41f8a828645437aab,-189.463436,34732.86,13,1,12,0,13,3.3352231694671057,10.227641466063103,7.6923076923076925,0.0,Fear,44
2025-02-09,0x083384f897ee0f19899168e3b1bec365f52a9012,30897.0887,1432708.93,141,132,0,0,0,6.390992218113123,50.0,100.0,0.0,Neutral,46
2025-02-09,0x28736f43f1e871e6aa8b1148d38d4994275d72c4,31.14195,11645.55,17,11,0,0,0,1.3878248346302642,2.66392569834536,100.0,0.0,Neutral,46
2025-02-09,0x47add9a56df66b524d5e2c1993a43cde53b6ed85,378.027954,10230.31,29,22,3,0,0,1.068083908234232,2.744334705207953,88.0,0.0,Neutral,46
2025-02-09,0x4f93fead39b70a1824f981a54d4e55b278e9f760,866.203569,270878.47000000003,3,1,0,0,0,33.13338110671186,50.0,100.0,0.0,Neutral,46
2025-02-09,0x75f7eeb85dc639d5e99c78f95393aa9a5f1170d4,627.556755,108650.81999999999,71,66,0,0,0,2.2535364331907486,32.93222503193304,100.0,0.0,Neutral,46
2025-02-09,0x8170715b3b381dffb7062c0298972d4727a0a63b,0.0,12000.32,87,0,0,0,0,1.003933606975426,1.2446216528447318,,0.0,Neutral,46
2025-02-09,0x8381e6d82f1affd39a336e143e081ef7620a3b7f,1259.5314,708608.03,103,23,0,0,0,7.161649268977222,50.0,100.0,0.0,Neutral,46
2025-02-09,0x8477e447846c758f5a675856001ea72298fd9cb5,312.034872,20960.649999999998,65,20,1,0,0,1.0103899599975639,1.219351818879177,95.23809523809523,0.0,Neutral,46
2025-02-09,0xa0feb3725a9335f49874d7cd8eaad6be45b27416,183.593223,91236.04,122,21,1,0,0,1.498805136464553,22.112630569956575,95.45454545454545,0.0,Neutral,46
2025-02-09,0xb1231a4a2dd02f2276fa3c5e2a2f3436e6bfed23,115791.92916,177368.06,67,12,0,22,0,3.177182689650254,50.0,100.0,2200000.0,Neutral,46
2025-02-09,0xbd5fead7180a9c139fa51a103cb6a2ce86ddb5c3,0.0,1877.44,3,0,0,0,0,1.2212088918786275,1.6636266756358822,,0.0,Neutral,46
2025-02-09,0xbee1707d6b44d4d52bfe19e41f8a828645437aab,204.72190899999998,74755.08,56,21,0,35,21,1.866732213402225,9.50783540490352,100.0,1.666665873016251,Neutral,46
2025-02-10,0x083384f897ee0f19899168e3b1bec365f52a9012,55086.0,1537560.0,48,16,0,0,0,21.159948581047217,50.0,100.0,0.0,Fear,43
2025-02-10,0x28736f43f1e871e6aa8b1148d38d4994275d72c4,436.833818,46267.68,43,29,0,3,0,1.6501254474963216,9.582997243809755,100.0,300000.0,Fear,43
2025-02-10,0x47add9a56df66b524d5e2c1993a43cde53b6ed85,4.42722,3127.92,6,2,0,0,0,1.103350254535214,1.620101527211284,100.0,0.0,Fear,43
2025-02-10,0x4f93fead39b70a1824f981a54d4e55b278e9f760,2069.55836,1215549.97,84,29,0,0,0,15.071693449386999,50.0,100.0,0.0,Fear,43
2025-02-10,0x72c6a4624e1dffa724e6d00d64ceae698af892a0,0.0,52946.94,24,0,0,0,0,2.872914287328474,21.936751647369206,,0.0,Fear,43
2025-02-10,0x75f7eeb85dc639d5e99c78f95393aa9a5f1170d4,990.674468,153563.73,58,35,0,0,0,3.2166776331543216,26.4750579493716,100.0,0.0,Fear,43
2025-02-10,0x8170715b3b381dffb7062c0298972d4727a0a63b,24.634532000000036,59404.15,85,29,36,0,0,1.1943421142659347,4.800335379655648,44.61538461538462,0.0,Fear,43
2025-02-10,0x8381e6d82f1affd39a336e143e081ef7620a3b7f,0.0,10894.349999999999,10,0,0,0,0,1.4226623647207641,4.940329381637715,,0.0,Fear,43
2025-02-10,0x8477e447846c758f5a675856001ea72298fd9cb5,131.17446,26926.87,46,7,1,0,0,1.216364464983501,5.495146040320197,87.5,0.0,Fear,43
2025-02-10,0xa0feb3725a9335f49874d7cd8eaad6be45b27416,1338.39845,264062.05,304,185,0,0,0,1.4114326580359506,22.130040629326416,100.0,0.0,Fear,43
2025-02-10,0xa520ded057a32086c40e7dd6ed4eb8efb82c00e0,30.785143,499.64,2,2,0,0,2,1.0,1.0,100.0,0.0,Fear,43
2025-02-10,0xb1231a4a2dd02f2276fa3c5e2a2f3436e6bfed23,0.0,33322.12,17,0,0,0,0,2.3702711141815493,11.030666732823414,,0.0,Fear,43
2025-02-10,0xbd5fead7180a9c139fa51a103cb6a2ce86ddb5c3,0.0,13009.77,22,0,0,0,0,1.1401971825442425,2.160340279939701,,0.0,Fear,43
2025-02-10,0xbee1707d6b44d4d52bfe19e41f8a828645437aab,3796.008199,207823.25,140,91,0,49,91,1.9982452912077833,9.073670677200802,100.0,0.5384614792899474,Fear,43
2025-02-11,0x083384f897ee0f19899168e3b1bec365f52a9012,0.0,807600.01,6,0,0,0,0,38.10517885963598,50.0,,0.0,Neutral,47
2025-02-11,0x23e7a7f8d14b550961925fbfdaa92f5d195ba5bd,-12346.990829,75901.55,124,0,124,0,124,1.4751236682204008,13.725899801485786,0.0,0.0,Neutral,47
2025-02-11,0x28736f43f1e871e6aa8b1148d38d4994275d72c4,593.326371,40352.36,41,19,0,2,1,1.5563635531403162,10.512668068546004,100.0,1.9999800001999979,Neutral,47
2025-02-11,0x47add9a56df66b524d5e2c1993a43cde53b6ed85,314.918282,7756.45,17,7,0,3,2,1.0557726040905486,1.330387601051891,100.0,1.4999925000374998,Neutral,47
2025-02-11,0x4f93fead39b70a1824f981a54d4e55b278e9f760,1353.604398,704543.29,56,22,0,0,0,13.35644069166517,50.0,100.0,0.0,Neutral,47
2025-02-11,0x75f7eeb85dc639d5e99c78f95393aa9a5f1170d4,1053.5230999999999,36934.96,5,3,0,0,0,8.506874492572503,19.68473961093674,100.0,0.0,Neutral,47
2025-02-11,0x8170715b3b381dffb7062c0298972d4727a0a63b,0.0,9999.93,13,0,0,0,0,1.2890147203411466,3.363346841314659,,0.0,Neutral,47
2025-02-11,0x8381e6d82f1affd39a336e143e081ef7620a3b7f,109.90750199999998,503396.55,211,80,17,113,95,2.8754705857690466,21.535782392260685,82.4742268041237,1.1894735590027832,Neutral,47
2025-02-11,0x8477e447846c758f5a675856001ea72298fd9cb5,56.537437,10821.48,19,5,0,0,0,1.0769381340987547,2.438099884123208,100.0,0.0,Neutral,47
2025-02-11,0xa0feb3725a9335f49874d7cd8eaad6be45b27416,869.757103,222415.75,183,31,0,0,0,1.6946190863069244,22.30142982033606,100.0,0.0,Neutral,47
2025-02-11,0xb1231a4a2dd02f2276fa3c5e2a2f3436e6bfed23,0.0,276535.25,121,0,0,0,0,2.703319749387607,50.0,,0.0,Neutral,47
2025-02-11,0xbee1707d6b44d4d52bfe19e41f8a828645437aab,1901.6318190000002,101286.59,52,18,0,34,18,2.3988226449462147,9.101135978930524,100.0,1.8888878395067559,Neutral,47
2025-02-12,0x23e7a7f8d14b550961925fbfdaa92f5d195ba5bd,355.5854,427297.12,159,127,0,0,0,3.239443425337762,26.58668650784064,100.0,0.0,Neutral,46
2025-02-12,0x28736f43f1e871e6aa8b1148d38d4994275d72c4,198.780392,42341.16,59,27,4,11,0,1.236174944129624,2.673662597879438,87.09677419354838,1100000.0,Neutral,46
2025-02-12,0x430f09841d65beb3f27765503d0f850b8bce7713,22795.8104,460247.95,108,45,0,0,0,4.688876152736443,50.0,100.0,0.0,Neutral,46
2025-02-12,0x47add9a56df66b524d5e2c1993a43cde53b6ed85,117.09923500000001,3308.29,5,4,1,0,0,1.0514408635389443,1.1648163996172844,80.0,0.0,Neutral,46
2025-02-12,0x4f93fead39b70a1824f981a54d4e55b278e9f760,5212.729861,1243390.53,84,45,0,0,0,14.471565420161605,50.0,100.0,0.0,Neutral,46
2025-02-12,0x75f7eeb85dc639d5e99c78f95393aa9a5f1170d4,-22303.603584,348457.81,118,28,72,0,0,3.576754862873647,43.91279119037817,28.000000000000004,0.0,Neutral,46
2025-02-12,0x8170715b3b381dffb7062c0298972d4727a0a63b,0.0,24999.670000000002,23,0,0,0,0,1.5882300934980982,5.4885376823500565,,0.0,Neutral,46
2025-02-12,0x8381e6d82f1affd39a336e143e081ef7620a3b7f,2760.439779,1003654.27,81,57,0,0,0,10.417564367686111,50.0,100.0,0.0,Neutral,46
2025-02-12,0x8477e447846c758f5a675856001ea72298fd9cb5,299.669854,12328.46,30,23,3,0,0,1.009745944861266,1.0980961342642688,88.46153846153845,0.0,Neutral,46
2025-02-12,0xa0feb3725a9335f49874d7cd8eaad6be45b27416,0.0,49983.3,50,0,0,0,0,1.274276222337654,2.0816327605943368,,0.0,Neutral,46
2025-02-12,0xb1231a4a2dd02f2276fa3c5e2a2f3436e6bfed23,8664.933786,412695.06,243,76,0,26,0,2.1964039441464527,50.0,100.0,2600000.0,Neutral,46
2025-02-12,0xbee1707d6b44d4d52bfe19e41f8a828645437aab,1747.1899090000002,115270.92,71,45,0,26,45,2.2238076907779987,11.873320192726926,100.0,0.5777776493827446,Neutral,46
2025-02-13,0x28736f43f1e871e6aa8b1148d38d4994275d72c4,287.27875,27205.38,42,21,0,3,2,1.1990272865070162,4.421287870172326,100.0,1.4999925000374998,Neutral,50
2025-02-13,0x2c229d22b100a7beb69122eed721cee9b24011dd,17378.569333,1148828.7,321,206,0,0,0,3.820597775697875,50.0,100.0,0.0,Neutral,50
2025-02-13,0x47add9a56df66b524d5e2c1993a43cde53b6ed85,534.854304,18034.65,47,27,0,1,14,1.0430800290134332,1.6463593216707137,100.0,0.0714285204081997,Neutral,50
2025-02-13,0x4f93fead39b70a1824f981a54d4e55b278e9f760,2205.413149,402796.16,23,11,0,0,0,18.058888840927974,50.0,100.0,0.0,Neutral,50
2025-02-13,0x75f7eeb85dc639d5e99c78f95393aa9a5f1170d4,2390.12335,129157.99,101,84,0,0,0,1.8714348336975974,34.88051605787073,100.0,0.0,Neutral,50
2025-02-13,0x8170715b3b381dffb7062c0298972d4727a0a63b,-3556.3882559999997,43595.9,46,0,16,0,0,1.393853753630372,4.958420036014447,0.0,0.0,Neutral,50
2025-02-13,0x8381e6d82f1affd39a336e143e081ef7620a3b7f,1998.702085,85654.33,42,42,0,0,41,2.539387245783387,6.148253790804406,100.0,0.0,Neutral,50
2025-02-13,0x8477e447846c758f5a675856001ea72298fd9cb5,181.456277,6607.2699999999995,25,11,0,0,0,1.0,1.0,100.0,0.0,Neutral,50
2025-02-13,0xa0feb3725a9335f49874d7cd8eaad6be45b27416,1312.55815,802803.87,399,160,0,0,0,2.680598502032232,50.0,100.0,0.0,Neutral,50
2025-02-13,0xb1231a4a2dd02f2276fa3c5e2a2f3436e6bfed23,0.0,291528.56,168,0,0,0,0,2.31141742399327,36.5905110126858,,0.0,Neutral,50
2025-02-13,0xbee1707d6b44d4d52bfe19e41f8a828645437aab,5096.967096,243639.4,156,79,0,19,31,2.0697515589538074,19.86483383163131,100.0,0.6129030280957974,Neutral,50
2025-02-14,0x28736f43f1e871e6aa8b1148d38d4994275d72c4,404.813032,25221.44,47,37,1,4,11,1.1975147062006815,3.1503645135128804,97.36842105263158,0.3636360330581518,Neutral,48
2025-02-14,0x3998f134d6aaa2b6a5f723806d00fd2bbbbce891,19.530304,50.78,2,2,0,0,2,1.0,1.0,100.0,0.0,Neutral,48
2025-02-14,0x3f9a0aadc7f04a7c9d75dc1b5a6ddd6e36486cf6,8019.163096,63734.69,1,1,0,0,1,50.0,50.0,100.0,0.0,Neutral,48
2025-02-14,0x420ab45e0bd8863569a5efbb9c05d91f40624641,0.0,24947.14,12,0,0,0,0,2.6283642433239827,13.714143071608675,,0.0,Neutral,48
2025-02-14,0x47add9a56df66b524d5e2c1993a43cde53b6ed85,-10.630689999999959,14832.36,47,32,3,0,23,1.0298835207189982,1.6464910497365637,91.42857142857143,0.0,Neutral,48
2025-02-14,0x4f93fead39b70a1824f981a54d4e55b278e9f760,2678.115601,1154846.76,58,25,0,0,0,17.251387630259167,50.0,100.0,0.0,Neutral,48
2025-02-14,0x513b8629fe877bb581bf244e326a047b249c4ff1,194499.072534,921831.01,464,464,0,0,464,2.642224607640004,50.0,100.0,0.0,Neutral,48
2025-02-14,0x6d6a4b953f202f8df5bed40692e7fd865318264a,844.8168900000001,5342.37,21,21,0,0,21,1.0,1.0,100.0,0.0,Neutral,48
2025-02-14,0x72c6a4624e1dffa724e6d00d64ceae698af892a0,0.0,15294.55,5,0,0,0,0,3.4601132246635293,10.896710267192804,,0.0,Neutral,48
2025-02-14,0x8170715b3b381dffb7062c0298972d4727a0a63b,8781.96,847863.59,311,82,23,0,0,3.36804018946765,36.18062815845476,78.0952380952381,0.0,Neutral,48
2025-02-14,0x8381e6d82f1affd39a336e143e081ef7620a3b7f,27.247837999999998,17808.66,40,11,0,29,11,1.2063552973783038,5.743124124282788,100.0,2.6363612396716003,Neutral,48
2025-02-14,0x8477e447846c758f5a675856001ea72298fd9cb5,0.0,2549.71,10,0,0,0,0,1.0,1.0,,0.0,Neutral,48
2025-02-14,0xa0feb3725a9335f49874d7cd8eaad6be45b27416,414.743169,419937.63,306,34,2,0,0,1.8607662526310047,44.57721657718666,94.44444444444444,0.0,Neutral,48
2025-02-14,0xb1231a4a2dd02f2276fa3c5e2a2f3436e6bfed23,0.0,266536.1,165,0,0,0,0,2.198583635885422,36.590587854057546,,0.0,Neutral,48
2025-02-14,0xbee1707d6b44d4d52bfe19e41f8a828645437aab,-1818.156466,226306.63,166,1,63,0,1,1.906303964035549,27.27599752175595,1.5625,0.0,Neutral,48
2025-02-15,0x28736f43f1e871e6aa8b1148d38d4994275d72c4,64.653448,2320.4900000000002,9,8,0,1,0,1.037752580638189,1.339773225743702,100.0,99999.99999999999,Neutral,50
2025-02-15,0x2c229d22b100a7beb69122eed721cee9b24011dd,590.06989,60437.04,47,32,0,0,0,1.714212513786952,7.721174715763755,100.0,0.0,Neutral,50
2025-02-15,0x47add9a56df66b524d5e2c1993a43cde53b6ed85,231.07204,7711.28,21,5,0,8,0,1.0046524261936534,1.0977009500667188,100.0,799999.9999999999,Neutral,50
2025-02-15,0x4f93fead39b70a1824f981a54d4e55b278e9f760,3884.0032459999998,476361.68,21,13,0,0,0,19.54402528643587,50.0,100.0,0.0,Neutral,50
2025-02-15,0x6d6a4b953f202f8df5bed40692e7fd865318264a,0.0,5340.41,11,0,0,11,0,1.0,1.0,,1100000.0,Neutral,50
2025-02-15,0x72c6a4624e1dffa724e6d00d64ceae698af892a0,0.0,11400.0,7,0,0,0,0,2.254422032761019,8.460202097198616,,0.0,Neutral,50
2025-02-15,0x75f7eeb85dc639d5e99c78f95393aa9a5f1170d4,462.740727,108503.92,28,19,0,0,0,4.500286147859229,20.851531931541775,100.0,0.0,Neutral,50
2025-02-15,0x8170715b3b381dffb7062c0298972d4727a0a63b,35346.87108,432960.07,179,154,7,0,0,2.9949963646120095,50.0,95.65217391304348,0.0,Neutral,50
2025-02-15,0x8477e447846c758f5a675856001ea72298fd9cb5,49.98382900000001,3941.88,9,3,6,0,0,1.0,1.0,33.33333333333333,0.0,Neutral,50
2025-02-15,0xa0feb3725a9335f49874d7cd8eaad6be45b27416,590.73516,366862.15,466,113,3,0,0,1.319957320973544,17.579659254621106,97.41379310344827,0.0,Neutral,50
2025-02-15,0xbd5fead7180a9c139fa51a103cb6a2ce86ddb5c3,0.0,3221.7599999999998,4,0,0,0,0,1.0561579797129992,1.224631918851997,,0.0,Neutral,50
2025-02-15,0xbee1707d6b44d4d52bfe19e41f8a828645437aab,3822.79759,233792.27,130,54,0,45,8,2.3471765896123884,15.36394927766913,100.0,5.624992968758789,Neutral,50
2025-02-16,0x28736f43f1e871e6aa8b1148d38d4994275d72c4,59.664989,5536.66,11,4,0,2,1,1.1506352745645996,2.656988020210594,100.0,1.9999800001999979,Neutral,54
2025-02-16,0x47add9a56df66b524d5e2c1993a43cde53b6ed85,278.922501,16262.4,41,17,10,0,0,1.0814844433598714,3.0244434598991186,62.96296296296296,0.0,Neutral,54
2025-02-16,0x4f93fead39b70a1824f981a54d4e55b278e9f760,314.96786,360143.82,25,11,0,0,0,14.7416485767441,50.0,100.0,0.0,Neutral,54
2025-02-16,0x72c6a4624e1dffa724e6d00d64ceae698af892a0,0.0,9900.0,6,0,0,0,0,1.9492808891702975,5.630847902823321,,0.0,Neutral,54
2025-02-16,0x75f7eeb85dc639d5e99c78f95393aa9a5f1170d4,14.54605,1706.16,5,1,0,0,0,1.0,1.0,100.0,0.0,Neutral,54
2025-02-16,0x8170715b3b381dffb7062c0298972d4727a0a63b,0.0,9999.890000000001,3,0,0,0,0,4.221692480244811,10.665077440734432,,0.0,Neutral,54
2025-02-16,0x8381e6d82f1affd39a336e143e081ef7620a3b7f,559.647247,109508.67,80,34,0,46,34,1.8800223685233135,5.663461576460011,100.0,1.3529407785468297,Neutral,54
2025-02-16,0x8477e447846c758f5a675856001ea72298fd9cb5,0.0,555.02,1,0,0,0,0,1.0,1.0,,0.0,Neutral,54
2025-02-16,0xa0feb3725a9335f49874d7cd8eaad6be45b27416,819.9958,228095.48,455,195,33,0,0,1.1481729985557343,16.145513847034714,85.52631578947368,0.0,Neutral,54
2025-02-16,0xbee1707d6b44d4d52bfe19e41f8a828645437aab,321.733978,64469.54,54,38,6,4,37,1.7271910292601684,8.761310501054034,86.36363636363636,0.1081080788897084,Neutral,54
2025-02-17,0x28736f43f1e871e6aa8b1148d38d4994275d72c4,115.824682,13067.380000000001,28,18,0,2,0,1.1156178174880043,2.6280298004012406,100.0,199999.99999999997,Neutral,51
2025-02-17,0x47add9a56df66b524d5e2c1993a43cde53b6ed85,19.482565,5099.0599999999995,13,5,2,3,0,1.0497283919276095,1.646469095058922,71.42857142857143,300000.0,Neutral,51
2025-02-17,0x4f93fead39b70a1824f981a54d4e55b278e9f760,1204.110761,539004.4,42,5,0,0,0,12.43716025528396,50.0,100.0,0.0,Neutral,51
2025-02-17,0x513b8629fe877bb581bf244e326a047b249c4ff1,0.0,921521.26,292,0,0,292,0,3.575882928263412,50.0,,29199999.999999996,Neutral,51
2025-02-17,0x8170715b3b381dffb7062c0298972d4727a0a63b,0.0,15019.05,6,0,0,0,0,2.883775302948934,5.488603546382981,,0.0,Neutral,51
2025-02-17,0x8381e6d82f1affd39a336e143e081ef7620a3b7f,64.346683,116786.7,105,17,0,88,17,1.6973407762617816,9.147482303432074,100.0,5.176467543254386,Neutral,51
2025-02-17,0x8477e447846c758f5a675856001ea72298fd9cb5,0.0,10212.81,20,0,0,0,0,1.1698509804300392,2.7447189120666824,,0.0,Neutral,51
2025-02-17,0xa0feb3725a9335f49874d7cd8eaad6be45b27416,303.11202,170070.85,284,118,1,0,0,1.2534874912667535,20.062250292985148,99.15966386554622,0.0,Neutral,51
2025-02-17,0xbee1707d6b44d4d52bfe19e41f8a828645437aab,111.69658399999999,240263.13,151,48,28,45,46,2.07861100018506,9.584588957938777,63.1578947368421,0.9782606568998571,Neutral,51
2025-02-18,0x28736f43f1e871e6aa8b1148d38d4994275d72c4,45.659497,14575.84,36,7,0,12,2,1.0704998118972007,2.641696587233176,100.0,5.999970000149999,Neutral,47
2025-02-18,0x47add9a56df66b524d5e2c1993a43cde53b6ed85,336.64107,22450.65,54,20,0,8,4,1.027768089259848,2.091929504408277,100.0,1.9999950000125002,Neutral,47
2025-02-18,0x4f93fead39b70a1824f981a54d4e55b278e9f760,1670.219701,580438.45,44,14,0,0,0,13.546836911752841,50.0,100.0,0.0,Neutral,47
2025-02-18,0x72c6a4624e1dffa724e6d00d64ceae698af892a0,0.0,6310.99,9,0,0,0,0,1.3775292703421425,4.397763433079282,,0.0,Neutral,47
2025-02-18,0x75f7eeb85dc639d5e99c78f95393aa9a5f1170d4,3112.721339,314138.47000000003,131,106,21,0,0,2.9360315540537423,43.979094316856,83.46456692913385,0.0,Neutral,47
2025-02-18,0x8170715b3b381dffb7062c0298972d4727a0a63b,0.0,24999.7,13,0,0,0,0,2.444859661816223,5.488625501060623,,0.0,Neutral,47
2025-02-18,0x8381e6d82f1affd39a336e143e081ef7620a3b7f,3981.044269,259505.77,177,27,0,150,27,2.015636622528808,50.0,100.0,5.555553497943149,Neutral,47
2025-02-18,0x8477e447846c758f5a675856001ea72298fd9cb5,950.815596,14814.74,23,21,0,0,0,1.280266713824041,3.6376705384472463,100.0,0.0,Neutral,47
2025-02-18,0xa0feb3725a9335f49874d7cd8eaad6be45b27416,3494.964308,499345.74,413,149,0,0,0,1.6100089799734807,26.92786219839209,100.0,0.0,Neutral,47
2025-02-18,0xb1231a4a2dd02f2276fa3c5e2a2f3436e6bfed23,73677.453556,700853.59,264,264,0,0,0,2.863532970410534,50.0,100.0,0.0,Neutral,47
2025-02-18,0xbee1707d6b44d4d52bfe19e41f8a828645437aab,3935.153067,933694.74,512,250,51,180,253,2.3132790059918134,14.104519194755097,83.05647840531562,0.711462422471841,Neutral,47
2025-02-19,0x28736f43f1e871e6aa8b1148d38d4994275d72c4,20.62415,11189.19,22,7,0,5,0,1.0964836629854788,1.3236804470323624,100.0,499999.99999999994,Fear,44
2025-02-19,0x47add9a56df66b524d5e2c1993a43cde53b6ed85,89.261197,6685.82,22,6,2,5,2,1.0,1.0,75.0,2.4999875000625,Fear,44
2025-02-19,0x4f93fead39b70a1824f981a54d4e55b278e9f760,3512.2119079999998,942394.5599999999,58,23,0,0,0,14.289954768973109,50.0,100.0,0.0,Fear,44
2025-02-19,0x75f7eeb85dc639d5e99c78f95393aa9a5f1170d4,770.462266,356494.68,221,154,54,0,0,2.1675094319033623,43.953495162725815,74.03846153846155,0.0,Fear,44
2025-02-19,0x8170715b3b381dffb7062c0298972d4727a0a63b,0.0,14999.82,17,0,0,0,0,1.4285286520037135,4.937552114916045,,0.0,Fear,44
2025-02-19,0x8477e447846c758f5a675856001ea72298fd9cb5,0.0,7496.91,9,0,0,0,0,1.3929737518168097,2.6886247106922316,,0.0,Fear,44
2025-02-19,0xa0feb3725a9335f49874d7cd8eaad6be45b27416,1280.6095579999999,436759.6,400,134,0,0,0,1.4824216624169722,50.0,100.0,0.0,Fear,44
2025-02-19,0xb1231a4a2dd02f2276fa3c5e2a2f3436e6bfed23,3350.218775,196397.61,85,26,0,0,0,2.7620328977671624,25.390584692583985,100.0,0.0,Fear,44
2025-02-19,0xbaaaf6571ab7d571043ff1e313a9609a10637864,31.42038,597811.21,121,2,0,0,2,5.717372307122244,13.257024728431597,100.0,0.0,Fear,44
2025-02-19,0xbee1707d6b44d4d52bfe19e41f8a828645437aab,5930.986467,693700.84,406,230,2,168,229,2.2255016571920603,49.36083346981818,99.13793103448276,0.7336244221124706,Fear,44
2025-02-20,0x28736f43f1e871e6aa8b1148d38d4994275d72c4,278.142839,22754.77,53,26,0,15,2,1.0831689583856703,2.670182781473234,100.0,7.4999625001874985,Neutral,49
2025-02-20,0x2c229d22b100a7beb69122eed721cee9b24011dd,3057.28245,846463.22,149,132,9,0,0,4.290214799291026,50.0,93.61702127659575,0.0,Neutral,49
2025-02-20,0x47add9a56df66b524d5e2c1993a43cde53b6ed85,168.023469,4923.85,13,11,0,0,0,1.010611911655593,1.1379548515227091,100.0,0.0,Neutral,49
2025-02-20,0x4acb90e786d897ecffb614dc822eb231b4ffb9f4,0.0,19999.92,13,0,0,13,0,2.048076994851829,4.397148702105316,,1300000.0,Neutral,49
2025-02-20,0x4f93fead39b70a1824f981a54d4e55b278e9f760,1829.292797,1540266.49,90,40,0,0,0,15.78137443209956,50.0,100.0,0.0,Neutral,49
2025-02-20,0x75f7eeb85dc639d5e99c78f95393aa9a5f1170d4,1727.154021,145023.33,69,65,0,0,0,2.7916489382644682,43.914865907415304,100.0,0.0,Neutral,49
2025-02-20,0x8170715b3b381dffb7062c0298972d4727a0a63b,0.0,34999.78,31,0,0,0,0,1.6608125675486989,8.242751992496759,,0.0,Neutral,49
2025-02-20,0xa0feb3725a9335f49874d7cd8eaad6be45b27416,2866.872677,790994.25,968,443,0,0,0,1.3923574869890676,48.958777458166395,100.0,0.0,Neutral,49
2025-02-20,0xb1231a4a2dd02f2276fa3c5e2a2f3436e6bfed23,0.0,405151.94,279,0,0,39,0,1.9804867092668916,22.92689663166942,,3899999.9999999995,Neutral,49
2025-02-20,0xbaaaf6571ab7d571043ff1e313a9609a10637864,35262.804627,633013.49,185,185,0,0,0,3.7535167162856196,50.0,100.0,0.0,Neutral,49
2025-02-20,0xbee1707d6b44d4d52bfe19e41f8a828645437aab,819.221222,185018.25,162,62,19,17,27,1.6663675382494785,6.567105130852066,76.5432098765432,0.6296293964335569,Neutral,49
2025-02-21,0x28736f43f1e871e6aa8b1148d38d4994275d72c4,591.659533,29836.45,93,61,0,2,9,1.0249447536505043,1.8388030485387161,100.0,0.22222197530891633,Greed,55
2025-02-21,0x2c229d22b100a7beb69122eed721cee9b24011dd,8502.805925,168620.8,60,26,0,0,0,3.3707551911469333,21.753517907771883,100.0,0.0,Greed,55
2025-02-21,0x3998f134d6aaa2b6a5f723806d00fd2bbbbce891,-350.632694,1294.15,7,0,5,2,5,1.0,1.0,0.0,0.39999920000160005,Greed,55
2025-02-21,0x430f09841d65beb3f27765503d0f850b8bce7713,82117.04336,382634.58,255,255,0,0,0,2.046410020617679,35.501910276501555,100.0,0.0,Greed,55
2025-02-21,0x47add9a56df66b524d5e2c1993a43cde53b6ed85,165.776644,4523.86,15,11,1,0,1,1.0,1.0,91.66666666666666,0.0,Greed,55
2025-02-21,0x4f93fead39b70a1824f981a54d4e55b278e9f760,5993.575314,1294008.56,76,8,0,0,0,12.041541936172843,50.0,100.0,0.0,Greed,55
2025-02-21,0x72c6a4624e1dffa724e6d00d64ceae698af892a0,0.0,6737.94,18,0,0,0,0,1.0,1.0,,0.0,Greed,55
2025-02-21,0x75f7eeb85dc639d5e99c78f95393aa9a5f1170d4,2720.828056,282910.54,188,121,28,0,0,2.0667169511309313,43.91937759367067,81.20805369127517,0.0,Greed,55
2025-02-21,0x8170715b3b381dffb7062c0298972d4727a0a63b,0.0,24999.690000000002,38,0,0,0,0,1.2026756697176193,2.2797298169550677,,0.0,Greed,55
2025-02-21,0x8381e6d82f1affd39a336e143e081ef7620a3b7f,8995.13393,126876.4,8,8,0,0,8,7.672616512376509,50.0,100.0,0.0,Greed,55
2025-02-21,0xa0feb3725a9335f49874d7cd8eaad6be45b27416,3417.71341,793176.02,769,341,0,0,0,1.5578935956195983,46.567243445321154,100.0,0.0,Greed,55
2025-02-21,0xb1231a4a2dd02f2276fa3c5e2a2f3436e6bfed23,3056.449155,276572.26,58,31,0,0,0,5.23647516530017,50.0,100.0,0.0,Greed,55
2025-02-21,0xbd5fead7180a9c139fa51a103cb6a2ce86ddb5c3,0.0,154282.11,33,0,0,0,0,5.509924425745794,40.908699716652876,,0.0,Greed,55
2025-02-21,0xbee1707d6b44d4d52bfe19e41f8a828645437aab,4483.141317,425686.52,255,116,0,2,6,2.191115589406165,24.009975766426788,100.0,0.33333277777870374,Greed,55
2025-02-22,0x28736f43f1e871e6aa8b1148d38d4994275d72c4,408.03639799999996,30380.94,58,17,1,0,0,1.1672097320210526,3.8061178026529103,94.44444444444444,0.0,Neutral,49
2025-02-22,0x47add9a56df66b524d5e2c1993a43cde53b6ed85,31.523152,6183.66,18,2,3,0,0,1.0,1.0,40.0,0.0,Neutral,49
2025-02-22,0x4f93fead39b70a1824f981a54d4e55b278e9f760,1287.143384,1521306.46,91,52,0,0,0,14.208067032542885,50.0,100.0,0.0,Neutral,49
2025-02-22,0x72c6a4624e1dffa724e6d00d64ceae698af892a0,0.0,14533.33,14,0,0,0,0,1.5731021451413694,5.915204887638148,,0.0,Neutral,49
2025-02-22,0x75f7eeb85dc639d5e99c78f95393aa9a5f1170d4,1437.17482,265560.55,121,80,2,0,0,2.7693977769143374,43.923636801133156,97.5609756097561,0.0,Neutral,49
2025-02-22,0x8477e447846c758f5a675856001ea72298fd9cb5,-80.922744,6183.04,18,0,1,0,0,1.0,1.0,0.0,0.0,Neutral,49
2025-02-22,0xa0feb3725a9335f49874d7cd8eaad6be45b27416,101.06290399999999,32351.559999999998,41,20,0,0,0,1.434147902922926,10.91356048228278,100.0,0.0,Neutral,49
2025-02-22,0xb1231a4a2dd02f2276fa3c5e2a2f3436e6bfed23,5628.488702,200001.43,127,93,0,0,0,1.9707919359590815,6.060325306849545,100.0,0.0,Neutral,49
2025-02-22,0xbd5fead7180a9c139fa51a103cb6a2ce86ddb5c3,15074.26913,1033230.62,138,36,4,0,0,6.840430268790604,50.0,90.0,0.0,Neutral,49
2025-02-22,0xbee1707d6b44d4d52bfe19e41f8a828645437aab,1391.928432,65838.61,60,41,0,3,18,1.5560970701189945,5.623580904523929,100.0,0.16666657407412552,Neutral,49
2025-02-23,0x28736f43f1e871e6aa8b1148d38d4994275d72c4,39.91436,13213.73,24,9,0,0,2,1.1114639898645493,2.6193028160386786,100.0,0.0,Neutral,50
2025-02-23,0x39cef799f8b69da1995852eea189df24eb5cae3c,2.9205,14406.83,6,1,0,0,0,2.823462144354344,7.90902991500465,100.0,0.0,Neutral,50
2025-02-23,0x47add9a56df66b524d5e2c1993a43cde53b6ed85,122.057796,2589.9500000000003,7,5,2,0,0,1.0,1.0,71.42857142857143,0.0,Neutral,50
2025-02-23,0x4f93fead39b70a1824f981a54d4e55b278e9f760,109.68322,279927.15,31,7,6,0,0,10.125394042200192,35.11426751072152,53.84615384615385,0.0,Neutral,50
2025-02-23,0x75f7eeb85dc639d5e99c78f95393aa9a5f1170d4,1001.2053860000001,295546.9,125,98,1,0,0,3.116766318363021,46.20221399751204,98.98989898989899,0.0,Neutral,50
2025-02-23,0x8170715b3b381dffb7062c0298972d4727a0a63b,0.0,4999.92,4,0,0,0,0,1.5145235681268998,1.7461652862297166,,0.0,Neutral,50
2025-02-23,0x8381e6d82f1affd39a336e143e081ef7620a3b7f,0.0,18908.36,40,0,0,40,0,1.2695133504199267,6.453050580503623,,3999999.9999999995,Neutral,50
2025-02-23,0x8477e447846c758f5a675856001ea72298fd9cb5,63.922728,13789.22,24,1,0,0,0,1.0726957980357,1.7212357497676074,100.0,0.0,Neutral,50
2025-02-23,0xa0feb3725a9335f49874d7cd8eaad6be45b27416,0.0,11993.11,53,0,0,0,0,1.0,1.0,,0.0,Neutral,50
2025-02-23,0xb1231a4a2dd02f2276fa3c5e2a2f3436e6bfed23,8934.09502,200497.32,88,88,0,0,0,2.7330245634122714,20.71873906382617,100.0,0.0,Neutral,50
2025-02-23,0xbd5fead7180a9c139fa51a103cb6a2ce86ddb5c3,0.0,182667.63,73,0,0,0,0,3.123488469316082,40.52152897644214,,0.0,Neutral,50
2025-02-23,0xbee1707d6b44d4d52bfe19e41f8a828645437aab,383.135241,102770.62,45,25,0,20,13,2.8235565006800307,15.616647617324679,100.0,1.5384603550304963,Neutral,50
2025-02-24,0x083384f897ee0f19899168e3b1bec365f52a9012,10152.12224,1603504.46,59,31,0,0,0,19.618660928244793,50.0,100.0,0.0,Neutral,49
2025-02-24,0x23e7a7f8d14b550961925fbfdaa92f5d195ba5bd,1129.8489260000001,262595.6,160,52,0,108,52,2.098870053117145,11.855525926498359,100.0,2.0769226775148697,Neutral,49
2025-02-24,0x28736f43f1e871e6aa8b1148d38d4994275d72c4,180.244855,17227.04,61,27,0,18,0,1.030996304926977,1.7062736369548137,100.0,1799999.9999999998,Neutral,49
2025-02-24,0x47add9a56df66b524d5e2c1993a43cde53b6ed85,437.185458,15768.59,29,11,1,3,0,1.0882393319079546,2.195292126745229,91.66666666666666,300000.0,Neutral,49
2025-02-24,0x4acb90e786d897ecffb614dc822eb231b4ffb9f4,856.4737299999999,240953.5,41,7,0,0,0,6.617980844575878,33.88466285738369,100.0,0.0,Neutral,49
2025-02-24,0x4f93fead39b70a1824f981a54d4e55b278e9f760,1925.839355,461880.54,17,5,0,0,0,22.366537889137277,50.0,100.0,0.0,Neutral,49
2025-02-24,0x8381e6d82f1affd39a336e143e081ef7620a3b7f,0.0,83374.23,44,0,0,44,0,2.4050368181939907,12.734272876444766,,4400000.0,Neutral,49
2025-02-24,0x8477e447846c758f5a675856001ea72298fd9cb5,1282.097568,48124.62,55,35,3,0,0,1.4755079563951352,13.12258525989287,92.10526315789474,0.0,Neutral,49
2025-02-24,0x92f17e8d81a944691c10e753af1b1baae1a2cd0d,0.0,426667.97,45,0,0,45,0,8.386769213550755,50.0,,4500000.0,Neutral,49
2025-02-24,0xa0feb3725a9335f49874d7cd8eaad6be45b27416,0.0,20814.91,42,0,0,0,0,1.156564148567596,4.920899491924843,,0.0,Neutral,49
2025-02-24,0xb1231a4a2dd02f2276fa3c5e2a2f3436e6bfed23,10841.97075,231266.55,208,126,0,82,0,1.6885795304988795,12.820434008849475,100.0,8199999.999999999,Neutral,49
2025-02-24,0xbaaaf6571ab7d571043ff1e313a9609a10637864,22037.667762,6720299.05,4083,1824,0,0,0,2.3608566985447026,50.0,100.0,0.0,Neutral,49
2025-02-24,0xbd5fead7180a9c139fa51a103cb6a2ce86ddb5c3,0.0,50291.94,28,0,0,1,0,2.0917502601472457,6.406967712133771,,99999.99999999999,Neutral,49
2025-02-24,0xbee1707d6b44d4d52bfe19e41f8a828645437aab,-10373.274402000001,1040850.59,744,110,295,52,75,1.9708459421053621,32.36806665791402,27.160493827160494,0.6933332408889011,Neutral,49
2025-02-25,0x083384f897ee0f19899168e3b1bec365f52a9012,115445.395538,2898197.14,219,93,0,0,0,9.687431835863709,50.0,100.0,0.0,Fear,25
2025-02-25,0x23e7a7f8d14b550961925fbfdaa92f5d195ba5bd,-6820.76955,82910.81,1,0,1,0,1,50.0,50.0,0.0,0.0,Fear,25
2025-02-25,0x28736f43f1e871e6aa8b1148d38d4994275d72c4,168.27053,43286.48,49,13,0,7,0,1.4767916609789853,10.148988833411844,100.0,700000.0,Fear,25
2025-02-25,0x2c229d22b100a7beb69122eed721cee9b24011dd,169.617628,24395.72,24,15,3,0,0,1.526021580423569,10.004055028960403,83.33333333333334,0.0,Fear,25
2025-02-25,0x47add9a56df66b524d5e2c1993a43cde53b6ed85,3455.584856,97378.41,190,70,14,7,0,1.0817200223493995,6.415156806894112,83.33333333333334,700000.0,Fear,25
2025-02-25,0x4acb90e786d897ecffb614dc822eb231b4ffb9f4,11271.895074,1211478.04,215,114,0,0,0,5.077046687806532,50.0,100.0,0.0,Fear,25
2025-02-25,0x4f93fead39b70a1824f981a54d4e55b278e9f760,0.0,997556.48,51,0,0,0,0,14.176907434662288,50.0,,0.0,Fear,25
2025-02-25,0x72c6a4624e1dffa724e6d00d64ceae698af892a0,81776.7151,265784.58999999997,137,136,0,0,0,2.5501454468548173,29.844749692524697,100.0,0.0,Fear,25
2025-02-25,0x75f7eeb85dc639d5e99c78f95393aa9a5f1170d4,3622.6256409999996,189206.48,79,76,0,0,0,3.014751164488605,43.92231952047465,100.0,0.0,Fear,25
2025-02-25,0x8170715b3b381dffb7062c0298972d4727a0a63b,8698.883848,24999.87,39,39,0,0,0,1.2703884393828135,3.9227190956077855,100.0,0.0,Fear,25
2025-02-25,0x8381e6d82f1affd39a336e143e081ef7620a3b7f,0.0,14743.13,4,0,0,4,0,4.046008332239253,9.756889268070552,,399999.99999999994,Fear,25
2025-02-25,0x8477e447846c758f5a675856001ea72298fd9cb5,0.0,4999.5,4,0,0,0,0,1.527762238744823,2.629028738233936,,0.0,Fear,25
2025-02-25,0x92f17e8d81a944691c10e753af1b1baae1a2cd0d,0.0,482000.0,8,0,0,8,0,17.50177229135261,50.0,,799999.9999999999,Fear,25
2025-02-25,0xa0feb3725a9335f49874d7cd8eaad6be45b27416,826.548369,120866.0,193,54,0,0,0,1.2867103146740735,12.90773678449155,100.0,0.0,Fear,25
2025-02-25,0xb1231a4a2dd02f2276fa3c5e2a2f3436e6bfed23,0.0,100678.56,71,0,0,71,0,1.936739643417319,10.411896098170766,,7099999.999999999,Fear,25
2025-02-25,0xbaaaf6571ab7d571043ff1e313a9609a10637864,5672.328492,10427674.81,3292,555,62,0,0,3.67777849384943,50.0,89.9513776337115,0.0,Fear,25
2025-02-25,0xbd5fead7180a9c139fa51a103cb6a2ce86ddb5c3,3859.44,61075.18,28,17,0,0,0,2.726895399071114,17.56384090938029,100.0,0.0,Fear,25
2025-02-25,0xbee1707d6b44d4d52bfe19e41f8a828645437aab,-23384.358492,2367753.16,1642,446,433,380,427,1.8866454302911666,20.529061626341022,50.739476678043225,0.8899297215473133,Fear,25
2025-02-26,0x28736f43f1e871e6aa8b1148d38d4994275d72c4,64.59776,8237.21,34,13,2,3,0,1.008428413661151,1.2865660644791301,86.66666666666667,300000.0,Extreme Fear,21
2025-02-26,0x2c229d22b100a7beb69122eed721cee9b24011dd,25.30602,1565.3799999999999,10,9,0,0,0,1.0,1.0,100.0,0.0,Extreme Fear,21
2025-02-26,0x47add9a56df66b524d5e2c1993a43cde53b6ed85,-200.798196,16892.92,28,3,12,0,0,1.1210942393246788,2.419625022887748,20.0,0.0,Extreme Fear,21
2025-02-26,0x4acb90e786d897ecffb614dc822eb231b4ffb9f4,22137.551238,422136.07999999996,50,50,0,0,0,5.930105439534835,50.0,100.0,0.0,Extreme Fear,21
2025-02-26,0x72c6a4624e1dffa724e6d00d64ceae698af892a0,8230.0,23710.0,1,1,0,0,0,26.027270344192228,26.027270344192228,100.0,0.0,Extreme Fear,21
2025-02-26,0x75f7eeb85dc639d5e99c78f95393aa9a5f1170d4,5303.037252,342731.13,86,80,1,0,0,4.5678995123580135,50.0,98.76543209876543,0.0,Extreme Fear,21
2025-02-26,0x8170715b3b381dffb7062c0298972d4727a0a63b,2225.835732,4999.92,1,1,0,0,0,5.48858159170534,5.48858159170534,100.0,0.0,Extreme Fear,21
2025-02-26,0x8477e447846c758f5a675856001ea72298fd9cb5,108.13869,8992.960000000001,14,1,0,0,0,1.329059248963096,5.606829485483341,100.0,0.0,Extreme Fear,21
2025-02-26,0xa0feb3725a9335f49874d7cd8eaad6be45b27416,0.0,14996.51,20,0,0,0,0,1.32451907180892,5.485442072802583,,0.0,Extreme Fear,21
2025-02-26,0xb1231a4a2dd02f2276fa3c5e2a2f3436e6bfed23,0.0,1738.75,26,0,0,26,0,1.0,1.0,,2600000.0,Extreme Fear,21
2025-02-26,0xbaaaf6571ab7d571043ff1e313a9609a10637864,23589.520054,3354252.61,470,470,0,0,0,6.3056507220244145,50.0,100.0,0.0,Extreme Fear,21
2025-02-26,0xbd5fead7180a9c139fa51a103cb6a2ce86ddb5c3,-871.1949999999999,152012.64,42,1,1,0,0,4.202749482554379,35.12764888674412,50.0,0.0,Extreme Fear,21
2025-02-26,0xbee1707d6b44d4d52bfe19e41f8a828645437aab,2617.069579,594692.02,394,160,45,41,24,1.9460362214780103,14.639927918402348,78.04878048780488,1.7083326215280743,Extreme Fear,21
2025-02-27,0x28736f43f1e871e6aa8b1148d38d4994275d72c4,71.919819,22953.21,30,13,1,0,0,1.381065568815692,7.637263937817318,92.85714285714286,0.0,Extreme Fear,10
2025-02-27,0x47add9a56df66b524d5e2c1993a43cde53b6ed85,-195.841458,5942.13,18,1,4,0,0,1.0,1.0,20.0,0.0,Extreme Fear,10
2025-02-27,0x4acb90e786d897ecffb614dc822eb231b4ffb9f4,503.31943,100537.42,12,4,0,0,0,9.196944362602274,27.443325097401893,100.0,0.0,Extreme Fear,10
2025-02-27,0x72c6a4624e1dffa724e6d00d64ceae698af892a0,8517.7655,26769.52,13,13,0,0,0,2.3861306626897822,10.196081616953212,100.0,0.0,Extreme Fear,10
2025-02-27,0x8477e447846c758f5a675856001ea72298fd9cb5,0.0,2499.69,1,0,0,0,0,2.7439944077045078,2.7439944077045078,,0.0,Extreme Fear,10
2025-02-27,0xa0feb3725a9335f49874d7cd8eaad6be45b27416,0.0,9992.43,13,0,0,0,0,1.0597806281854751,1.1598546424702685,,0.0,Extreme Fear,10
2025-02-27,0xb1231a4a2dd02f2276fa3c5e2a2f3436e6bfed23,0.0,15083.57,10,0,0,10,0,2.114595864880374,7.213099565780376,,999999.9999999999,Extreme Fear,10
2025-02-27,0xbd5fead7180a9c139fa51a103cb6a2ce86ddb5c3,-48309.11776,797335.18,90,1,25,0,0,8.36270322286373,50.0,3.8461538461538463,0.0,Extreme Fear,10
2025-02-27,0xbee1707d6b44d4d52bfe19e41f8a828645437aab,2886.786952,1018785.28,703,215,143,6,33,1.9611411955743046,35.50556573032889,60.05586592178771,0.18181812672177977,Extreme Fear,10
2025-02-28,0x083384f897ee0f19899168e3b1bec365f52a9012,115287.0,1372739.97,55,1,0,0,0,9.491816976705962,50.0,100.0,0.0,Extreme Fear,16
2025-02-28,0x23e7a7f8d14b550961925fbfdaa92f5d195ba5bd,0.0,76066.87,52,0,0,52,0,1.9839229357713857,5.493686054257027,,5200000.0,Extreme Fear,16
2025-02-28,0x28736f43f1e871e6aa8b1148d38d4994275d72c4,-3425.450348,130540.14,81,26,3,1,1,2.064572474475232,22.911166105139166,89.65517241379311,0.9999900000999989,Extreme Fear,16
2025-02-28,0x47add9a56df66b524d5e2c1993a43cde53b6ed85,933.170538,36506.49,71,26,4,0,0,1.063526237005544,2.74917571162794,86.66666666666667,0.0,Extreme Fear,16
2025-02-28,0x4acb90e786d897ecffb614dc822eb231b4ffb9f4,22299.186495,1322353.09,89,72,0,0,0,11.322698436502804,50.0,100.0,0.0,Extreme Fear,16
2025-02-28,0x72743ae2822edd658c0c50608fd7c5c501b2afbd,0.0,112256.83,77,0,0,19,0,2.049735602098165,19.433556144038466,,1899999.9999999998,Extreme Fear,16
2025-02-28,0x72c6a4624e1dffa724e6d00d64ceae698af892a0,15700.5,22702.71,3,2,0,0,0,8.307177994036222,20.068079259899008,100.0,0.0,Extreme Fear,16
2025-02-28,0x8170715b3b381dffb7062c0298972d4727a0a63b,3309.75,5000.0,7,7,0,0,0,1.0408948525878254,1.097031332398648,100.0,0.0,Extreme Fear,16
2025-02-28,0x8477e447846c758f5a675856001ea72298fd9cb5,268.367925,21408.62,19,10,0,0,0,1.727349341744454,11.137849469070016,100.0,0.0,Extreme Fear,16
2025-02-28,0xa0feb3725a9335f49874d7cd8eaad6be45b27416,1011.258943,122779.16,197,61,1,0,0,1.294854534803193,20.019691150376783,98.38709677419355,0.0,Extreme Fear,16
2025-02-28,0xb899e522b5715391ae1d4f137653e7906c5e2115,-72.202951,5148.04,7,0,5,0,0,1.188142554607399,2.316997882251792,0.0,0.0,Extreme Fear,16
2025-02-28,0xbd5fead7180a9c139fa51a103cb6a2ce86ddb5c3,67673.757678,486744.98,59,57,0,0,0,5.215409034138488,50.0,100.0,0.0,Extreme Fear,16
2025-02-28,0xbee1707d6b44d4d52bfe19e41f8a828645437aab,2642.770468,409413.87,302,134,0,49,67,1.8278730751174566,25.68350400167906,100.0,0.7313431744263919,Extreme Fear,16
2025-03-01,0x083384f897ee0f19899168e3b1bec365f52a9012,9482.221441,134360.89,45,36,0,0,0,3.465889188106747,18.60822492479423,100.0,0.0,Extreme Fear,20
2025-03-01,0x28736f43f1e871e6aa8b1148d38d4994275d72c4,557.9358,31087.87,37,14,0,0,0,1.4433088984100448,7.082996146075877,100.0,0.0,Extreme Fear,20
2025-03-01,0x47add9a56df66b524d5e2c1993a43cde53b6ed85,109.593094,16664.18,27,12,6,0,0,1.2021531586609415,3.318065318678728,66.66666666666666,0.0,Extreme Fear,20
2025-03-01,0x72c6a4624e1dffa724e6d00d64ceae698af892a0,0.0,11079.01,14,0,0,0,0,1.2332151000760063,3.262706599005273,,0.0,Extreme Fear,20
2025-03-01,0xbee1707d6b44d4d52bfe19e41f8a828645437aab,446.358633,70632.18,51,16,0,20,0,1.8709775855741875,7.892596838789865,100.0,1999999.9999999998,Extreme Fear,20
2025-03-02,0x28736f43f1e871e6aa8b1148d38d4994275d72c4,8330.21747,104558.43000000001,73,56,0,6,0,1.9382568660833277,10.335164499813152,100.0,600000.0,Fear,26
2025-03-02,0x47add9a56df66b524d5e2c1993a43cde53b6ed85,349.12092600000005,23240.57,21,8,0,1,0,1.5558638968059881,4.389837794450642,100.0,99999.99999999999,Fear,26
2025-03-02,0x4f93fead39b70a1824f981a54d4e55b278e9f760,11005.991600000001,1128567.17,26,21,0,0,0,21.79833025894663,50.0,100.0,0.0,Fear,26
2025-03-02,0x72c6a4624e1dffa724e6d00d64ceae698af892a0,10915.212,34151.01,25,25,0,0,0,2.1045111505612257,19.11500474879675,100.0,0.0,Fear,26
2025-03-02,0x75f7eeb85dc639d5e99c78f95393aa9a5f1170d4,948.6016900000001,47082.770000000004,12,11,0,0,0,4.6871172293430945,26.362836614606234,100.0,0.0,Fear,26
2025-03-02,0x8170715b3b381dffb7062c0298972d4727a0a63b,0.0,4999.95,2,0,0,0,0,3.2435059161269804,5.487011832253961,,0.0,Fear,26
2025-03-02,0xa0feb3725a9335f49874d7cd8eaad6be45b27416,625.512206,54119.310000000005,32,16,0,0,0,2.4341874782374235,21.545014334209004,100.0,0.0,Fear,26
2025-03-02,0xb899e522b5715391ae1d4f137653e7906c5e2115,34795.678173,3841996.39,155,75,0,0,0,13.673504552529028,50.0,100.0,0.0,Fear,26
2025-03-02,0xbd5fead7180a9c139fa51a103cb6a2ce86ddb5c3,-2632.65866,1026164.57,84,0,14,0,0,8.87797261892059,50.0,0.0,0.0,Fear,26
2025-03-02,0xbee1707d6b44d4d52bfe19e41f8a828645437aab,2576.6453030000002,195968.57,102,55,0,32,55,2.4583512963492384,11.839125782300036,100.0,0.581818076033077,Fear,26
2025-03-03,0x083384f897ee0f19899168e3b1bec365f52a9012,533974.662903,5365898.24,641,540,0,0,0,7.0896969883824665,50.0,100.0,0.0,Fear,33
2025-03-03,0x23e7a7f8d14b550961925fbfdaa92f5d195ba5bd,2480.902379,219900.91,110,50,0,60,50,2.5839616888480075,50.0,100.0,1.1999997600000478,Fear,33
2025-03-03,0x28736f43f1e871e6aa8b1148d38d4994275d72c4,494.669357,31141.85,58,21,0,0,0,1.1466114295052483,5.485595755546074,100.0,0.0,Fear,33
2025-03-03,0x47add9a56df66b524d5e2c1993a43cde53b6ed85,376.017126,19510.13,33,12,4,0,0,1.1511351360039717,2.7185489363178195,75.0,0.0,Fear,33
2025-03-03,0x4acb90e786d897ecffb614dc822eb231b4ffb9f4,0.0,199936.29,19,0,0,0,0,11.312196047598746,50.0,,0.0,Fear,33
2025-03-03,0x4f93fead39b70a1824f981a54d4e55b278e9f760,1136.272279,321169.45,12,6,0,0,0,26.1334310536035,50.0,100.0,0.0,Fear,33
2025-03-03,0x72c6a4624e1dffa724e6d00d64ceae698af892a0,17247.427499999998,60552.15,16,10,0,0,0,4.428855428008631,20.50053152274568,100.0,0.0,Fear,33
2025-03-03,0x75f7eeb85dc639d5e99c78f95393aa9a5f1170d4,-370.250064,102889.35,101,61,7,0,0,1.6974227282187533,32.935155981398196,89.70588235294117,0.0,Fear,33
2025-03-03,0x8170715b3b381dffb7062c0298972d4727a0a63b,0.0,4999.95,8,0,0,0,0,1.0347566148345995,1.0958457798059982,,0.0,Fear,33
2025-03-03,0x8477e447846c758f5a675856001ea72298fd9cb5,468.35197800000003,39158.95,68,23,8,0,0,1.1534242723632215,2.9062614301540437,74.19354838709677,0.0,Fear,33
2025-03-03,0xa0feb3725a9335f49874d7cd8eaad6be45b27416,60.171373,41276.27,176,15,1,0,0,1.0404307663431918,3.1404409992188485,93.75,0.0,Fear,33
2025-03-03,0xb899e522b5715391ae1d4f137653e7906c5e2115,535.4072209999999,523107.77,31,14,0,0,0,15.835158911993586,50.0,100.0,0.0,Fear,33
2025-03-03,0xbd5fead7180a9c139fa51a103cb6a2ce86ddb5c3,57561.35367,1171195.52,136,112,13,0,0,8.530381774022148,50.0,89.60000000000001,0.0,Fear,33
2025-03-03,0xbee1707d6b44d4d52bfe19e41f8a828645437aab,2448.046511,143853.55,73,48,0,8,0,2.4555284576020293,11.416322600276876,100.0,799999.9999999999,Fear,33
2025-03-04,0x23e7a7f8d14b550961925fbfdaa92f5d195ba5bd,-3169.3554679999997,114173.17,65,0,10,55,10,2.2634876045747725,50.0,0.0,5.4999945000055,Extreme Fear,15
2025-03-04,0x28736f43f1e871e6aa8b1148d38d4994275d72c4,163.73415,46953.82,43,13,0,0,0,1.6218758429894162,8.123230727415542,100.0,0.0,Extreme Fear,15
2025-03-04,0x39cef799f8b69da1995852eea189df24eb5cae3c,863.956464,202453.39,63,30,0,7,0,3.8742489731675254,41.481694848422656,100.0,700000.0,Extreme Fear,15
2025-03-04,0x47add9a56df66b524d5e2c1993a43cde53b6ed85,444.266681,16090.35,32,7,0,14,0,1.0657670206931615,1.6464800723977429,100.0,1400000.0,Extreme Fear,15
2025-03-04,0x4acb90e786d897ecffb614dc822eb231b4ffb9f4,0.0,860142.5499999999,155,0,0,0,0,4.159317435587699,50.0,,0.0,Extreme Fear,15
2025-03-04,0x4f93fead39b70a1824f981a54d4e55b278e9f760,8002.939313,1526486.58,59,28,0,0,0,17.866902423685506,50.0,100.0,0.0,Extreme Fear,15
2025-03-04,0x72c6a4624e1dffa724e6d00d64ceae698af892a0,169132.29611,469661.83,155,77,77,0,0,3.55584045770885,50.0,50.0,0.0,Extreme Fear,15
2025-03-04,0x8170715b3b381dffb7062c0298972d4727a0a63b,6939.47356,14999.91,16,13,0,0,0,1.4534635479900704,5.488658433077085,100.0,0.0,Extreme Fear,15
2025-03-04,0x8477e447846c758f5a675856001ea72298fd9cb5,54.2704,8942.56,8,1,0,0,0,1.4954761837852395,2.743511404796391,100.0,0.0,Extreme Fear,15
2025-03-04,0xa0feb3725a9335f49874d7cd8eaad6be45b27416,0.0,14771.07,40,0,0,0,0,1.0190803931994945,1.6662722142917026,,0.0,Extreme Fear,15
2025-03-04,0xae5eacaf9c6b9111fd53034a602c192a04e082ed,0.0,152639.03,21,0,0,0,0,8.061378148643152,47.18215005670888,,0.0,Extreme Fear,15
2025-03-04,0xb1231a4a2dd02f2276fa3c5e2a2f3436e6bfed23,0.0,136289.6,77,0,0,7,0,2.1707519522142107,17.130236025957434,,700000.0,Extreme Fear,15
2025-03-04,0xb899e522b5715391ae1d4f137653e7906c5e2115,4578.655427,2193702.34,124,63,0,0,0,13.510025044054883,50.0,100.0,0.0,Extreme Fear,15
2025-03-04,0xbaaaf6571ab7d571043ff1e313a9609a10637864,0.0,3730033.45,563,0,0,0,0,6.093014531874437,50.0,,0.0,Extreme Fear,15
2025-03-04,0xbd5fead7180a9c139fa51a103cb6a2ce86ddb5c3,0.0,172000.0,2,0,0,0,0,50.0,50.0,,0.0,Extreme Fear,15
2025-03-04,0xbee1707d6b44d4d52bfe19e41f8a828645437aab,-4934.6700519999995,1464907.5,979,377,122,113,120,2.0136607269820948,41.640646714548296,75.55110220440882,0.9416665881944509,Extreme Fear,15
2025-03-05,0x28736f43f1e871e6aa8b1148d38d4994275d72c4,437.35445200000004,28836.0,26,20,0,2,0,1.6625615191177774,6.363343767659786,100.0,199999.99999999997,Extreme Fear,20
2025-03-05,0x2c229d22b100a7beb69122eed721cee9b24011dd,11113.173067,225852.67,89,58,0,0,0,2.985749050999188,43.90931137397197,100.0,0.0,Extreme Fear,20
2025-03-05,0x39cef799f8b69da1995852eea189df24eb5cae3c,8187.59426,151134.41,43,24,0,19,0,4.127702558272381,23.752853559226445,100.0,1899999.9999999998,Extreme Fear,20
2025-03-05,0x47add9a56df66b524d5e2c1993a43cde53b6ed85,423.18325600000003,11551.92,21,6,0,7,0,1.1074108976203405,2.7435662914904952,100.0,700000.0,Extreme Fear,20
2025-03-05,0x4f93fead39b70a1824f981a54d4e55b278e9f760,2741.101375,1559003.67,54,20,0,0,0,22.80178422575275,50.0,100.0,0.0,Extreme Fear,20
2025-03-05,0x75f7eeb85dc639d5e99c78f95393aa9a5f1170d4,-5843.04,85842.95999999999,2,0,1,0,0,46.95465568698599,50.0,0.0,0.0,Extreme Fear,20
2025-03-05,0x8477e447846c758f5a675856001ea72298fd9cb5,34.86435,18466.739999999998,34,4,0,0,0,1.2369761946463487,5.484124792144081,100.0,0.0,Extreme Fear,20
2025-03-05,0xae5eacaf9c6b9111fd53034a602c192a04e082ed,0.0,31505.8,9,0,0,0,0,4.265219433831792,26.93309838900963,,0.0,Extreme Fear,20
2025-03-05,0xb1231a4a2dd02f2276fa3c5e2a2f3436e6bfed23,4647.056049,179915.21,89,57,0,0,0,2.4722783687749477,22.43166496810641,100.0,0.0,Extreme Fear,20
2025-03-05,0xb899e522b5715391ae1d4f137653e7906c5e2115,2036.224492,1758733.42,100,38,0,0,0,13.45035338249131,50.0,100.0,0.0,Extreme Fear,20
2025-03-05,0xbaaaf6571ab7d571043ff1e313a9609a10637864,229058.684298,4597959.76,983,898,0,0,0,3.791510773584444,50.0,100.0,0.0,Extreme Fear,20
2025-03-05,0xbd5fead7180a9c139fa51a103cb6a2ce86ddb5c3,3677.4,179000.0,8,8,0,0,0,14.80919683641876,50.0,100.0,0.0,Extreme Fear,20
2025-03-05,0xbee1707d6b44d4d52bfe19e41f8a828645437aab,12814.770318,365851.66,202,126,19,22,75,2.305657406541576,10.825555156956172,86.89655172413792,0.2933332942222274,Extreme Fear,20
2025-03-06,0x28736f43f1e871e6aa8b1148d38d4994275d72c4,291.46926,17989.23,21,13,0,0,0,1.3589164710034423,3.955684044086744,100.0,0.0,Fear,25
2025-03-06,0x2c229d22b100a7beb69122eed721cee9b24011dd,279.152034,19309.91,15,11,0,0,0,1.7489515690056725,6.039676932527559,100.0,0.0,Fear,25
2025-03-06,0x3998f134d6aaa2b6a5f723806d00fd2bbbbce891,600.008922,51825.01,37,26,11,0,37,1.8401751921565341,4.788864060587878,70.27027027027027,0.0,Fear,25
2025-03-06,0x47add9a56df66b524d5e2c1993a43cde53b6ed85,102.92652,8915.96,12,6,2,1,0,1.1099812624144552,2.319775148973462,75.0,99999.99999999999,Fear,25
2025-03-06,0x4acb90e786d897ecffb614dc822eb231b4ffb9f4,5109.859504,145280.13,15,5,0,0,0,10.700989468048393,39.66893004756695,100.0,0.0,Fear,25
2025-03-06,0x4f93fead39b70a1824f981a54d4e55b278e9f760,3069.196282,643192.97,37,10,4,0,0,17.56794022745258,50.0,71.42857142857143,0.0,Fear,25
2025-03-06,0x8477e447846c758f5a675856001ea72298fd9cb5,0.0,773.73,7,0,0,0,0,1.0,1.0,,0.0,Fear,25
2025-03-06,0xb1231a4a2dd02f2276fa3c5e2a2f3436e6bfed23,698.036952,125778.95999999999,66,29,0,0,0,2.4983311118526004,21.95331645164984,100.0,0.0,Fear,25
2025-03-06,0xb899e522b5715391ae1d4f137653e7906c5e2115,5348.989502,4886690.06,375,228,0,0,0,10.437753003729213,50.0,100.0,0.0,Fear,25
2025-03-06,0xbaaaf6571ab7d571043ff1e313a9609a10637864,0.0,702888.43,71,0,0,0,0,9.490208798199141,50.0,,0.0,Fear,25
2025-03-06,0xbd5fead7180a9c139fa51a103cb6a2ce86ddb5c3,0.0,38934.55,16,0,0,0,0,2.951321402649224,11.248424203012256,,0.0,Fear,25
2025-03-06,0xbee1707d6b44d4d52bfe19e41f8a828645437aab,601.486585,123746.02,88,37,0,28,12,1.9482917444544163,9.341232333619756,100.0,2.3333313888905094,Fear,25
2025-03-07,0x23e7a7f8d14b550961925fbfdaa92f5d195ba5bd,0.0,55481.42,37,0,0,37,0,1.974698847983472,6.560211362072583,,3699999.9999999995,Fear,34
2025-03-07,0x28736f43f1e871e6aa8b1148d38d4994275d72c4,411.824274,29937.28,40,15,0,0,0,1.2766152495434517,2.4445435820110366,100.0,0.0,Fear,34
2025-03-07,0x2c229d22b100a7beb69122eed721cee9b24011dd,1.17533,2917.95,3,1,0,0,0,1.2180665920500344,1.6021645555780448,100.0,0.0,Fear,34
2025-03-07,0x47add9a56df66b524d5e2c1993a43cde53b6ed85,781.670551,28747.42,62,16,1,26,1,1.0158194429747007,1.6457116586802847,94.11764705882352,25.99974000259997,Fear,34
2025-03-07,0x4acb90e786d897ecffb614dc822eb231b4ffb9f4,0.0,100077.85,57,0,0,0,0,2.239960127840314,9.576762115359525,,0.0,Fear,34
2025-03-07,0x4f93fead39b70a1824f981a54d4e55b278e9f760,3273.5394420000002,221986.16,22,18,0,0,0,10.72812758254369,50.0,100.0,0.0,Fear,34
2025-03-07,0x72c6a4624e1dffa724e6d00d64ceae698af892a0,0.0,4965.01,10,0,0,0,0,1.0030190316318603,1.0301903163186032,,0.0,Fear,34
2025-03-07,0x8170715b3b381dffb7062c0298972d4727a0a63b,0.0,149999.77,12,0,0,0,0,13.41316185851907,50.0,,0.0,Fear,34
2025-03-07,0x8477e447846c758f5a675856001ea72298fd9cb5,9.266712,1109.14,2,1,0,0,0,1.0,1.0,100.0,0.0,Fear,34
2025-03-07,0xb1231a4a2dd02f2276fa3c5e2a2f3436e6bfed23,0.0,141700.47,49,0,0,0,0,3.508278181465551,37.92412595135102,,0.0,Fear,34
2025-03-07,0xb899e522b5715391ae1d4f137653e7906c5e2115,5348.62711,12525513.26,659,303,58,0,0,12.694516050878583,50.0,83.93351800554017,0.0,Fear,34
2025-03-07,0xbaaaf6571ab7d571043ff1e313a9609a10637864,87405.926823,3952933.62,829,564,0,0,0,4.741870316212836,50.0,100.0,0.0,Fear,34
2025-03-07,0xbd5fead7180a9c139fa51a103cb6a2ce86ddb5c3,43861.966536,1463931.81,147,97,3,0,0,7.112889058655791,50.0,97.0,0.0,Fear,34
2025-03-07,0xbee1707d6b44d4d52bfe19e41f8a828645437aab,9142.064849,1174974.32,623,318,36,18,60,2.443471170365176,43.575490500430476,89.83050847457628,0.29999995000000834,Fear,34
2025-03-08,0x23e7a7f8d14b550961925fbfdaa92f5d195ba5bd,2099.019688,57580.5,47,47,0,0,47,1.7252349577923176,6.8495959680673515,100.0,0.0,Fear,28
2025-03-08,0x28736f43f1e871e6aa8b1148d38d4994275d72c4,173.811132,24438.829999999998,35,14,0,0,0,1.3595065667381734,3.9518419754994527,100.0,0.0,Fear,28
2025-03-08,0x420ab45e0bd8863569a5efbb9c05d91f40624641,11894.061848,58503.1,11,11,0,0,0,5.927271737316346,15.367187592621276,100.0,0.0,Fear,28
2025-03-08,0x47add9a56df66b524d5e2c1993a43cde53b6ed85,119.3611,13947.75,31,7,0,0,0,1.0031102129491833,1.0964166014246814,100.0,0.0,Fear,28
2025-03-08,0x4f93fead39b70a1824f981a54d4e55b278e9f760,0.0,120007.91,17,0,0,0,0,8.00785941298925,43.90898205380735,,0.0,Fear,28
2025-03-08,0x72743ae2822edd658c0c50608fd7c5c501b2afbd,0.0,31798.0,15,0,0,10,0,2.44468356503568,5.507045475601979,,999999.9999999999,Fear,28
2025-03-08,0x72c6a4624e1dffa724e6d00d64ceae698af892a0,0.0,3362.0,7,0,0,0,0,1.0651751578682453,1.3507505645645337,,0.0,Fear,28
2025-03-08,0x75f7eeb85dc639d5e99c78f95393aa9a5f1170d4,556.480533,28328.35,18,17,0,0,0,2.157045029190206,15.853922795936958,100.0,0.0,Fear,28
2025-03-08,0x8170715b3b381dffb7062c0298972d4727a0a63b,0.0,99997.82,38,0,0,0,0,3.1739754867011127,47.11201583898257,,0.0,Fear,28
2025-03-08,0xa520ded057a32086c40e7dd6ed4eb8efb82c00e0,-1121.6509429999999,2501.41,2,0,2,0,2,1.6184536091075015,2.236907218215003,0.0,0.0,Fear,28
2025-03-08,0xb1231a4a2dd02f2276fa3c5e2a2f3436e6bfed23,2923.553302,244599.56,138,117,0,0,0,2.21937918904397,22.124628801287745,100.0,0.0,Fear,28
2025-03-08,0xbd5fead7180a9c139fa51a103cb6a2ce86ddb5c3,5836.8743,47463.53,36,36,0,0,0,1.6431291421463394,8.232290588600506,100.0,0.0,Fear,28
2025-03-08,0xbee1707d6b44d4d52bfe19e41f8a828645437aab,2219.262399,159554.75,134,52,0,82,52,1.7336647646422823,7.096619023552529,100.0,1.5769227736686973,Fear,28
2025-03-09,0x23e7a7f8d14b550961925fbfdaa92f5d195ba5bd,656.540742,173973.68,65,57,0,8,57,3.1056230083940815,50.0,100.0,0.14035085257002586,Fear,27
2025-03-09,0x28736f43f1e871e6aa8b1148d38d4994275d72c4,140.953497,40265.77,36,6,0,0,0,1.5794218757676504,9.26750852609905,100.0,0.0,Fear,27
2025-03-09,0x47add9a56df66b524d5e2c1993a43cde53b6ed85,0.0,6621.2300000000005,8,0,0,2,0,1.264157967857473,2.742468557608412,,199999.99999999997,Fear,27
2025-03-09,0x4f93fead39b70a1824f981a54d4e55b278e9f760,0.0,419843.45,11,0,0,0,0,36.02304023665704,50.0,,0.0,Fear,27
2025-03-09,0x72743ae2822edd658c0c50608fd7c5c501b2afbd,0.0,122911.95999999999,90,0,0,74,0,2.1541609212494963,40.21447085494583,,7399999.999999999,Fear,27
2025-03-09,0x72c6a4624e1dffa724e6d00d64ceae698af892a0,0.0,4890.49,21,0,0,0,0,1.0338422155790852,1.7106865271607883,,0.0,Fear,27
2025-03-09,0x8170715b3b381dffb7062c0298972d4727a0a63b,3677.4965580000003,4999.95,5,5,0,0,0,1.6176844050216483,4.088422025108242,100.0,0.0,Fear,27
2025-03-09,0x8477e447846c758f5a675856001ea72298fd9cb5,969.56792,8450.19,35,33,0,0,0,1.0,1.0,100.0,0.0,Fear,27
2025-03-09,0xb1231a4a2dd02f2276fa3c5e2a2f3436e6bfed23,2752.480766,526166.48,296,90,0,0,0,2.340731103878935,50.0,100.0,0.0,Fear,27
2025-03-09,0xb899e522b5715391ae1d4f137653e7906c5e2115,10760.578324,8745720.92,630,384,0,0,0,11.072969314462814,50.0,100.0,0.0,Fear,27
2025-03-09,0xbaaaf6571ab7d571043ff1e313a9609a10637864,10.184488,79764.76,47,8,0,0,0,2.197381259130282,13.718051004228892,100.0,0.0,Fear,27
2025-03-09,0xbee1707d6b44d4d52bfe19e41f8a828645437aab,805.6551000000001,286089.11,178,44,0,79,15,2.150337889149311,15.166181541473025,100.0,5.266663155557897,Fear,27
2025-03-10,0x23e7a7f8d14b550961925fbfdaa92f5d195ba5bd,-1065.797583,176292.61,53,51,1,1,52,3.4773574905926057,50.0,98.07692307692307,0.019230765532545088,Extreme Fear,20
2025-03-10,0x28736f43f1e871e6aa8b1148d38d4994275d72c4,-4026.754395,25979.85,31,3,13,0,1,1.3070507277274495,5.483894268028845,18.75,0.0,Extreme Fear,20
2025-03-10,0x3998f134d6aaa2b6a5f723806d00fd2bbbbce891,-8224.491085,43000.520000000004,26,0,26,0,26,2.070863298794345,5.740566404337534,0.0,0.0,Extreme Fear,20
2025-03-10,0x39cef799f8b69da1995852eea189df24eb5cae3c,-37230.786609,96269.09,2,0,2,0,2,33.79082307647384,50.0,0.0,0.0,Extreme Fear,20
2025-03-10,0x47add9a56df66b524d5e2c1993a43cde53b6ed85,0.0,11749.710000000001,16,0,0,1,0,1.0870295222354776,1.6484340387078509,,99999.99999999999,Extreme Fear,20
2025-03-10,0x4acb90e786d897ecffb614dc822eb231b4ffb9f4,0.08712,637344.88,114,1,0,0,0,4.99783729092589,50.0,100.0,0.0,Extreme Fear,20
2025-03-10,0x4f93fead39b70a1824f981a54d4e55b278e9f760,14133.265684,2600586.37,103,42,0,0,0,21.337120768167132,50.0,100.0,0.0,Extreme Fear,20
2025-03-10,0x72c6a4624e1dffa724e6d00d64ceae698af892a0,-2680.0,23760.49,35,0,17,0,0,1.242793706384288,5.293821646346142,0.0,0.0,Extreme Fear,20
2025-03-10,0x8170715b3b381dffb7062c0298972d4727a0a63b,4297.3227640000005,54999.92,14,5,0,0,0,4.5270439914657725,25.822729589943666,100.0,0.0,Extreme Fear,20
2025-03-10,0x8477e447846c758f5a675856001ea72298fd9cb5,0.0,4998.5,3,0,0,0,0,2.111409743515208,2.7444554559349825,,0.0,Extreme Fear,20
2025-03-10,0xb1231a4a2dd02f2276fa3c5e2a2f3436e6bfed23,0.0,145960.21,61,0,0,6,0,2.8643316525719897,50.0,,600000.0,Extreme Fear,20
2025-03-10,0xb899e522b5715391ae1d4f137653e7906c5e2115,9163.142483,7660851.18,358,120,0,0,0,14.009370393787504,50.0,100.0,0.0,Extreme Fear,20
2025-03-10,0xbaaaf6571ab7d571043ff1e313a9609a10637864,5832.316116,3357137.76,667,208,0,0,0,4.556174646670712,50.0,100.0,0.0,Extreme Fear,20
2025-03-10,0xbee1707d6b44d4d52bfe19e41f8a828645437aab,9791.668235,1972859.59,1428,727,118,39,119,1.8887776780945198,31.447485069721427,86.03550295857988,0.3277310648965492,Extreme Fear,20
2025-03-11,0x28736f43f1e871e6aa8b1148d38d4994275d72c4,0.0,12922.59,24,0,0,8,0,1.097352511036982,2.4138728973456325,,799999.9999999999,Extreme Fear,24
2025-03-11,0x2c229d22b100a7beb69122eed721cee9b24011dd,276.7687,50041.98,13,10,0,0,0,4.513478567691687,26.515355760182874,100.0,0.0,Extreme Fear,24
2025-03-11,0x3998f134d6aaa2b6a5f723806d00fd2bbbbce891,-58444.949486,231829.98,119,0,119,0,119,2.5191321381607765,15.027976845718753,0.0,0.0,Extreme Fear,24
2025-03-11,0x420ab45e0bd8863569a5efbb9c05d91f40624641,9461.082288,149251.29,61,3,0,0,0,3.1872911655766414,50.0,100.0,0.0,Extreme Fear,24
2025-03-11,0x47add9a56df66b524d5e2c1993a43cde53b6ed85,266.837111,16147.32,32,4,2,6,0,1.0568131210155003,1.6465898457859511,66.66666666666666,600000.0,Extreme Fear,24
2025-03-11,0x4acb90e786d897ecffb614dc822eb231b4ffb9f4,0.0,270186.14,84,0,0,0,0,2.9897511905655745,50.0,,0.0,Extreme Fear,24
2025-03-11,0x4f93fead39b70a1824f981a54d4e55b278e9f760,2479.265806,1051214.99,33,21,0,0,0,26.923258222655463,50.0,100.0,0.0,Extreme Fear,24
2025-03-11,0x75f7eeb85dc639d5e99c78f95393aa9a5f1170d4,23670.188163,544456.68,170,161,0,0,0,3.7692274146354956,50.0,100.0,0.0,Extreme Fear,24
2025-03-11,0x8170715b3b381dffb7062c0298972d4727a0a63b,0.0,4999.9400000000005,8,0,0,0,0,1.2306729679518782,2.7656307425203672,,0.0,Extreme Fear,24
2025-03-11,0x8477e447846c758f5a675856001ea72298fd9cb5,94.48255800000001,10092.1,8,6,1,0,0,1.6669158156667687,2.788606312672368,85.71428571428571,0.0,Extreme Fear,24
2025-03-11,0xae5eacaf9c6b9111fd53034a602c192a04e082ed,0.0,27647.7,4,0,0,0,0,7.5874542629177935,23.181911189816162,,0.0,Extreme Fear,24
2025-03-11,0xb1231a4a2dd02f2276fa3c5e2a2f3436e6bfed23,2349.7162,544166.21,273,130,130,0,0,2.460095519703784,31.998942662724737,50.0,0.0,Extreme Fear,24
2025-03-11,0xb899e522b5715391ae1d4f137653e7906c5e2115,-57956.282957999996,7053227.87,466,89,234,0,0,10.690422814809514,50.0,27.55417956656347,0.0,Extreme Fear,24
2025-03-11,0xbaaaf6571ab7d571043ff1e313a9609a10637864,1058.58,3610499.47,1651,77,0,0,0,2.6221887856751787,50.0,100.0,0.0,Extreme Fear,24
2025-03-11,0xbd5fead7180a9c139fa51a103cb6a2ce86ddb5c3,0.0,32137.2,7,0,0,0,0,5.096489490954447,15.381545951798925,,0.0,Extreme Fear,24
2025-03-11,0xbee1707d6b44d4d52bfe19e41f8a828645437aab,-136.41741799999994,408130.63,333,115,95,37,96,1.7872812364550585,14.380313855289675,54.761904761904766,0.3854166265191014,Extreme Fear,24
2025-03-12,0x23e7a7f8d14b550961925fbfdaa92f5d195ba5bd,1591.753271,115769.39,53,52,0,1,52,2.6035692987013994,50.0,100.0,0.019230765532545088,Fear,34
2025-03-12,0x28736f43f1e871e6aa8b1148d38d4994275d72c4,33.01095,7666.75,9,4,0,0,0,1.3789620813932095,3.0541152067318267,100.0,0.0,Fear,34
2025-03-12,0x39cef799f8b69da1995852eea189df24eb5cae3c,0.0,99440.18000000001,39,0,0,0,0,2.9922898212000884,19.70757247568407,,0.0,Fear,34
2025-03-12,0x47add9a56df66b524d5e2c1993a43cde53b6ed85,78.714444,5169.82,7,3,0,0,0,1.2078409813916537,1.9585328830575288,100.0,0.0,Fear,34
2025-03-12,0x4f93fead39b70a1824f981a54d4e55b278e9f760,0.0,179993.79,10,0,0,0,0,18.243775124384218,50.0,,0.0,Fear,34
2025-03-12,0x75f7eeb85dc639d5e99c78f95393aa9a5f1170d4,788.209533,49275.18,24,21,0,0,0,2.647901034021405,17.751882723381136,100.0,0.0,Fear,34
2025-03-12,0x8170715b3b381dffb7062c0298972d4727a0a63b,-2493.849701,54999.26,11,0,1,0,0,5.454545454545454,50.0,0.0,0.0,Fear,34
2025-03-12,0x8477e447846c758f5a675856001ea72298fd9cb5,0.0,2000.46,3,0,0,0,0,1.0,1.0,,0.0,Fear,34
2025-03-12,0xb1231a4a2dd02f2276fa3c5e2a2f3436e6bfed23,1215.156099,451312.46,334,34,0,0,0,1.8289434499643007,21.488722540735775,100.0,0.0,Fear,34
2025-03-12,0xb899e522b5715391ae1d4f137653e7906c5e2115,4544.583988,7092968.81,251,146,0,0,0,18.88839187949899,50.0,100.0,0.0,Fear,34
2025-03-12,0xbaaaf6571ab7d571043ff1e313a9609a10637864,289639.089112,8161190.8,2617,1708,0,0,0,3.348217095939087,50.0,100.0,0.0,Fear,34
2025-03-12,0xbd5fead7180a9c139fa51a103cb6a2ce86ddb5c3,-15387.62119,1407520.53,57,0,10,0,0,6.2071877026257845,50.0,0.0,0.0,Fear,34
2025-03-12,0xbee1707d6b44d4d52bfe19e41f8a828645437aab,8096.937709,990831.72,553,272,82,137,232,2.3148151212039476,25.41680955502695,76.8361581920904,0.590517215925982,Fear,34
2025-03-13,0x23e7a7f8d14b550961925fbfdaa92f5d195ba5bd,-2315.377191,115001.41,27,0,10,17,10,5.062214482466524,39.2597277883428,0.0,1.6999983000017,Neutral,45
2025-03-13,0x28736f43f1e871e6aa8b1148d38d4994275d72c4,465.046501,19388.739999999998,22,12,1,3,1,1.358962432313229,3.4823082621160135,92.3076923076923,2.9999700002999967,Neutral,45
2025-03-13,0x2c229d22b100a7beb69122eed721cee9b24011dd,924.898908,101871.15000000001,25,1,8,0,0,4.730837004521341,44.660644352224985,11.11111111111111,0.0,Neutral,45
2025-03-13,0x47add9a56df66b524d5e2c1993a43cde53b6ed85,-1.2672399999999993,3280.19,9,2,1,5,0,1.0026226570029004,1.023603913026104,66.66666666666666,499999.99999999994,Neutral,45
2025-03-13,0x4acb90e786d897ecffb614dc822eb231b4ffb9f4,0.0,65244.9,15,0,0,0,0,5.316048269261528,28.251432872036247,,0.0,Neutral,45
2025-03-13,0x4f93fead39b70a1824f981a54d4e55b278e9f760,5770.595066,625667.75,22,8,0,0,0,29.094835046323748,50.0,100.0,0.0,Neutral,45
2025-03-13,0x75f7eeb85dc639d5e99c78f95393aa9a5f1170d4,216.69714,79978.34,20,1,0,0,0,4.420884870109535,43.778505404582944,100.0,0.0,Neutral,45
2025-03-13,0x8170715b3b381dffb7062c0298972d4727a0a63b,0.0,69999.58,37,0,0,0,0,2.387698162772049,10.977338820831813,,0.0,Neutral,45
2025-03-13,0x8477e447846c758f5a675856001ea72298fd9cb5,0.0,4223.59,11,0,0,0,0,1.0409718992500638,1.3939024834692235,,0.0,Neutral,45
2025-03-13,0xb1231a4a2dd02f2276fa3c5e2a2f3436e6bfed23,0.0,50020.82,42,0,0,0,0,1.7334387032404819,8.782233308846537,,0.0,Neutral,45
2025-03-13,0xb899e522b5715391ae1d4f137653e7906c5e2115,3896.9493979999997,1119705.4,41,23,0,0,0,19.365444594698914,50.0,100.0,0.0,Neutral,45
2025-03-13,0xbaaaf6571ab7d571043ff1e313a9609a10637864,66.447417,22791.99,1,1,0,0,0,25.01953966310105,25.01953966310105,100.0,0.0,Neutral,45
2025-03-13,0xbee1707d6b44d4d52bfe19e41f8a828645437aab,5090.880874,1008417.36,690,392,30,0,0,1.9748545841471896,27.54980528396396,92.89099526066352,0.0,Neutral,45
2025-03-14,0x28736f43f1e871e6aa8b1148d38d4994275d72c4,0.0,1049.99,4,0,0,3,0,1.0,1.0,,300000.0,Fear,27
2025-03-14,0x420ab45e0bd8863569a5efbb9c05d91f40624641,16017.255710000001,9614.24,8,8,0,0,0,1.854200906816004,5.138635007436043,100.0,0.0,Fear,27
2025-03-14,0x4f93fead39b70a1824f981a54d4e55b278e9f760,11039.384571,550923.0,25,10,0,0,0,21.165536548171403,50.0,100.0,0.0,Fear,27
2025-03-14,0x8170715b3b381dffb7062c0298972d4727a0a63b,584.05178,9999.89,1,1,0,0,0,10.977218070104783,10.977218070104783,100.0,0.0,Fear,27
2025-03-14,0x8477e447846c758f5a675856001ea72298fd9cb5,364.03788,6588.04,5,5,0,0,0,1.71090062917715,2.1952811494064086,100.0,0.0,Fear,27
2025-03-14,0xa0feb3725a9335f49874d7cd8eaad6be45b27416,0.0,6999.83,8,0,0,0,0,1.3110589772896415,2.195456786827542,,0.0,Fear,27
2025-03-14,0xb1231a4a2dd02f2276fa3c5e2a2f3436e6bfed23,22911.093812,422967.35,323,323,0,0,0,1.7692082103419928,25.0558197679039,100.0,0.0,Fear,27
2025-03-14,0xb899e522b5715391ae1d4f137653e7906c5e2115,1188.74187,3322827.08,82,46,0,0,0,27.96134040439594,50.0,100.0,0.0,Fear,27
2025-03-14,0xbaaaf6571ab7d571043ff1e313a9609a10637864,16591.266757,3557085.63,1662,1478,0,0,0,2.7297639938360985,50.0,100.0,0.0,Fear,27
2025-03-14,0xbee1707d6b44d4d52bfe19e41f8a828645437aab,-49.67229100000003,159132.11,92,16,35,0,0,2.262469832125178,11.548939830571346,31.372549019607842,0.0,Fear,27
2025-03-15,0x420ab45e0bd8863569a5efbb9c05d91f40624641,74293.663505,78359.31,25,25,0,0,0,3.7375801642122024,26.344899642972997,100.0,0.0,Neutral,46
2025-03-15,0x47add9a56df66b524d5e2c1993a43cde53b6ed85,202.313183,30148.420000000002,36,30,1,0,0,1.3274508579912407,5.873425136086062,96.7741935483871,0.0,Neutral,46
2025-03-15,0x4f93fead39b70a1824f981a54d4e55b278e9f760,575.945518,139397.58,8,7,0,0,0,17.22086016011984,50.0,100.0,0.0,Neutral,46
2025-03-15,0x72c6a4624e1dffa724e6d00d64ceae698af892a0,0.0,5925.5,1,0,0,0,0,6.504622118283891,6.504622118283891,,0.0,Neutral,46
2025-03-15,0x75f7eeb85dc639d5e99c78f95393aa9a5f1170d4,500.116094,44620.25,33,7,23,0,0,1.9395475689139685,24.657891235648744,23.333333333333332,0.0,Neutral,46
2025-03-15,0x8170715b3b381dffb7062c0298972d4727a0a63b,763.755281,39998.04,18,3,10,0,0,2.634484524416062,7.533528085960457,23.076923076923077,0.0,Neutral,46
2025-03-15,0xb899e522b5715391ae1d4f137653e7906c5e2115,594.5722,1889410.94,65,37,0,0,0,20.460836134778337,50.0,100.0,0.0,Neutral,46
2025-03-15,0xbee1707d6b44d4d52bfe19e41f8a828645437aab,1764.258791,127889.5,75,46,0,0,0,2.2406121725221966,13.234466297154789,100.0,0.0,Neutral,46
2025-03-16,0x28736f43f1e871e6aa8b1148d38d4994275d72c4,106.912886,16711.44,27,18,0,0,0,1.3900919157786684,8.231577061577152,100.0,0.0,Fear,30
2025-03-16,0x47add9a56df66b524d5e2c1993a43cde53b6ed85,-6.342484000000001,3988.83,7,2,3,0,0,1.1688871104903018,2.1214585458363144,40.0,0.0,Fear,30
2025-03-16,0x4f93fead39b70a1824f981a54d4e55b278e9f760,144.99309,160136.34,6,2,0,0,0,29.297847695132038,47.998095651261295,100.0,0.0,Fear,30
2025-03-16,0x75f7eeb85dc639d5e99c78f95393aa9a5f1170d4,941.32505,31065.52,15,14,0,0,0,2.536679196933017,16.53419946000273,100.0,0.0,Fear,30
2025-03-16,0x8170715b3b381dffb7062c0298972d4727a0a63b,8368.226125000001,19998.62,7,6,1,0,0,3.550275302248475,10.975933721462747,85.71428571428571,0.0,Fear,30
2025-03-16,0xaf40fdc468c30116bd3307bcbf4a451a7ebf1deb,-1017.424213,665417.81,125,18,25,2,25,5.205858291337688,50.0,41.86046511627907,0.0799999680000128,Fear,30
2025-03-16,0xb899e522b5715391ae1d4f137653e7906c5e2115,-16453.702941,9152280.48,246,52,66,0,0,19.127142435169354,50.0,44.06779661016949,0.0,Fear,30
2025-03-16,0xbee1707d6b44d4d52bfe19e41f8a828645437aab,5.068941999999993,138322.47,97,11,2,0,0,1.924457815542256,13.902722775211746,84.61538461538461,0.0,Fear,30
2025-03-17,0x28736f43f1e871e6aa8b1148d38d4994275d72c4,0.0,1307.1999999999998,2,0,0,0,0,1.2048000389915066,1.4096000779830131,,0.0,Fear,32
2025-03-17,0x39cef799f8b69da1995852eea189df24eb5cae3c,17926.355742,391153.14,205,107,0,0,0,2.2683908149810863,50.0,100.0,0.0,Fear,32
2025-03-17,0x47add9a56df66b524d5e2c1993a43cde53b6ed85,-31.277088,2116.03,3,0,1,0,0,1.0,1.0,0.0,0.0,Fear,32
2025-03-17,0x4f93fead39b70a1824f981a54d4e55b278e9f760,2220.589556,202232.32,11,8,0,0,0,13.404183739256025,50.0,100.0,0.0,Fear,32
2025-03-17,0x513b8629fe877bb581bf244e326a047b249c4ff1,0.0,320068.24,35,0,0,0,0,4.832783728296935,50.0,,0.0,Fear,32
2025-03-17,0x75f7eeb85dc639d5e99c78f95393aa9a5f1170d4,5845.632627,196439.4,152,146,0,0,0,1.9621328753248612,32.94181922606244,100.0,0.0,Fear,32
2025-03-17,0x8170715b3b381dffb7062c0298972d4727a0a63b,0.0,109999.59,72,0,0,0,0,2.1054485362596846,10.97731686615417,,0.0,Fear,32
2025-03-17,0xaf40fdc468c30116bd3307bcbf4a451a7ebf1deb,-1646.3529,331712.01,35,0,33,0,33,7.599285670062713,50.0,0.0,0.0,Fear,32
2025-03-17,0xb1231a4a2dd02f2276fa3c5e2a2f3436e6bfed23,646.346496,81148.83,113,30,0,63,0,1.3972726119744605,8.782507742317058,100.0,6299999.999999999,Fear,32
2025-03-17,0xb899e522b5715391ae1d4f137653e7906c5e2115,812.52566,1631552.9000000001,51,37,0,0,0,18.987374751685053,50.0,100.0,0.0,Fear,32
2025-03-17,0xbee1707d6b44d4d52bfe19e41f8a828645437aab,390.08642000000003,325165.39,241,89,32,0,0,1.9000219636052682,20.799422504159285,73.55371900826447,0.0,Fear,32
2025-03-18,0x28736f43f1e871e6aa8b1148d38d4994275d72c4,40.9165,10557.24,15,7,0,0,0,1.1718421599187496,2.0656058459159223,100.0,0.0,Fear,34
2025-03-18,0x39cef799f8b69da1995852eea189df24eb5cae3c,238.31419899999997,583306.89,283,51,0,0,0,2.4233527797524084,50.0,100.0,0.0,Fear,34
2025-03-18,0x420ab45e0bd8863569a5efbb9c05d91f40624641,63015.976505,114984.85,5,5,0,0,0,25.24455315425046,35.35800834189927,100.0,0.0,Fear,34
2025-03-18,0x4f93fead39b70a1824f981a54d4e55b278e9f760,362.477712,399685.35,44,1,0,0,0,9.186863496472414,50.0,100.0,0.0,Fear,34
2025-03-18,0x513b8629fe877bb581bf244e326a047b249c4ff1,5429.87424,258623.93000000002,6,6,0,0,0,12.043841295782634,50.0,100.0,0.0,Fear,34
2025-03-18,0x75f7eeb85dc639d5e99c78f95393aa9a5f1170d4,82.269533,8544.52,14,10,0,0,0,1.1776388095471229,2.6229143605107326,100.0,0.0,Fear,34
2025-03-18,0x8170715b3b381dffb7062c0298972d4727a0a63b,0.0,75204.56,59,0,0,0,0,1.792566906749872,10.977327843492992,,0.0,Fear,34
2025-03-18,0x8477e447846c758f5a675856001ea72298fd9cb5,185.307189,10686.4,24,12,0,0,0,1.0,1.0,100.0,0.0,Fear,34
2025-03-18,0xae5eacaf9c6b9111fd53034a602c192a04e082ed,0.0,93534.85,38,0,0,0,0,2.790072885138831,20.106467013755456,,0.0,Fear,34
2025-03-18,0xaf40fdc468c30116bd3307bcbf4a451a7ebf1deb,0.0,82436.02,21,0,0,0,0,4.883541976998643,34.52480637072049,,0.0,Fear,34
2025-03-18,0xb899e522b5715391ae1d4f137653e7906c5e2115,1157.213435,1585574.64,32,11,0,0,0,30.451992941351573,50.0,100.0,0.0,Fear,34
2025-03-18,0xbd5fead7180a9c139fa51a103cb6a2ce86ddb5c3,-120.432,474916.19,27,0,1,0,0,9.783669144764307,50.0,0.0,0.0,Fear,34
2025-03-18,0xbee1707d6b44d4d52bfe19e41f8a828645437aab,1930.871511,352600.03,266,85,57,0,0,1.884663811504307,13.59369971006651,59.859154929577464,0.0,Fear,34
2025-03-19,0x28736f43f1e871e6aa8b1148d38d4994275d72c4,54.9718,17816.28,33,30,0,2,0,1.0703343778570602,3.0818768966097103,100.0,199999.99999999997,Fear,32
2025-03-19,0x39cef799f8b69da1995852eea189df24eb5cae3c,909.907336,288183.57,119,2,0,0,0,2.690363137415827,50.0,100.0,0.0,Fear,32
2025-03-19,0x420ab45e0bd8863569a5efbb9c05d91f40624641,0.0,338670.98,58,0,0,21,0,6.030658829139472,50.0,,2100000.0,Fear,32
2025-03-19,0x47add9a56df66b524d5e2c1993a43cde53b6ed85,-2.8135689999999993,5824.6900000000005,12,2,5,0,0,1.09683154483211,1.7154506922090291,28.57142857142857,0.0,Fear,32
2025-03-19,0x4f93fead39b70a1824f981a54d4e55b278e9f760,1438.717656,341524.48,29,28,0,0,0,11.095216922132545,50.0,100.0,0.0,Fear,32
2025-03-19,0x513b8629fe877bb581bf244e326a047b249c4ff1,13272.411278,863420.6900000001,133,20,23,0,0,7.059086495180248,50.0,46.51162790697674,0.0,Fear,32
2025-03-19,0x75f7eeb85dc639d5e99c78f95393aa9a5f1170d4,106.886191,50142.5,43,39,3,0,0,1.7647214818872314,27.462908669858255,92.85714285714286,0.0,Fear,32
2025-03-19,0x8170715b3b381dffb7062c0298972d4727a0a63b,3036.68886,164794.05,109,9,0,0,0,2.0154642545600785,10.97730588881535,100.0,0.0,Fear,32
2025-03-19,0x8477e447846c758f5a675856001ea72298fd9cb5,0.0,5384.73,9,0,0,0,0,1.1937722775943582,2.7439504983492244,,0.0,Fear,32
2025-03-19,0xaf40fdc468c30116bd3307bcbf4a451a7ebf1deb,5304.480047,761891.37,162,112,0,50,1,4.91882890561965,50.0,100.0,49.999500004999945,Fear,32
2025-03-19,0xbd5fead7180a9c139fa51a103cb6a2ce86ddb5c3,0.0,114771.87,26,0,0,0,0,5.10846404501019,30.070597461424494,,0.0,Fear,32
2025-03-19,0xbee1707d6b44d4d52bfe19e41f8a828645437aab,5253.432742,1646388.36,879,429,73,0,0,2.4603859335304326,32.62465097551215,85.4581673306773,0.0,Fear,32
2025-03-20,0x28736f43f1e871e6aa8b1148d38d4994275d72c4,144.656157,32407.06,20,10,2,0,0,2.2388528856569634,22.97008148259057,83.33333333333334,0.0,Neutral,49
2025-03-20,0x39cef799f8b69da1995852eea189df24eb5cae3c,0.0,49837.98,82,0,0,0,0,1.173431661444648,2.2774575078191557,,0.0,Neutral,49
2025-03-20,0x47add9a56df66b524d5e2c1993a43cde53b6ed85,-147.78931200000002,15384.77,20,14,3,0,3,1.2938585302045862,3.2016945498390896,82.35294117647058,0.0,Neutral,49
2025-03-20,0x4acb90e786d897ecffb614dc822eb231b4ffb9f4,4839.59228,630536.58,195,151,0,0,0,3.4529400099917393,50.0,100.0,0.0,Neutral,49
2025-03-20,0x4f93fead39b70a1824f981a54d4e55b278e9f760,0.0,119999.91,8,0,0,0,0,16.465995881741545,38.416240050688906,,0.0,Neutral,49
2025-03-20,0x513b8629fe877bb581bf244e326a047b249c4ff1,3865.013572,104381.48,75,75,0,0,0,1.9283411323666526,8.782101580780688,100.0,0.0,Neutral,49
2025-03-20,0x75f7eeb85dc639d5e99c78f95393aa9a5f1170d4,646.76766,30907.17,32,31,0,0,0,1.6489263997973134,16.60891122801731,100.0,0.0,Neutral,49
2025-03-20,0x8170715b3b381dffb7062c0298972d4727a0a63b,652.062115,91079.65000000001,12,3,2,0,0,8.485710029643196,21.95393118262381,60.0,0.0,Neutral,49
2025-03-20,0x8477e447846c758f5a675856001ea72298fd9cb5,65.297516,5319.42,11,7,4,0,0,1.1554393572085526,2.709832929294079,63.63636363636363,0.0,Neutral,49
2025-03-20,0xaf40fdc468c30116bd3307bcbf4a451a7ebf1deb,0.0,84870.0,1,0,0,0,0,50.0,50.0,,0.0,Neutral,49
2025-03-20,0xb1231a4a2dd02f2276fa3c5e2a2f3436e6bfed23,824.5402799999999,49156.28,30,10,0,0,0,2.1205647709095232,8.700507021325445,100.0,0.0,Neutral,49
2025-03-20,0xb899e522b5715391ae1d4f137653e7906c5e2115,38.9845,4435.8099999999995,2,1,0,0,0,2.434669465741698,2.45606978777291,100.0,0.0,Neutral,49
2025-03-20,0xbee1707d6b44d4d52bfe19e41f8a828645437aab,-682.2653320000001,433941.82,283,13,114,0,0,2.066090969816572,25.312930997765417,10.236220472440944,0.0,Neutral,49
2025-03-21,0x28736f43f1e871e6aa8b1148d38d4994275d72c4,0.5844,2254.33,12,1,0,0,0,1.0,1.0,100.0,0.0,Fear,31
2025-03-21,0x2c229d22b100a7beb69122eed721cee9b24011dd,1215.774424,113076.4,74,53,0,0,0,1.9581087483539759,10.977349798170634,100.0,0.0,Fear,31
2025-03-21,0x39cef799f8b69da1995852eea189df24eb5cae3c,0.0,30175.86,3,0,0,0,0,11.431590322202444,32.29477096660733,,0.0,Fear,31
2025-03-21,0x47add9a56df66b524d5e2c1993a43cde53b6ed85,39.1247,2966.76,6,2,0,0,0,1.0,1.0,100.0,0.0,Fear,31
2025-03-21,0x4acb90e786d897ecffb614dc822eb231b4ffb9f4,0.0,24999.85,17,0,0,0,0,2.162250750159047,9.620934926774552,,0.0,Fear,31
2025-03-21,0x4f93fead39b70a1824f981a54d4e55b278e9f760,0.0,180004.35,6,0,0,0,0,32.839556167164055,50.0,,0.0,Fear,31
2025-03-21,0x8477e447846c758f5a675856001ea72298fd9cb5,0.0,887.11,2,0,0,0,0,1.0,1.0,,0.0,Fear,31
2025-03-21,0xb899e522b5715391ae1d4f137653e7906c5e2115,829.63013,1555477.21,28,14,0,0,0,39.1131509114986,50.0,100.0,0.0,Fear,31
2025-03-21,0xbee1707d6b44d4d52bfe19e41f8a828645437aab,4866.15672,634061.52,550,279,0,16,0,1.6678270453606379,16.095468159350542,100.0,1599999.9999999998,Fear,31
2025-03-22,0x28736f43f1e871e6aa8b1148d38d4994275d72c4,132.087931,9509.89,17,9,0,1,0,1.0743123478556977,1.7018278147323769,100.0,99999.99999999999,Fear,32
2025-03-22,0x47add9a56df66b524d5e2c1993a43cde53b6ed85,-1184.046158,3748.62,11,0,11,0,11,1.0,1.0,0.0,0.0,Fear,32
2025-03-22,0x4acb90e786d897ecffb614dc822eb231b4ffb9f4,4350.379248,69357.39,53,53,0,0,0,1.8496266217682171,17.188855015260675,100.0,0.0,Fear,32
2025-03-22,0x4f93fead39b70a1824f981a54d4e55b278e9f760,58.007635,300062.0,24,24,0,0,0,10.38901410983222,50.0,100.0,0.0,Fear,32
2025-03-22,0x75f7eeb85dc639d5e99c78f95393aa9a5f1170d4,4462.921835,61012.3,63,61,0,0,0,1.5744171606347155,31.60956547741101,100.0,0.0,Fear,32
2025-03-22,0x8170715b3b381dffb7062c0298972d4727a0a63b,3082.76165,9999.93,19,19,0,0,0,1.1105862659255472,2.0339142687401806,100.0,0.0,Fear,32
2025-03-22,0x8477e447846c758f5a675856001ea72298fd9cb5,-41.40918,1149.52,4,0,2,0,0,1.0,1.0,0.0,0.0,Fear,32
2025-03-22,0xbee1707d6b44d4d52bfe19e41f8a828645437aab,1637.832293,516969.77,344,88,64,0,14,2.001209036439116,42.36569994366424,57.89473684210527,0.0,Fear,32
2025-03-23,0x28736f43f1e871e6aa8b1148d38d4994275d72c4,79.086899,11768.86,14,13,0,0,0,1.497095427511832,3.652709492631786,100.0,0.0,Fear,30
2025-03-23,0x2c229d22b100a7beb69122eed721cee9b24011dd,514.5145660000001,13789.95,15,9,0,0,0,1.3872178988583117,2.963069158551848,100.0,0.0,Fear,30
2025-03-23,0x39cef799f8b69da1995852eea189df24eb5cae3c,4988.749429,383297.04,93,52,0,0,0,4.544258484232905,50.0,100.0,0.0,Fear,30
2025-03-23,0x47add9a56df66b524d5e2c1993a43cde53b6ed85,0.0,748.95,2,0,0,0,0,1.0,1.0,,0.0,Fear,30
2025-03-23,0x4acb90e786d897ecffb614dc822eb231b4ffb9f4,2897.148962,302986.27,76,26,0,0,0,4.3031477045309865,50.0,100.0,0.0,Fear,30
2025-03-23,0x4f93fead39b70a1824f981a54d4e55b278e9f760,134.82844,40134.54,10,9,0,0,0,4.997066372064159,21.954512981581313,100.0,0.0,Fear,30
2025-03-23,0x8170715b3b381dffb7062c0298972d4727a0a63b,3464.777168,9999.92,2,2,0,0,0,5.488625501060623,5.488636478399444,100.0,0.0,Fear,30
2025-03-23,0x8477e447846c758f5a675856001ea72298fd9cb5,178.247768,20526.25,37,11,0,0,0,1.1503850797055073,2.7443786145632365,100.0,0.0,Fear,30
2025-03-23,0xb899e522b5715391ae1d4f137653e7906c5e2115,907.21938,1637164.23,20,6,0,0,0,34.94209633800367,50.0,100.0,0.0,Fear,30
2025-03-23,0xbee1707d6b44d4d52bfe19e41f8a828645437aab,882.848973,173103.66,178,18,0,39,8,1.5640788684841338,9.694395278163558,100.0,4.874993906257617,Fear,30
2025-03-24,0x083384f897ee0f19899168e3b1bec365f52a9012,40200.0,398200.0,5,4,0,0,0,27.72138714922462,50.0,100.0,0.0,Neutral,45
2025-03-24,0x28736f43f1e871e6aa8b1148d38d4994275d72c4,808.135252,60063.4,45,31,0,0,0,1.9507995478897613,19.717144715135838,100.0,0.0,Neutral,45
2025-03-24,0x39cef799f8b69da1995852eea189df24eb5cae3c,3896.627832,34072.35,20,20,0,0,0,2.3922488571492533,11.525327574767738,100.0,0.0,Neutral,45
2025-03-24,0x47add9a56df66b524d5e2c1993a43cde53b6ed85,-216.431703,13629.9,25,10,4,0,2,1.1399464569321671,3.952676253249836,71.42857142857143,0.0,Neutral,45
2025-03-24,0x4acb90e786d897ecffb614dc822eb231b4ffb9f4,48946.705539,1176763.62,185,185,0,0,0,5.321182441436812,50.0,100.0,0.0,Neutral,45
2025-03-24,0x4f93fead39b70a1824f981a54d4e55b278e9f760,0.0,59998.869999999995,14,0,0,0,0,4.989648839949327,17.581602243592396,,0.0,Neutral,45
2025-03-24,0x75f7eeb85dc639d5e99c78f95393aa9a5f1170d4,80.95313,4664.160000000001,26,22,1,0,0,1.0607896482816732,2.5805308553235013,95.65217391304348,0.0,Neutral,45
2025-03-24,0x7f4f299f74eec87806a830e3caa9afa5f2b9db8f,-869.145978,16898.940000000002,2,0,2,0,2,9.275269504645378,16.580842172652442,0.0,0.0,Neutral,45
2025-03-24,0x8170715b3b381dffb7062c0298972d4727a0a63b,2838.532396,94995.22,47,41,6,0,0,2.5180020836016723,12.652480724890747,87.2340425531915,0.0,Neutral,45
2025-03-24,0x8477e447846c758f5a675856001ea72298fd9cb5,0.0,43672.92,78,0,0,0,0,1.1098170329815886,2.7440163623821494,,0.0,Neutral,45
2025-03-24,0xaf40fdc468c30116bd3307bcbf4a451a7ebf1deb,5070.619785,345112.98,23,17,0,0,1,11.644855827163763,50.0,100.0,0.0,Neutral,45
2025-03-24,0xb1231a4a2dd02f2276fa3c5e2a2f3436e6bfed23,0.0,74920.81,57,0,0,0,0,1.8261058110850201,16.593059950760026,,0.0,Neutral,45
2025-03-24,0xbee1707d6b44d4d52bfe19e41f8a828645437aab,7122.965048,694593.88,500,302,26,5,45,1.9399073503821636,25.490127201011287,92.07317073170732,0.11111108641975856,Neutral,45
2025-03-25,0x28736f43f1e871e6aa8b1148d38d4994275d72c4,417.38885700000003,17512.12,33,12,0,3,0,1.1531051624934214,2.56943276577564,100.0,300000.0,Neutral,46
2025-03-25,0x2c229d22b100a7beb69122eed721cee9b24011dd,-3323.090682,422015.46,211,4,68,0,0,2.7040890716130326,50.0,5.555555555555555,0.0,Neutral,46
2025-03-25,0x39cef799f8b69da1995852eea189df24eb5cae3c,0.0,100176.1,1,0,0,0,0,50.0,50.0,,0.0,Neutral,46
2025-03-25,0x420ab45e0bd8863569a5efbb9c05d91f40624641,0.0,99526.98,11,0,0,0,0,10.074448232047677,34.293206476278584,,0.0,Neutral,46
2025-03-25,0x47add9a56df66b524d5e2c1993a43cde53b6ed85,87.95347999999998,1133.4299999999998,3,1,2,0,0,1.0,1.0,33.33333333333333,0.0,Neutral,46
2025-03-25,0x4acb90e786d897ecffb614dc822eb231b4ffb9f4,30531.101000000002,639865.76,50,50,0,0,0,12.732503733392923,50.0,100.0,0.0,Neutral,46
2025-03-25,0x4f93fead39b70a1824f981a54d4e55b278e9f760,217.47456799999998,119781.57,9,5,0,0,0,14.486686756660342,50.0,100.0,0.0,Neutral,46
2025-03-25,0x75f7eeb85dc639d5e99c78f95393aa9a5f1170d4,520.971268,75813.27,29,26,1,0,0,3.2425767790280284,32.93232382798242,96.29629629629629,0.0,Neutral,46
2025-03-25,0x8170715b3b381dffb7062c0298972d4727a0a63b,2164.09548,39997.490000000005,6,6,0,0,0,7.317766661880537,10.977327843492992,100.0,0.0,Neutral,46
2025-03-25,0x8477e447846c758f5a675856001ea72298fd9cb5,994.196069,45794.62,36,25,1,0,0,1.712981998481613,16.388991222080765,96.15384615384616,0.0,Neutral,46
2025-03-25,0xaf40fdc468c30116bd3307bcbf4a451a7ebf1deb,0.0,87100.0,1,0,0,0,0,50.0,50.0,,0.0,Neutral,46
2025-03-25,0xb899e522b5715391ae1d4f137653e7906c5e2115,-836.051084,3353418.9,95,22,25,0,0,25.855688104546587,50.0,46.808510638297875,0.0,Neutral,46
2025-03-25,0xbee1707d6b44d4d52bfe19e41f8a828645437aab,1256.867824,370384.07,306,135,7,29,0,1.7867704123048556,18.734211842440914,95.07042253521126,2899999.9999999995,Neutral,46
2025-03-26,0x28736f43f1e871e6aa8b1148d38d4994275d72c4,379.04079,22297.6,35,16,0,5,0,1.2062068508254296,3.32284046106579,100.0,499999.99999999994,Neutral,47
2025-03-26,0x2c229d22b100a7beb69122eed721cee9b24011dd,2323.99174,123160.59,65,49,0,0,0,2.5112970158155057,24.952753533715107,100.0,0.0,Neutral,47
2025-03-26,0x39cef799f8b69da1995852eea189df24eb5cae3c,3782.33025,64238.030000000006,28,28,0,0,0,3.0448524811890723,43.21872698875344,100.0,0.0,Neutral,47
2025-03-26,0x47add9a56df66b524d5e2c1993a43cde53b6ed85,69.285,2249.9,3,1,0,2,0,1.0,1.0,100.0,199999.99999999997,Neutral,47
2025-03-26,0x4acb90e786d897ecffb614dc822eb231b4ffb9f4,9261.449882,689410.4500000001,140,85,0,0,0,5.348540769805012,50.0,100.0,0.0,Neutral,47
2025-03-26,0x4f93fead39b70a1824f981a54d4e55b278e9f760,980.433384,200756.93,10,6,0,0,0,22.037768412400148,43.909179645906114,100.0,0.0,Neutral,47
2025-03-26,0x6d6a4b953f202f8df5bed40692e7fd865318264a,413.304033,15764.01,18,2,0,16,2,1.3730373920848307,5.144420064994621,100.0,7.999960000199999,Neutral,47
2025-03-26,0x75f7eeb85dc639d5e99c78f95393aa9a5f1170d4,96.945218,109409.06,79,25,2,0,0,1.9881529780372447,25.982537688497338,92.5925925925926,0.0,Neutral,47
2025-03-26,0x7f4f299f74eec87806a830e3caa9afa5f2b9db8f,0.0,16897.370000000003,3,0,0,3,0,6.182938522365295,9.706744784336994,,300000.0,Neutral,47
2025-03-26,0x8170715b3b381dffb7062c0298972d4727a0a63b,619.572648,9998.76,1,1,0,0,0,10.975977630818031,10.975977630818031,100.0,0.0,Neutral,47
2025-03-26,0x8381e6d82f1affd39a336e143e081ef7620a3b7f,0.0,1134.46,1,0,0,1,0,1.2453351798680858,1.2453351798680858,,99999.99999999999,Neutral,47
2025-03-26,0x8477e447846c758f5a675856001ea72298fd9cb5,27.5033,6700.11,9,1,0,0,0,1.029115220148578,1.0977338820831812,100.0,0.0,Neutral,47
2025-03-26,0xaf40fdc468c30116bd3307bcbf4a451a7ebf1deb,2087.063794,437399.01,27,3,0,0,0,10.529911809035674,50.0,100.0,0.0,Neutral,47
2025-03-26,0xb1231a4a2dd02f2276fa3c5e2a2f3436e6bfed23,2597.947325,72322.5,38,38,0,0,0,2.4140250548167836,13.141499214681163,100.0,0.0,Neutral,47
2025-03-26,0xb899e522b5715391ae1d4f137653e7906c5e2115,-774.039828,997002.1799999999,91,0,57,0,0,9.318922067403564,50.0,0.0,0.0,Neutral,47
2025-03-26,0xbd5fead7180a9c139fa51a103cb6a2ce86ddb5c3,0.0,98381.35,3,0,0,2,0,34.594984497802095,50.0,,199999.99999999997,Neutral,47
2025-03-26,0xbee1707d6b44d4d52bfe19e41f8a828645437aab,-6062.660109,4730632.06,2551,586,718,25,58,2.388573930874037,50.0,44.93865030674847,0.43103440844234336,Neutral,47
2025-03-27,0x28736f43f1e871e6aa8b1148d38d4994275d72c4,-133.035992,70602.99,38,6,3,4,0,2.418698801258421,26.252086243242864,66.66666666666666,399999.99999999994,Fear,40
2025-03-27,0x39cef799f8b69da1995852eea189df24eb5cae3c,6504.316844999999,274731.1,178,30,0,0,0,1.908455348756689,50.0,100.0,0.0,Fear,40
2025-03-27,0x4f93fead39b70a1824f981a54d4e55b278e9f760,4329.319769,784368.48,40,16,0,0,0,15.876264183270612,50.0,100.0,0.0,Fear,40
2025-03-27,0x513b8629fe877bb581bf244e326a047b249c4ff1,0.0,158959.64,77,0,0,0,0,2.524636048042147,36.5279621360847,,0.0,Fear,40
2025-03-27,0x6d6a4b953f202f8df5bed40692e7fd865318264a,154.257092,12658.35,23,15,0,8,15,1.225910750188089,2.563439138779466,100.0,0.5333329777780148,Fear,40
2025-03-27,0x8170715b3b381dffb7062c0298972d4727a0a63b,26714.79759,68601.29,64,62,0,0,0,1.525882918338697,5.488603546382981,100.0,0.0,Fear,40
2025-03-27,0x8477e447846c758f5a675856001ea72298fd9cb5,195.60777199999998,45550.15,40,14,0,0,0,1.5882450045424215,7.284902339007438,100.0,0.0,Fear,40
2025-03-27,0xaf40fdc468c30116bd3307bcbf4a451a7ebf1deb,894.0,347421.98,21,6,0,0,0,15.040235982257183,50.0,100.0,0.0,Fear,40
2025-03-27,0xbaaaf6571ab7d571043ff1e313a9609a10637864,18422.612928,786814.29,147,29,0,0,0,5.6970039060776685,50.0,100.0,0.0,Fear,40
2025-03-27,0xbd5fead7180a9c139fa51a103cb6a2ce86ddb5c3,0.0,521099.95999999996,21,0,0,0,0,12.218017455390541,50.0,,0.0,Fear,40
2025-03-27,0xbee1707d6b44d4d52bfe19e41f8a828645437aab,1743.483217,169471.23,136,84,0,0,7,1.7326203672304674,9.85636591246493,100.0,0.0,Fear,40
2025-03-28,0x23e7a7f8d14b550961925fbfdaa92f5d195ba5bd,0.0,61324.83,42,0,0,42,0,1.9839213768284334,6.577094509179023,,4200000.0,Fear,44
2025-03-28,0x28736f43f1e871e6aa8b1148d38d4994275d72c4,-21.766132,35923.43,41,1,3,0,0,1.452316865886445,8.80101553556898,25.0,0.0,Fear,44
2025-03-28,0x4f93fead39b70a1824f981a54d4e55b278e9f760,0.0,199987.63,10,0,0,0,0,22.151085856401448,47.40653783954549,,0.0,Fear,44
2025-03-28,0x513b8629fe877bb581bf244e326a047b249c4ff1,1470.407794,160429.83,84,84,0,0,0,2.3458024140903517,50.0,100.0,0.0,Fear,44
2025-03-28,0x6d6a4b953f202f8df5bed40692e7fd865318264a,0.0,2726.7,12,0,0,12,0,1.0081399162824232,1.0976789953890773,,1200000.0,Fear,44
2025-03-28,0x7f4f299f74eec87806a830e3caa9afa5f2b9db8f,1130.350383,18027.760000000002,6,6,0,0,6,3.5141819167516637,7.604090419900763,100.0,0.0,Fear,44
2025-03-28,0x8170715b3b381dffb7062c0298972d4727a0a63b,13956.614828,32999.21,29,29,0,0,0,1.6159939887184134,5.488625501060623,100.0,0.0,Fear,44
2025-03-28,0x8477e447846c758f5a675856001ea72298fd9cb5,1617.77036,45331.45,37,25,0,0,0,1.625317590729751,8.43425166822617,100.0,0.0,Fear,44
2025-03-28,0xaf40fdc468c30116bd3307bcbf4a451a7ebf1deb,1342.0,347258.0,54,4,0,0,0,5.836984550721019,50.0,100.0,0.0,Fear,44
2025-03-28,0xbaaaf6571ab7d571043ff1e313a9609a10637864,0.0,297810.47,167,0,0,0,0,2.3427221990789517,50.0,,0.0,Fear,44
2025-03-28,0xbee1707d6b44d4d52bfe19e41f8a828645437aab,1841.802102,281273.3,246,82,0,9,0,1.6991209671930096,12.880864259058153,100.0,899999.9999999999,Fear,44
2025-03-29,0x23e7a7f8d14b550961925fbfdaa92f5d195ba5bd,-5018.466447,56306.5,97,0,97,0,97,1.237057587386531,4.893456144872764,0.0,0.0,Fear,26
2025-03-29,0x28736f43f1e871e6aa8b1148d38d4994275d72c4,28.499012000000004,7029.76,15,5,0,0,0,1.1845118531109116,2.7370896615862046,100.0,0.0,Fear,26
2025-03-29,0x4acb90e786d897ecffb614dc822eb231b4ffb9f4,314.6728,350341.06,23,3,0,0,0,12.689348890506995,50.0,100.0,0.0,Fear,26
2025-03-29,0x4f93fead39b70a1824f981a54d4e55b278e9f760,0.0,219994.47999999998,8,0,0,0,0,20.778072952320144,50.0,,0.0,Fear,26
2025-03-29,0x6d6a4b953f202f8df5bed40692e7fd865318264a,0.0,1549.8899999999999,7,0,0,7,0,1.0,1.0,,700000.0,Fear,26
2025-03-29,0x75f7eeb85dc639d5e99c78f95393aa9a5f1170d4,133.123947,42161.72,83,66,15,0,0,1.3801759852043876,22.997546784320292,81.48148148148148,0.0,Fear,26
2025-03-29,0x8170715b3b381dffb7062c0298972d4727a0a63b,19573.830158,99999.07,86,44,0,0,0,1.8806061486351882,30.33553553386527,100.0,0.0,Fear,26
2025-03-29,0x8477e447846c758f5a675856001ea72298fd9cb5,7.57416,7212.530000000001,10,2,0,0,0,1.2402047229780724,2.6577783886056947,100.0,0.0,Fear,26
2025-03-29,0xbaaaf6571ab7d571043ff1e313a9609a10637864,720.749699,1550608.07,600,246,0,0,0,3.0892737121861753,50.0,100.0,0.0,Fear,26
2025-03-29,0xbee1707d6b44d4d52bfe19e41f8a828645437aab,-3661.1103980000003,1332948.75,965,308,154,1,0,1.9340693736462637,50.0,66.66666666666666,99999.99999999999,Fear,26
2025-03-30,0x28736f43f1e871e6aa8b1148d38d4994275d72c4,-743.288757,31977.1,44,1,10,0,2,1.2609166540959498,4.1406961125730435,9.090909090909092,0.0,Fear,32
2025-03-30,0x47add9a56df66b524d5e2c1993a43cde53b6ed85,0.0,750.22,3,0,0,3,0,1.0,1.0,,300000.0,Fear,32
2025-03-30,0x4acb90e786d897ecffb614dc822eb231b4ffb9f4,5362.529222,255386.44,21,21,0,0,0,5.457664241009331,50.0,100.0,0.0,Fear,32
2025-03-30,0x6d6a4b953f202f8df5bed40692e7fd865318264a,3.492534,1656.06,6,1,0,4,1,1.0,1.0,100.0,3.9999600003999958,Fear,32
2025-03-30,0x8170715b3b381dffb7062c0298972d4727a0a63b,9683.820194,70041.15,31,15,2,0,0,2.8738228556947765,14.511646736942106,88.23529411764706,0.0,Fear,32
2025-03-30,0x8477e447846c758f5a675856001ea72298fd9cb5,267.13403800000003,5452.88,8,6,0,0,0,1.1209939299707252,1.9679514397658024,100.0,0.0,Fear,32
2025-03-30,0xb899e522b5715391ae1d4f137653e7906c5e2115,685.277142,1336904.74,48,24,0,0,0,19.42296350605662,50.0,100.0,0.0,Fear,32
2025-03-30,0xbaaaf6571ab7d571043ff1e313a9609a10637864,0.0,1062029.4,354,0,0,0,0,2.8965277804084093,50.0,,0.0,Fear,32
2025-03-30,0xbee1707d6b44d4d52bfe19e41f8a828645437aab,536.150767,86676.97,53,26,0,0,0,2.2470892923333823,15.350161740110165,100.0,0.0,Fear,32
2025-03-31,0x23e7a7f8d14b550961925fbfdaa92f5d195ba5bd,716.143949,113285.54,155,83,0,72,83,1.316918576290429,6.773018052453229,100.0,0.8674697750036415,Fear,34
2025-03-31,0x28736f43f1e871e6aa8b1148d38d4994275d72c4,3.5652170000000005,19507.03,52,7,7,1,4,1.0825339494468886,2.4690669569367745,50.0,0.24999937500156252,Fear,34
2025-03-31,0x47add9a56df66b524d5e2c1993a43cde53b6ed85,798.187528,7544.88,16,5,0,0,0,1.006104251128141,1.0976680180502565,100.0,0.0,Fear,34
2025-03-31,0x4acb90e786d897ecffb614dc822eb231b4ffb9f4,4750.8109939999995,444763.7,47,26,0,0,0,9.233520910050714,50.0,100.0,0.0,Fear,34
2025-03-31,0x4f93fead39b70a1824f981a54d4e55b278e9f760,2112.5276,722103.27,40,22,0,0,0,17.870875813805004,50.0,100.0,0.0,Fear,34
2025-03-31,0x6d6a4b953f202f8df5bed40692e7fd865318264a,0.0,149.99,1,0,0,1,0,1.0,1.0,,99999.99999999999,Fear,34
2025-03-31,0x75f7eeb85dc639d5e99c78f95393aa9a5f1170d4,1239.24045,49526.1,52,51,0,0,0,1.6272822267393303,26.503083095381186,100.0,0.0,Fear,34
2025-03-31,0x8170715b3b381dffb7062c0298972d4727a0a63b,5544.028638,39999.89,8,6,0,0,0,5.980075196966384,32.71620198127789,100.0,0.0,Fear,34
2025-03-31,0x8477e447846c758f5a675856001ea72298fd9cb5,92.902727,3571.96,7,3,0,0,0,1.0200183378013192,1.1401283646092337,100.0,0.0,Fear,34
2025-03-31,0xbaaaf6571ab7d571043ff1e313a9609a10637864,0.0,282777.74,33,0,0,0,0,9.488511895583223,13.281602990051441,,0.0,Fear,34
2025-03-31,0xbd5fead7180a9c139fa51a103cb6a2ce86ddb5c3,-8320.5,416000.0,3,0,3,0,0,34.056677756706165,50.0,0.0,0.0,Fear,34
2025-03-31,0xbee1707d6b44d4d52bfe19e41f8a828645437aab,41.27745400000002,65542.37,81,56,23,0,23,1.4017005843939454,15.350183694787809,70.88607594936708,0.0,Fear,34
2025-04-01,0x28736f43f1e871e6aa8b1148d38d4994275d72c4,768.351892,17318.84,41,27,2,5,0,1.0593418015487983,2.0856943759580444,93.10344827586206,499999.99999999994,Fear,34
2025-04-01,0x2c229d22b100a7beb69122eed721cee9b24011dd,1334.414834,10737.4,9,4,0,0,0,1.3958793314322517,2.686407288250424,100.0,0.0,Fear,34
2025-04-01,0x47add9a56df66b524d5e2c1993a43cde53b6ed85,-680.287463,4701.35,19,6,12,0,10,1.0,1.0,33.33333333333333,0.0,Fear,34
2025-04-01,0x4f93fead39b70a1824f981a54d4e55b278e9f760,1402.082488,141406.34,20,8,0,0,0,8.04948294538685,43.99823879575953,100.0,0.0,Fear,34
2025-04-01,0x513b8629fe877bb581bf244e326a047b249c4ff1,0.0,179501.53,13,0,0,0,0,12.115428811839525,50.0,,0.0,Fear,34
2025-04-01,0x6d6a4b953f202f8df5bed40692e7fd865318264a,132.71954399999998,27360.350000000002,14,4,0,0,0,2.3271786112763087,5.486583716039949,100.0,0.0,Fear,34
2025-04-01,0x8170715b3b381dffb7062c0298972d4727a0a63b,4004.50286,123441.06,13,12,0,0,0,10.422958992681552,50.0,100.0,0.0,Fear,34
2025-04-01,0xbd5fead7180a9c139fa51a103cb6a2ce86ddb5c3,-9311.892185,157040.91,28,0,20,0,0,6.314630791636113,42.11099275100448,0.0,0.0,Fear,34
2025-04-01,0xbee1707d6b44d4d52bfe19e41f8a828645437aab,147.445788,42937.41,35,27,0,0,0,1.7798242408872236,15.350271513498374,100.0,0.0,Fear,34
2025-04-02,0x28736f43f1e871e6aa8b1148d38d4994275d72c4,669.381363,28989.4,70,42,0,14,0,1.1380481839937475,7.200036532583586,100.0,1400000.0,Fear,44
2025-04-02,0x2c229d22b100a7beb69122eed721cee9b24011dd,1.1031579999999999,2371.44,6,2,1,0,0,1.0414453818116032,1.2486722908696188,66.66666666666666,0.0,Fear,44
2025-04-02,0x47add9a56df66b524d5e2c1993a43cde53b6ed85,93.006465,1623.71,4,3,0,0,0,1.0,1.0,100.0,0.0,Fear,44
2025-04-02,0x4acb90e786d897ecffb614dc822eb231b4ffb9f4,444.205198,599582.17,16,10,0,0,0,23.383627035692584,50.0,100.0,0.0,Fear,44
2025-04-02,0x4f93fead39b70a1824f981a54d4e55b278e9f760,0.0,19999.7,1,0,0,0,0,21.954348321499,21.954348321499,,0.0,Fear,44
2025-04-02,0x6d6a4b953f202f8df5bed40692e7fd865318264a,234.497751,38102.27,34,9,0,6,0,1.8079049134129457,8.603368550099905,100.0,600000.0,Fear,44
2025-04-02,0x75f7eeb85dc639d5e99c78f95393aa9a5f1170d4,90.98474,32179.99,11,9,0,0,0,3.472857571743192,12.450958738817917,100.0,0.0,Fear,44
2025-04-02,0x8170715b3b381dffb7062c0298972d4727a0a63b,8045.056928,14999.990000000002,7,7,0,0,0,2.626667104923848,5.488669410415906,100.0,0.0,Fear,44
2025-04-02,0xbaaaf6571ab7d571043ff1e313a9609a10637864,188114.980392,2826888.64,743,743,0,0,0,3.4925799882349735,50.0,100.0,0.0,Fear,44
2025-04-02,0xbd5fead7180a9c139fa51a103cb6a2ce86ddb5c3,2676.6850000000004,186250.28,66,62,0,0,0,2.6820976781704235,50.0,100.0,0.0,Fear,44
2025-04-02,0xbee1707d6b44d4d52bfe19e41f8a828645437aab,1842.839943,116943.01,118,76,0,0,0,1.524223719623851,9.900461882508212,100.0,0.0,Fear,44
2025-04-03,0x23e7a7f8d14b550961925fbfdaa92f5d195ba5bd,0.0,54768.6,1,0,0,1,0,50.0,50.0,,99999.99999999999,Fear,25
2025-04-03,0x28736f43f1e871e6aa8b1148d38d4994275d72c4,149.51234499999998,38532.12,85,10,11,0,0,1.121290280021065,3.6774085049786573,47.61904761904761,0.0,Fear,25
2025-04-03,0x2c229d22b100a7beb69122eed721cee9b24011dd,160.127816,19222.63,26,19,0,0,0,1.2186055287214967,1.7255608212630154,100.0,0.0,Fear,25
2025-04-03,0x39cef799f8b69da1995852eea189df24eb5cae3c,0.0,673491.65,142,0,0,0,0,4.303249560076185,50.0,,0.0,Fear,25
2025-04-03,0x47add9a56df66b524d5e2c1993a43cde53b6ed85,7.052034,8893.3,14,2,0,2,0,1.0059059964685586,1.082683950559821,100.0,199999.99999999997,Fear,25
2025-04-03,0x4acb90e786d897ecffb614dc822eb231b4ffb9f4,0.0,999996.66,60,0,0,0,0,9.978099286955972,50.0,,0.0,Fear,25
2025-04-03,0x4f93fead39b70a1824f981a54d4e55b278e9f760,0.0,279939.1,9,0,0,0,0,30.295063305337187,50.0,,0.0,Fear,25
2025-04-03,0x513b8629fe877bb581bf244e326a047b249c4ff1,0.0,110787.03,49,0,0,0,0,2.7723613029145895,33.583236110702465,,0.0,Fear,25
2025-04-03,0x6d6a4b953f202f8df5bed40692e7fd865318264a,298.031364,18458.769999999997,20,5,0,14,0,1.5808034226464245,9.460534051924556,100.0,1400000.0,Fear,25
2025-04-03,0x8170715b3b381dffb7062c0298972d4727a0a63b,0.0,478472.76,85,0,0,0,0,6.203887930617428,50.0,,0.0,Fear,25
2025-04-03,0x8477e447846c758f5a675856001ea72298fd9cb5,0.0,3997.21,6,0,0,0,0,1.0485357913204956,1.0975801993396896,,0.0,Fear,25
2025-04-03,0xaf40fdc468c30116bd3307bcbf4a451a7ebf1deb,2020.0,340220.0,8,1,0,0,0,15.41742714010904,50.0,100.0,0.0,Fear,25
2025-04-03,0xb1231a4a2dd02f2276fa3c5e2a2f3436e6bfed23,0.0,49999.95,9,0,0,0,0,6.282564604932154,27.438385294932516,,0.0,Fear,25
2025-04-03,0xb899e522b5715391ae1d4f137653e7906c5e2115,361.071464,680921.11,24,7,0,0,0,17.307832243429946,50.0,100.0,0.0,Fear,25
2025-04-03,0xbaaaf6571ab7d571043ff1e313a9609a10637864,3869.208803,4382512.84,937,476,22,0,0,4.395945363646388,50.0,95.58232931726907,0.0,Fear,25
2025-04-03,0xbd5fead7180a9c139fa51a103cb6a2ce86ddb5c3,-5862.0887760000005,84612.07,12,0,12,0,0,7.929351969634621,22.868167868977967,0.0,0.0,Fear,25
2025-04-03,0xbee1707d6b44d4d52bfe19e41f8a828645437aab,-3368.876326,445407.35,261,0,69,6,0,2.2426860645345124,23.810769998845153,0.0,600000.0,Fear,25
2025-04-04,0x28736f43f1e871e6aa8b1148d38d4994275d72c4,498.73528200000004,28054.43,100,56,7,2,0,1.052951411224724,2.743577268829316,88.88888888888889,199999.99999999997,Fear,28
2025-04-04,0x39cef799f8b69da1995852eea189df24eb5cae3c,266.39774,673225.18,34,34,0,0,0,4.828832473747434,50.0,100.0,0.0,Fear,28
2025-04-04,0x3f9a0aadc7f04a7c9d75dc1b5a6ddd6e36486cf6,0.0,63727.4,1,0,0,1,0,50.0,50.0,,99999.99999999999,Fear,28
2025-04-04,0x47add9a56df66b524d5e2c1993a43cde53b6ed85,0.0,1749.56,2,0,0,1,0,1.186050744285526,1.3721014885710516,,99999.99999999999,Fear,28
2025-04-04,0x4acb90e786d897ecffb614dc822eb231b4ffb9f4,0.0,421466.09,51,0,0,0,0,8.228273218369507,50.0,,0.0,Fear,28
2025-04-04,0x4f93fead39b70a1824f981a54d4e55b278e9f760,4591.427138999999,424550.64,21,13,0,0,0,16.081257001059186,50.0,100.0,0.0,Fear,28
2025-04-04,0x6d6a4b953f202f8df5bed40692e7fd865318264a,392.35488599999996,37577.76,60,9,0,31,4,1.1814368590057425,3.5219803646144996,100.0,7.749980625048438,Fear,28
2025-04-04,0x8170715b3b381dffb7062c0298972d4727a0a63b,4805.345609999999,63381.48,68,7,0,0,0,1.6130023078498836,18.065252814699424,100.0,0.0,Fear,28
2025-04-04,0x8477e447846c758f5a675856001ea72298fd9cb5,586.623362,26109.75,54,17,0,0,0,1.138127537259405,4.517855519779182,100.0,0.0,Fear,28
2025-04-04,0xb1231a4a2dd02f2276fa3c5e2a2f3436e6bfed23,2242.086667,112749.28,99,65,0,0,0,1.6298033790963273,6.586326451127342,100.0,0.0,Fear,28
2025-04-04,0xb899e522b5715391ae1d4f137653e7906c5e2115,0.0,101691.64,6,0,0,0,0,15.893679058033081,50.0,,0.0,Fear,28
2025-04-04,0xbaaaf6571ab7d571043ff1e313a9609a10637864,9367.872074,699197.85,318,216,2,0,0,2.769165394531174,50.0,99.08256880733946,0.0,Fear,28
2025-04-04,0xbd5fead7180a9c139fa51a103cb6a2ce86ddb5c3,-43753.361578,719162.6599999999,132,24,35,0,17,4.860905411305114,50.0,40.67796610169492,0.0,Fear,28
2025-04-04,0xbee1707d6b44d4d52bfe19e41f8a828645437aab,-4513.160132,462902.01,326,52,152,0,0,1.9181293934727734,23.59613009288143,25.49019607843137,0.0,Fear,28
2025-04-05,0x28736f43f1e871e6aa8b1148d38d4994275d72c4,177.049662,18551.420000000002,56,34,4,0,0,1.0111721787439452,1.3728808796273309,89.47368421052632,0.0,Fear,30
2025-04-05,0x3f9a0aadc7f04a7c9d75dc1b5a6ddd6e36486cf6,562.1943200000001,64289.35,19,19,0,0,19,3.7861345857329076,13.1723455367677,100.0,0.0,Fear,30
2025-04-05,0x47add9a56df66b524d5e2c1993a43cde53b6ed85,-132.88134,14666.43,25,10,1,0,0,1.070864623505819,1.700894740932606,90.9090909090909,0.0,Fear,30
2025-04-05,0x4acb90e786d897ecffb614dc822eb231b4ffb9f4,31134.240601999998,527928.11,102,102,0,0,0,5.828380237521883,50.0,100.0,0.0,Fear,30
2025-04-05,0x513b8629fe877bb581bf244e326a047b249c4ff1,0.0,86259.65,34,0,0,0,0,3.028308335522125,10.977810846401109,,0.0,Fear,30
2025-04-05,0x6d6a4b953f202f8df5bed40692e7fd865318264a,41.479757,17457.45,17,11,1,0,0,1.649292285800413,3.845537426358517,91.66666666666666,0.0,Fear,30
2025-04-05,0x8477e447846c758f5a675856001ea72298fd9cb5,0.0,2498.98,4,0,0,0,0,1.3260715309743172,2.3042861238972687,,0.0,Fear,30
2025-04-05,0xaf40fdc468c30116bd3307bcbf4a451a7ebf1deb,2400.0,333099.99,8,1,0,0,0,15.899716191882122,50.0,100.0,0.0,Fear,30
2025-04-05,0xb899e522b5715391ae1d4f137653e7906c5e2115,611.49348,102303.13,5,5,0,0,0,19.380726603229345,50.0,100.0,0.0,Fear,30
2025-04-05,0xbee1707d6b44d4d52bfe19e41f8a828645437aab,1113.761229,100509.71,90,27,0,0,0,1.6803392934428536,9.56207443601725,100.0,0.0,Fear,30
2025-04-06,0x28736f43f1e871e6aa8b1148d38d4994275d72c4,-476.77056300000004,28676.8,74,27,11,0,0,1.1037115118331615,5.549132592641048,71.05263157894737,0.0,Fear,34
2025-04-06,0x3998f134d6aaa2b6a5f723806d00fd2bbbbce891,0.0,39996.37,19,0,0,0,0,2.778104974372995,31.04882105576528,,0.0,Fear,34
2025-04-06,0x39cef799f8b69da1995852eea189df24eb5cae3c,24553.541149999997,192087.53,68,21,0,0,0,3.362512576478793,31.366768697371853,100.0,0.0,Fear,34
2025-04-06,0x3f9a0aadc7f04a7c9d75dc1b5a6ddd6e36486cf6,0.0,64267.24999999999,21,0,0,20,0,3.6243471018644096,37.64155827276399,,1999999.9999999998,Fear,34
2025-04-06,0x47add9a56df66b524d5e2c1993a43cde53b6ed85,-1400.5515480000001,9920.72,15,4,3,0,2,1.1060593593010328,1.5976418919838622,57.14285714285714,0.0,Fear,34
2025-04-06,0x4acb90e786d897ecffb614dc822eb231b4ffb9f4,0.0,567374.5700000001,103,0,0,0,0,5.195695781611607,50.0,,0.0,Fear,34
2025-04-06,0x4f93fead39b70a1824f981a54d4e55b278e9f760,0.0,179973.59,7,0,0,0,0,22.67439826776337,50.0,,0.0,Fear,34
2025-04-06,0x6d6a4b953f202f8df5bed40692e7fd865318264a,207.98348199999998,30469.59,22,10,0,11,1,1.886484057770499,5.505607444216451,100.0,10.999890001099988,Fear,34
2025-04-06,0x75f7eeb85dc639d5e99c78f95393aa9a5f1170d4,3370.85855,154160.34,39,36,0,0,0,4.810606509679007,32.93243360137063,100.0,0.0,Fear,34
2025-04-06,0x8170715b3b381dffb7062c0298972d4727a0a63b,17621.701092,189998.6,14,8,0,0,0,14.943166145535782,32.93198353047898,100.0,0.0,Fear,34
2025-04-06,0x8477e447846c758f5a675856001ea72298fd9cb5,67.080809,12423.32,28,4,0,0,0,1.0440169645675965,2.1358498370304253,100.0,0.0,Fear,34
2025-04-06,0xb899e522b5715391ae1d4f137653e7906c5e2115,254.093244,477594.31,25,17,0,0,0,19.144566616858807,50.0,100.0,0.0,Fear,34
2025-04-06,0xbaaaf6571ab7d571043ff1e313a9609a10637864,1026.735896,1366979.39,499,172,0,0,0,3.186991193361072,50.0,100.0,0.0,Fear,34
2025-04-06,0xbee1707d6b44d4d52bfe19e41f8a828645437aab,1828.77716,237329.68,114,33,0,0,0,2.689567097897361,33.15069602914523,100.0,0.0,Fear,34
2025-04-07,0x28736f43f1e871e6aa8b1148d38d4994275d72c4,-19833.530157,124542.67,150,27,83,12,50,1.4854457524065612,35.51105439973931,24.545454545454547,0.2399999520000096,Extreme Fear,23
2025-04-07,0x3998f134d6aaa2b6a5f723806d00fd2bbbbce891,9485.86,110509.7,61,21,0,0,0,2.3708670814219572,31.706253877744896,100.0,0.0,Extreme Fear,23
2025-04-07,0x39cef799f8b69da1995852eea189df24eb5cae3c,25941.716413,3619016.91,929,294,167,0,0,3.7749500886635965,50.0,63.77440347071583,0.0,Extreme Fear,23
2025-04-07,0x47add9a56df66b524d5e2c1993a43cde53b6ed85,-5651.552238,27343.420000000002,48,7,20,0,14,1.0857153335274123,2.744257863836207,25.925925925925924,0.0,Extreme Fear,23
2025-04-07,0x4acb90e786d897ecffb614dc822eb231b4ffb9f4,13642.628143,1470763.94,189,40,0,0,0,7.240332368635499,50.0,100.0,0.0,Extreme Fear,23
2025-04-07,0x4f93fead39b70a1824f981a54d4e55b278e9f760,0.0,599973.16,45,0,0,0,0,11.888904296193768,50.0,,0.0,Extreme Fear,23
2025-04-07,0x513b8629fe877bb581bf244e326a047b249c4ff1,-37999.868086,529712.57,76,6,48,0,0,5.979890041036986,50.0,11.11111111111111,0.0,Extreme Fear,23
2025-04-07,0x6d6a4b953f202f8df5bed40692e7fd865318264a,232.000726,50517.06,51,7,2,24,0,1.5547368814107057,8.598329951581142,77.77777777777779,2400000.0,Extreme Fear,23
2025-04-07,0x8170715b3b381dffb7062c0298972d4727a0a63b,0.0,139954.52,51,0,0,0,0,3.4114246408401963,26.861987188128282,,0.0,Extreme Fear,23
2025-04-07,0x8381e6d82f1affd39a336e143e081ef7620a3b7f,-4968.487948,197856.82,26,0,15,0,0,8.486674186200041,33.67532500607042,0.0,0.0,Extreme Fear,23
2025-04-07,0x8477e447846c758f5a675856001ea72298fd9cb5,632.303024,499332.72,270,73,30,0,0,2.357041989687056,21.827461262069008,70.87378640776699,0.0,Extreme Fear,23
2025-04-07,0x92f17e8d81a944691c10e753af1b1baae1a2cd0d,3425.96095,653351.5,68,33,0,0,0,10.297548259158065,50.0,100.0,0.0,Extreme Fear,23
2025-04-07,0xaf40fdc468c30116bd3307bcbf4a451a7ebf1deb,0.0,38053.979999999996,17,0,0,0,0,3.31473040314496,20.88658257439669,,0.0,Extreme Fear,23
2025-04-07,0xb1231a4a2dd02f2276fa3c5e2a2f3436e6bfed23,3601.4274,137098.98,80,38,0,0,0,2.1612033896704976,10.976800931229592,100.0,0.0,Extreme Fear,23
2025-04-07,0xb899e522b5715391ae1d4f137653e7906c5e2115,1291.1500099999998,2671258.06,113,30,11,0,0,13.659553729327035,50.0,73.17073170731707,0.0,Extreme Fear,23
2025-04-07,0xbaaaf6571ab7d571043ff1e313a9609a10637864,2378.877324,1275024.6400000001,146,47,0,1,0,5.652107726947587,50.0,100.0,99999.99999999999,Extreme Fear,23
2025-04-07,0xbd5fead7180a9c139fa51a103cb6a2ce86ddb5c3,51942.142881,1685695.8800000001,108,30,0,0,0,8.147453400505535,50.0,100.0,0.0,Extreme Fear,23
2025-04-07,0xbee1707d6b44d4d52bfe19e41f8a828645437aab,-9593.258137,630246.61,386,20,214,0,0,2.182610588492584,12.742450993866285,8.547008547008547,0.0,Extreme Fear,23
2025-04-08,0x28736f43f1e871e6aa8b1148d38d4994275d72c4,230.103259,18193.11,65,24,4,29,17,1.0198246888591527,1.775694327657754,85.71428571428571,1.7058813494815592,Extreme Fear,24
2025-04-08,0x39cef799f8b69da1995852eea189df24eb5cae3c,3366.444714,142563.84,14,14,0,0,0,11.399321870189754,36.390558786064354,100.0,0.0,Extreme Fear,24
2025-04-08,0x47add9a56df66b524d5e2c1993a43cde53b6ed85,-6745.027414,29440.15,42,11,20,2,17,1.195893130818368,2.74415906778682,35.483870967741936,0.11764698961941787,Extreme Fear,24
2025-04-08,0x4acb90e786d897ecffb614dc822eb231b4ffb9f4,221.0,156825.0,3,1,0,0,0,36.895582235855585,50.0,100.0,0.0,Extreme Fear,24
2025-04-08,0x4f93fead39b70a1824f981a54d4e55b278e9f760,21114.136771999998,1071082.47,28,24,0,0,0,21.60214316544924,50.0,100.0,0.0,Extreme Fear,24
2025-04-08,0x513b8629fe877bb581bf244e326a047b249c4ff1,3131.840108,1430720.55,148,16,0,0,0,6.326258914147983,50.0,100.0,0.0,Extreme Fear,24
2025-04-08,0x6d6a4b953f202f8df5bed40692e7fd865318264a,409.437344,41829.28,32,12,0,0,0,1.6947283580667398,5.330277388570124,100.0,0.0,Extreme Fear,24
2025-04-08,0x72743ae2822edd658c0c50608fd7c5c501b2afbd,0.0,191099.99,77,0,0,37,0,3.0182789513782153,20.236757048219907,,3699999.9999999995,Extreme Fear,24
2025-04-08,0x75f7eeb85dc639d5e99c78f95393aa9a5f1170d4,948.85929,48011.8,43,42,0,0,0,1.7872592247096677,25.83130289156274,100.0,0.0,Extreme Fear,24
2025-04-08,0x7f4f299f74eec87806a830e3caa9afa5f2b9db8f,246.8944,56053.090000000004,26,16,0,0,0,2.6951051911092176,10.977810846401109,100.0,0.0,Extreme Fear,24
2025-04-08,0x8170715b3b381dffb7062c0298972d4727a0a63b,0.0,149999.02000000002,8,0,0,0,0,19.97158707949655,50.0,,0.0,Extreme Fear,24
2025-04-08,0x8381e6d82f1affd39a336e143e081ef7620a3b7f,142.99159,91649.26,23,10,0,0,0,4.464993104226657,15.968603054598187,100.0,0.0,Extreme Fear,24
2025-04-08,0x8477e447846c758f5a675856001ea72298fd9cb5,81.035707,38119.45,46,14,0,0,0,1.3610577129865749,7.269577974013556,100.0,0.0,Extreme Fear,24
2025-04-08,0xa520ded057a32086c40e7dd6ed4eb8efb82c00e0,-920.33629,1000.85,1,0,1,0,1,1.098666955882952,1.098666955882952,0.0,0.0,Extreme Fear,24
2025-04-08,0xae5eacaf9c6b9111fd53034a602c192a04e082ed,0.0,94574.77,33,0,0,0,0,3.349445339019937,20.28296066731679,,0.0,Extreme Fear,24
2025-04-08,0xb899e522b5715391ae1d4f137653e7906c5e2115,936.6942779999999,5054069.34,187,77,50,0,0,16.739230752192626,50.0,60.629921259842526,0.0,Extreme Fear,24
2025-04-08,0xbee1707d6b44d4d52bfe19e41f8a828645437aab,11735.32104,254159.43,167,125,0,0,0,2.1239696535030985,10.977744982368185,100.0,0.0,Extreme Fear,24
2025-04-09,0x271b280974205ca63b716753467d5a371de622ab,16706.884912,4886973.24,797,300,6,0,0,5.298608780890501,50.0,98.0392156862745,0.0,Extreme Fear,18
2025-04-09,0x28736f43f1e871e6aa8b1148d38d4994275d72c4,94.077376,12962.14,53,12,7,26,18,1.0087523523712174,1.411696749697792,63.1578947368421,1.4444436419757545,Extreme Fear,18
2025-04-09,0x3998f134d6aaa2b6a5f723806d00fd2bbbbce891,0.0,39999.58,30,0,0,0,0,1.8571860367664725,13.539493610969243,,0.0,Extreme Fear,18
2025-04-09,0x39cef799f8b69da1995852eea189df24eb5cae3c,-77308.420095,2529316.8,617,142,384,0,0,3.362393588426251,50.0,26.996197718631176,0.0,Extreme Fear,18
2025-04-09,0x3f9a0aadc7f04a7c9d75dc1b5a6ddd6e36486cf6,110.553364,64377.46000000001,19,19,0,0,19,4.084773411896256,33.08970593465669,100.0,0.0,Extreme Fear,18
2025-04-09,0x430f09841d65beb3f27765503d0f850b8bce7713,0.0,440050.95,79,0,0,0,0,5.221476486976555,50.0,,0.0,Extreme Fear,18
2025-04-09,0x47add9a56df66b524d5e2c1993a43cde53b6ed85,-3911.273892,35736.87,56,26,20,0,17,1.1677519438828396,3.4385855215926404,56.52173913043478,0.0,Extreme Fear,18
2025-04-09,0x4acb90e786d897ecffb614dc822eb231b4ffb9f4,107892.62706,5201395.47,290,137,6,0,0,11.215671536582594,50.0,95.8041958041958,0.0,Extreme Fear,18
2025-04-09,0x4f93fead39b70a1824f981a54d4e55b278e9f760,25875.837656,875895.92,45,24,0,0,0,16.19065409863825,50.0,100.0,0.0,Extreme Fear,18
2025-04-09,0x513b8629fe877bb581bf244e326a047b249c4ff1,-36253.792726,1376396.0999999999,122,83,4,0,0,7.3574123659786554,50.0,95.40229885057471,0.0,Extreme Fear,18
2025-04-09,0x6d6a4b953f202f8df5bed40692e7fd865318264a,1395.820542,54157.02,60,25,0,10,22,1.3513190223962583,4.024160683651093,100.0,0.4545452479339782,Extreme Fear,18
2025-04-09,0x72743ae2822edd658c0c50608fd7c5c501b2afbd,33980.0,2873921.37,355,312,0,0,0,6.446820181894932,50.0,100.0,0.0,Extreme Fear,18
2025-04-09,0x75f7eeb85dc639d5e99c78f95393aa9a5f1170d4,1593.7933500000001,58405.28,15,6,0,0,0,4.547882054202581,15.771900120267704,100.0,0.0,Extreme Fear,18
2025-04-09,0x7f4f299f74eec87806a830e3caa9afa5f2b9db8f,2975.927732,2791902.19,799,375,6,0,0,3.2785849516832832,50.0,98.4251968503937,0.0,Extreme Fear,18
2025-04-09,0x8170715b3b381dffb7062c0298972d4727a0a63b,-4058.8889249999997,441098.03,54,18,11,0,0,7.76196462847733,50.0,62.06896551724138,0.0,Extreme Fear,18
2025-04-09,0x8477e447846c758f5a675856001ea72298fd9cb5,500.847132,125919.70999999999,136,26,1,0,0,1.3938431025234619,5.492983504572494,96.29629629629629,0.0,Extreme Fear,18
2025-04-09,0xae5eacaf9c6b9111fd53034a602c192a04e082ed,622.41079,10298.349999999999,13,6,0,0,0,1.2624436495199838,2.469890257348337,100.0,0.0,Extreme Fear,18
2025-04-09,0xb899e522b5715391ae1d4f137653e7906c5e2115,6800.812401,6213586.58,222,113,0,0,0,20.223319029129012,50.0,100.0,0.0,Extreme Fear,18
2025-04-09,0xbd5fead7180a9c139fa51a103cb6a2ce86ddb5c3,-36400.46439,371238.03,71,0,48,0,0,5.801019852291521,50.0,0.0,0.0,Extreme Fear,18
2025-04-09,0xbee1707d6b44d4d52bfe19e41f8a828645437aab,2503.69251,153175.38,134,84,23,21,50,1.7394589677986665,11.050711353510254,78.50467289719626,0.4199999160000168,Extreme Fear,18
2025-04-10,0x271b280974205ca63b716753467d5a371de622ab,13264.043303999999,7423746.26,339,189,42,0,0,15.940184910792,50.0,81.81818181818183,0.0,Fear,39
2025-04-10,0x28736f43f1e871e6aa8b1148d38d4994275d72c4,73.76740699999999,3657.44,22,11,3,4,6,1.0,1.0,78.57142857142857,0.6666655555574075,Fear,39
2025-04-10,0x39cef799f8b69da1995852eea189df24eb5cae3c,-831.2396219999999,1773480.6300000001,306,176,30,0,0,4.725213109392288,50.0,85.43689320388349,0.0,Fear,39
2025-04-10,0x3f9a0aadc7f04a7c9d75dc1b5a6ddd6e36486cf6,0.0,64371.16,6,0,0,5,0,11.97491641488309,17.46345314586378,,499999.99999999994,Fear,39
2025-04-10,0x420ab45e0bd8863569a5efbb9c05d91f40624641,8720.984286,44026.89,11,11,0,0,0,4.440319342362395,18.84344734104701,100.0,0.0,Fear,39
2025-04-10,0x47add9a56df66b524d5e2c1993a43cde53b6ed85,258.032458,10926.67,21,8,1,7,1,1.0530737186429437,1.6465569137694887,88.88888888888889,6.999930000699993,Fear,39
2025-04-10,0x4acb90e786d897ecffb614dc822eb231b4ffb9f4,84856.33534,5798272.0200000005,222,80,0,0,0,16.865659418493998,50.0,100.0,0.0,Fear,39
2025-04-10,0x4f93fead39b70a1824f981a54d4e55b278e9f760,0.0,149900.81,9,0,0,0,0,15.813574099061737,50.0,,0.0,Fear,39
2025-04-10,0x513b8629fe877bb581bf244e326a047b249c4ff1,22908.117384,8621968.6,337,244,2,0,0,12.419299263680628,50.0,99.1869918699187,0.0,Fear,39
2025-04-10,0x6d6a4b953f202f8df5bed40692e7fd865318264a,463.813132,28782.82,18,9,0,0,0,2.1017535152244204,5.489042639935815,100.0,0.0,Fear,39
2025-04-10,0x72743ae2822edd658c0c50608fd7c5c501b2afbd,0.0,100243.20999999999,8,0,0,0,0,12.117777679469603,50.0,,0.0,Fear,39
2025-04-10,0x7f4f299f74eec87806a830e3caa9afa5f2b9db8f,-372.76464,644130.0,105,28,32,0,0,6.870240917459628,50.0,46.666666666666664,0.0,Fear,39
2025-04-10,0x8170715b3b381dffb7062c0298972d4727a0a63b,4596.960442,280478.95,89,44,2,0,0,3.9478576208665044,50.0,95.65217391304348,0.0,Fear,39
2025-04-10,0x8477e447846c758f5a675856001ea72298fd9cb5,-103.71342200000002,274563.89,314,84,89,0,0,1.4187485348224238,11.596614413070219,48.554913294797686,0.0,Fear,39
2025-04-10,0xa520ded057a32086c40e7dd6ed4eb8efb82c00e0,-965.1214130000001,1602.02,3,0,3,0,3,1.0,1.0,0.0,0.0,Fear,39
2025-04-10,0xae5eacaf9c6b9111fd53034a602c192a04e082ed,5615.909695,47249.91,19,19,0,0,0,2.953808952844839,21.926257311456492,100.0,0.0,Fear,39
2025-04-10,0xb899e522b5715391ae1d4f137653e7906c5e2115,-117.61638999999997,3157534.8,116,64,2,0,0,14.802302268943246,50.0,96.96969696969697,0.0,Fear,39
2025-04-10,0xbd5fead7180a9c139fa51a103cb6a2ce86ddb5c3,19858.73334,266960.02999999997,130,130,0,0,0,2.4722838677670422,50.0,100.0,0.0,Fear,39
2025-04-10,0xbee1707d6b44d4d52bfe19e41f8a828645437aab,35.58096,50057.18,52,28,0,2,0,1.4906836338720404,5.601044427924761,100.0,199999.99999999997,Fear,39
2025-04-11,0x28736f43f1e871e6aa8b1148d38d4994275d72c4,67.00618399999999,4692.21,14,6,0,3,4,1.0366256714289286,1.3172806584998176,100.0,0.7499981250046875,Fear,25
2025-04-11,0x2c229d22b100a7beb69122eed721cee9b24011dd,1419.922474,58974.83,45,34,0,0,0,1.8405603399676935,6.099228995630572,100.0,0.0,Fear,25
2025-04-11,0x47add9a56df66b524d5e2c1993a43cde53b6ed85,608.246567,10608.06,28,17,2,3,2,1.0230901422054652,1.6465239817530262,89.47368421052632,1.4999925000374998,Fear,25
2025-04-11,0x4acb90e786d897ecffb614dc822eb231b4ffb9f4,122461.112004,1804870.08,74,74,0,0,0,12.093733235452651,50.0,100.0,0.0,Fear,25
2025-04-11,0x4f93fead39b70a1824f981a54d4e55b278e9f760,3188.3381949999994,153089.11000000002,3,3,0,0,0,21.776031551506325,50.0,100.0,0.0,Fear,25
2025-04-11,0x513b8629fe877bb581bf244e326a047b249c4ff1,0.0,2161623.49,65,0,0,0,0,12.045369402144063,50.0,,0.0,Fear,25
2025-04-11,0x6d6a4b953f202f8df5bed40692e7fd865318264a,56.216535,10805.27,5,1,0,0,0,2.898013145582782,10.49006572791391,100.0,0.0,Fear,25
2025-04-11,0x72743ae2822edd658c0c50608fd7c5c501b2afbd,0.0,155202.3,3,0,0,0,0,22.853797654274416,50.0,,0.0,Fear,25
2025-04-11,0x7f4f299f74eec87806a830e3caa9afa5f2b9db8f,2550.108815,655093.27,279,136,0,0,0,2.529453423695133,50.0,100.0,0.0,Fear,25
2025-04-11,0x8170715b3b381dffb7062c0298972d4727a0a63b,-9584.869233000001,677582.5,238,0,47,0,0,3.3876471899243166,50.0,0.0,0.0,Fear,25
2025-04-11,0x8381e6d82f1affd39a336e143e081ef7620a3b7f,0.0,20592.2,3,0,0,0,0,7.534918548877762,12.408136140077852,,0.0,Fear,25
2025-04-11,0x8477e447846c758f5a675856001ea72298fd9cb5,19.202581000000002,33735.49,61,12,0,0,0,1.132939784099427,8.233849370713065,100.0,0.0,Fear,25
2025-04-11,0xaf40fdc468c30116bd3307bcbf4a451a7ebf1deb,5246.0,208500.0,7,7,0,0,0,14.879740054107605,50.0,100.0,0.0,Fear,25
2025-04-11,0xb1231a4a2dd02f2276fa3c5e2a2f3436e6bfed23,0.0,33318.82,20,0,0,0,0,2.144303134381506,7.68559716064544,,0.0,Fear,25
2025-04-11,0xb899e522b5715391ae1d4f137653e7906c5e2115,-482.407981,5165726.21,128,49,11,0,0,22.060354146376877,50.0,81.66666666666667,0.0,Fear,25
2025-04-11,0xbee1707d6b44d4d52bfe19e41f8a828645437aab,857.60294,164913.22999999998,123,29,25,38,14,1.9806586179818853,19.52729164022955,53.70370370370371,2.714283775511589,Fear,25
2025-04-12,0x083384f897ee0f19899168e3b1bec365f52a9012,307855.80341,666240.85,31,31,0,0,0,7.056900872888236,50.0,100.0,0.0,Fear,43
2025-04-12,0x28736f43f1e871e6aa8b1148d38d4994275d72c4,10.499265,234.57,3,3,0,0,3,1.0,1.0,100.0,0.0,Fear,43
2025-04-12,0x3998f134d6aaa2b6a5f723806d00fd2bbbbce891,2466.604719,35386.74,32,32,0,0,0,1.6663585647832029,13.712112263926823,100.0,0.0,Fear,43
2025-04-12,0x3f9a0aadc7f04a7c9d75dc1b5a6ddd6e36486cf6,3593.989207,67964.39,27,27,0,0,27,2.9891790110094223,9.025139862273905,100.0,0.0,Fear,43
2025-04-12,0x47add9a56df66b524d5e2c1993a43cde53b6ed85,3105.920269,22557.87,41,24,3,4,3,1.1572008360041375,3.8419588139029264,88.88888888888889,1.3333288889037036,Fear,43
2025-04-12,0x4acb90e786d897ecffb614dc822eb231b4ffb9f4,0.0,1147722.14,68,0,0,0,0,9.898038925540137,50.0,,0.0,Fear,43
2025-04-12,0x513b8629fe877bb581bf244e326a047b249c4ff1,88152.006818,51250451.44,1251,195,133,0,0,16.750986655585745,50.0,59.45121951219512,0.0,Fear,43
2025-04-12,0x6d6a4b953f202f8df5bed40692e7fd865318264a,-89.1781,13134.46,12,0,2,0,0,1.473795372451591,3.840004847592818,0.0,0.0,Fear,43
2025-04-12,0x72c6a4624e1dffa724e6d00d64ceae698af892a0,-3546.9,18973.91,12,0,9,0,0,1.9156005475203852,4.52310268773554,0.0,0.0,Fear,43
2025-04-12,0x75f7eeb85dc639d5e99c78f95393aa9a5f1170d4,1442.90516,61443.590000000004,44,42,0,0,0,2.2045159853804184,27.145257416399847,100.0,0.0,Fear,43
2025-04-12,0x7f4f299f74eec87806a830e3caa9afa5f2b9db8f,303.170149,435988.27,120,69,0,0,0,4.231631940953037,50.0,100.0,0.0,Fear,43
2025-04-12,0x8170715b3b381dffb7062c0298972d4727a0a63b,0.0,59999.380000000005,22,0,0,0,0,3.3211849386600245,25.854091846954788,,0.0,Fear,43
2025-04-12,0x8381e6d82f1affd39a336e143e081ef7620a3b7f,202.27562,20794.37,8,8,0,0,0,2.9726407393632845,9.216650515342137,100.0,0.0,Fear,43
2025-04-12,0x8477e447846c758f5a675856001ea72298fd9cb5,0.0,18547.34,24,0,0,0,0,1.2079807412104075,2.7430284018882745,,0.0,Fear,43
2025-04-12,0xae5eacaf9c6b9111fd53034a602c192a04e082ed,2513.430964,101827.89,45,24,0,0,0,2.6632089220297157,15.192472267948917,100.0,0.0,Fear,43
2025-04-12,0xaf40fdc468c30116bd3307bcbf4a451a7ebf1deb,0.0,20099.91,14,0,0,14,0,1.8433131979666435,5.488614523721802,,1400000.0,Fear,43
2025-04-12,0xb1231a4a2dd02f2276fa3c5e2a2f3436e6bfed23,0.0,66609.9,17,0,0,0,0,4.578656623236778,20.626375734987693,,0.0,Fear,43
2025-04-12,0xb899e522b5715391ae1d4f137653e7906c5e2115,50.56792,163124.33000000002,7,4,0,0,0,18.350255141581634,50.0,100.0,0.0,Fear,43
2025-04-12,0xbd5fead7180a9c139fa51a103cb6a2ce86ddb5c3,0.0,1273767.04,24,0,0,0,0,22.767805499705275,50.0,,0.0,Fear,43
2025-04-12,0xbee1707d6b44d4d52bfe19e41f8a828645437aab,4358.599132,469749.1,307,115,0,14,20,2.0552129334625517,18.509209328630327,100.0,0.699999650000175,Fear,43
2025-04-13,0x28736f43f1e871e6aa8b1148d38d4994275d72c4,-902.0714839999999,5122.29,19,6,11,1,13,1.08478101514778,2.6108392878078175,35.294117647058826,0.07692301775152481,Neutral,45
2025-04-13,0x3998f134d6aaa2b6a5f723806d00fd2bbbbce891,1076.778732,21069.02,9,9,0,0,0,2.8754060334674154,15.424357573200169,100.0,0.0,Neutral,45
2025-04-13,0x39cef799f8b69da1995852eea189df24eb5cae3c,3271.3693780000003,2702580.0,135,64,0,0,0,8.052064555273931,50.0,100.0,0.0,Neutral,45
2025-04-13,0x3f9a0aadc7f04a7c9d75dc1b5a6ddd6e36486cf6,0.0,0.69,1,0,0,0,0,1.0,1.0,,0.0,Neutral,45
2025-04-13,0x47add9a56df66b524d5e2c1993a43cde53b6ed85,490.32631200000003,15647.84,26,10,0,12,0,1.0717290899512526,2.7673322300375958,100.0,1200000.0,Neutral,45
2025-04-13,0x4f93fead39b70a1824f981a54d4e55b278e9f760,253.67505,50252.83,8,3,0,0,0,7.01181567818657,18.644175709432453,100.0,0.0,Neutral,45
2025-04-13,0x513b8629fe877bb581bf244e326a047b249c4ff1,11239.437228,9047544.72,285,86,0,0,0,19.76143003002251,50.0,100.0,0.0,Neutral,45
2025-04-13,0x6d6a4b953f202f8df5bed40692e7fd865318264a,0.0,999.44,1,0,0,0,0,1.0971191511092149,1.0971191511092149,,0.0,Neutral,45
2025-04-13,0x72c6a4624e1dffa724e6d00d64ceae698af892a0,-4526.698469,10200.0,5,0,5,0,0,2.705784574555668,9.52892287277834,0.0,0.0,Neutral,45
2025-04-13,0x7f4f299f74eec87806a830e3caa9afa5f2b9db8f,355.09,427208.05,94,10,1,0,0,4.995808697888338,50.0,90.9090909090909,0.0,Neutral,45
2025-04-13,0x8170715b3b381dffb7062c0298972d4727a0a63b,0.0,39998.6,18,0,0,0,0,2.9377914696905156,28.67083307902495,,0.0,Neutral,45
2025-04-13,0x8477e447846c758f5a675856001ea72298fd9cb5,1350.19094,235409.22,287,147,49,0,0,1.3689907784892001,10.977075364700113,75.0,0.0,Neutral,45
2025-04-13,0xa520ded057a32086c40e7dd6ed4eb8efb82c00e0,-53.631353999999995,129.06,2,0,2,0,2,1.0,1.0,0.0,0.0,Neutral,45
2025-04-13,0xb1231a4a2dd02f2276fa3c5e2a2f3436e6bfed23,0.0,33332.85,30,0,0,0,0,1.7435200988487394,16.21976456681882,,0.0,Neutral,45
2025-04-13,0xb899e522b5715391ae1d4f137653e7906c5e2115,1097.533742,211023.73,20,3,0,0,0,11.865201111433587,47.57165897008844,100.0,0.0,Neutral,45
2025-04-13,0xbd5fead7180a9c139fa51a103cb6a2ce86ddb5c3,32724.19729,871803.0499999999,35,31,0,0,0,18.97416137679162,50.0,100.0,0.0,Neutral,45
2025-04-13,0xbee1707d6b44d4d52bfe19e41f8a828645437aab,2319.824156,498833.4,346,109,20,25,4,2.0187277803909467,13.8194925922722,84.49612403100775,6.249984375039063,Neutral,45
2025-04-14,0x28736f43f1e871e6aa8b1148d38d4994275d72c4,27.177561,2528.52,14,7,1,3,8,1.00698020748174,1.0977229047443604,87.5,0.37499953125058594,Fear,31
2025-04-14,0x2c229d22b100a7beb69122eed721cee9b24011dd,18.103863,1068.26,8,5,2,0,0,1.0,1.0,71.42857142857143,0.0,Fear,31
2025-04-14,0x39cef799f8b69da1995852eea189df24eb5cae3c,128.67829,844654.19,1,1,0,0,0,50.0,50.0,100.0,0.0,Fear,31
2025-04-14,0x47add9a56df66b524d5e2c1993a43cde53b6ed85,263.769257,2644.28,7,5,0,2,0,1.0,1.0,100.0,199999.99999999997,Fear,31
2025-04-14,0x4acb90e786d897ecffb614dc822eb231b4ffb9f4,21531.8321,2046340.19,76,56,0,0,0,11.509419521558574,50.0,100.0,0.0,Fear,31
2025-04-14,0x4f93fead39b70a1824f981a54d4e55b278e9f760,322.73095,125342.08,27,4,0,0,0,5.702237684169859,50.0,100.0,0.0,Fear,31
2025-04-14,0x513b8629fe877bb581bf244e326a047b249c4ff1,7922.167264999999,8793628.31,230,58,32,0,0,16.739370954958027,50.0,64.44444444444444,0.0,Fear,31
2025-04-14,0x6d6a4b953f202f8df5bed40692e7fd865318264a,73.7414,11072.98,5,1,0,0,0,2.6118113531150797,5.569286986716095,100.0,0.0,Fear,31
2025-04-14,0x72c6a4624e1dffa724e6d00d64ceae698af892a0,7848.0,8027.5,3,3,0,0,0,3.160945789949057,6.755322582274048,100.0,0.0,Fear,31
2025-04-14,0x75f7eeb85dc639d5e99c78f95393aa9a5f1170d4,1828.36966,124998.53,40,33,0,0,0,3.6393420248974784,32.93260923879176,100.0,0.0,Fear,31
2025-04-14,0x8477e447846c758f5a675856001ea72298fd9cb5,236.725655,21458.62,23,12,0,0,0,1.383752091445546,2.7433906540693616,100.0,0.0,Fear,31
2025-04-14,0x92f17e8d81a944691c10e753af1b1baae1a2cd0d,-621.54506,501579.33,25,0,7,0,0,21.825284710455104,50.0,0.0,0.0,Fear,31
2025-04-14,0xbd5fead7180a9c139fa51a103cb6a2ce86ddb5c3,0.0,50237.11,51,0,0,0,0,1.8670707549926926,10.977514458252946,,0.0,Fear,31
2025-04-14,0xbee1707d6b44d4d52bfe19e41f8a828645437aab,6100.692122,546393.08,380,191,0,2,22,1.9594291527290073,16.52458331119568,100.0,0.09090904958679565,Fear,31
2025-04-15,0x23e7a7f8d14b550961925fbfdaa92f5d195ba5bd,0.0,16.37,1,0,0,1,0,1.0,1.0,,99999.99999999999,Fear,38
2025-04-15,0x28736f43f1e871e6aa8b1148d38d4994275d72c4,-48.794434,3173.6,17,1,4,6,5,1.0,1.0,20.0,1.1999976000048,Fear,38
2025-04-15,0x4acb90e786d897ecffb614dc822eb231b4ffb9f4,0.0,171059.99,51,0,0,0,0,4.343578083304808,50.0,,0.0,Fear,38
2025-04-15,0x513b8629fe877bb581bf244e326a047b249c4ff1,40966.673478000004,18452080.43,731,433,0,0,0,10.14097166690344,50.0,100.0,0.0,Fear,38
2025-04-15,0x6d6a4b953f202f8df5bed40692e7fd865318264a,0.0,8999.61,8,0,0,0,0,1.5168086109758447,4.939187738400349,,0.0,Fear,38
2025-04-15,0x72c6a4624e1dffa724e6d00d64ceae698af892a0,6335.6,8664.4,6,6,0,0,0,1.9811723270948365,3.2873068153027574,100.0,0.0,Fear,38
2025-04-15,0x75f7eeb85dc639d5e99c78f95393aa9a5f1170d4,1208.695445,58792.0,36,35,0,0,0,2.1149451540440176,32.932400669354166,100.0,0.0,Fear,38
2025-04-15,0x8170715b3b381dffb7062c0298972d4727a0a63b,3204.26268,209997.71,77,77,0,0,0,3.2737279042065257,34.27386440527628,100.0,0.0,Fear,38
2025-04-15,0x8477e447846c758f5a675856001ea72298fd9cb5,191.802066,19793.17,38,14,1,0,0,1.0892249423348832,2.195895880380375,93.33333333333333,0.0,Fear,38
2025-04-15,0xa0feb3725a9335f49874d7cd8eaad6be45b27416,73.34455,19270.35,21,9,0,0,0,1.29091250519411,2.3247917928145823,100.0,0.0,Fear,38
2025-04-15,0xb1231a4a2dd02f2276fa3c5e2a2f3436e6bfed23,0.0,73308.2,50,0,0,0,0,2.0424937967058305,10.977064387361292,,0.0,Fear,38
2025-04-15,0xb899e522b5715391ae1d4f137653e7906c5e2115,554.38798,1004793.29,28,20,0,0,0,18.293679489808405,50.0,100.0,0.0,Fear,38
2025-04-15,0xbd5fead7180a9c139fa51a103cb6a2ce86ddb5c3,18951.678454,622637.68,27,27,0,0,0,7.824917658168362,50.0,100.0,0.0,Fear,38
2025-04-15,0xbee1707d6b44d4d52bfe19e41f8a828645437aab,920.056063,99581.44,40,25,0,0,1,3.0573306668645484,11.453118640004305,100.0,0.0,Fear,38
2025-04-16,0x23e7a7f8d14b550961925fbfdaa92f5d195ba5bd,-95.985744,68679.46,88,1,87,0,88,1.3652410759324871,6.306887314104247,1.1363636363636365,0.0,Fear,29
2025-04-16,0x28736f43f1e871e6aa8b1148d38d4994275d72c4,8.738942,294.21,9,3,0,0,0,1.0,1.0,100.0,0.0,Fear,29
2025-04-16,0x430f09841d65beb3f27765503d0f850b8bce7713,0.0,96043.49,78,0,0,0,0,1.6680102535325034,3.579940713588492,,0.0,Fear,29
2025-04-16,0x47add9a56df66b524d5e2c1993a43cde53b6ed85,17.022667,8458.880000000001,11,3,0,4,0,1.2232021903263772,2.7446310933561158,100.0,399999.99999999994,Fear,29
2025-04-16,0x4acb90e786d897ecffb614dc822eb231b4ffb9f4,3088.0,166444.0,1,1,0,0,0,50.0,50.0,100.0,0.0,Fear,29
2025-04-16,0x4f93fead39b70a1824f981a54d4e55b278e9f760,0.0,74998.81999999999,4,0,0,0,0,15.263857243660473,50.0,,0.0,Fear,29
2025-04-16,0x513b8629fe877bb581bf244e326a047b249c4ff1,41498.141783,34759929.84,886,342,38,0,0,17.59265870152084,50.0,90.0,0.0,Fear,29
2025-04-16,0x6d6a4b953f202f8df5bed40692e7fd865318264a,70.94968,1977.52,4,4,0,0,0,1.0514706560365041,1.2058826241460163,100.0,0.0,Fear,29
2025-04-16,0x72743ae2822edd658c0c50608fd7c5c501b2afbd,-14838.4,244000.02,53,0,53,0,0,5.356469161585733,40.07427926086499,0.0,0.0,Fear,29
2025-04-16,0x72c6a4624e1dffa724e6d00d64ceae698af892a0,14609.800000000001,36300.0,44,44,0,0,0,1.2868343506399123,7.224461111459937,100.0,0.0,Fear,29
2025-04-16,0x75f7eeb85dc639d5e99c78f95393aa9a5f1170d4,1674.357543,93770.65999999999,35,33,0,0,0,3.2454610240803254,27.49587361833721,100.0,0.0,Fear,29
2025-04-16,0x8170715b3b381dffb7062c0298972d4727a0a63b,912.29492,149999.52,39,1,0,0,0,4.669259773048751,32.9319945078178,100.0,0.0,Fear,29
2025-04-16,0x8477e447846c758f5a675856001ea72298fd9cb5,71.93199,1426.15,4,4,0,0,0,1.0,1.0,100.0,0.0,Fear,29
2025-04-16,0x92f17e8d81a944691c10e753af1b1baae1a2cd0d,0.0,168138.0,4,0,0,0,0,46.14269486642549,47.896116173615766,,0.0,Fear,29
2025-04-16,0xa0feb3725a9335f49874d7cd8eaad6be45b27416,100.22198900000001,18802.76,47,17,2,0,0,1.0641059957636063,1.643340553494985,89.47368421052632,0.0,Fear,29
2025-04-16,0xbd5fead7180a9c139fa51a103cb6a2ce86ddb5c3,9556.6,255891.99,15,15,0,0,0,8.394297638393871,50.0,100.0,0.0,Fear,29
2025-04-16,0xbee1707d6b44d4d52bfe19e41f8a828645437aab,1958.056487,357560.58,286,79,80,10,11,1.8064660253344007,16.52456135651804,49.685534591194966,0.9090900826453795,Fear,29
2025-04-17,0x23e7a7f8d14b550961925fbfdaa92f5d195ba5bd,-133.41237,91365.76,125,20,47,0,0,1.2525656596348753,3.8705438041923723,29.850746268656714,0.0,Fear,30
2025-04-17,0x28736f43f1e871e6aa8b1148d38d4994275d72c4,-15.688322,1624.29,10,1,3,4,0,1.0,1.0,25.0,399999.99999999994,Fear,30
2025-04-17,0x47add9a56df66b524d5e2c1993a43cde53b6ed85,169.67583499999998,13239.61,29,15,0,7,8,1.0212012082461586,1.371892919133456,100.0,0.8749989062513672,Fear,30
2025-04-17,0x4acb90e786d897ecffb614dc822eb231b4ffb9f4,-110.0,169642.0,6,0,6,0,0,30.83513068960957,50.0,0.0,0.0,Fear,30
2025-04-17,0x4f93fead39b70a1824f981a54d4e55b278e9f760,1713.120195,176726.77,9,8,0,0,0,18.331933551875057,50.0,100.0,0.0,Fear,30
2025-04-17,0x513b8629fe877bb581bf244e326a047b249c4ff1,0.0,738096.51,5,0,0,0,0,31.311618020223772,50.0,,0.0,Fear,30
2025-04-17,0x7f4f299f74eec87806a830e3caa9afa5f2b9db8f,425.687612,251215.42,34,16,0,0,0,8.325547963570619,37.71892655677321,100.0,0.0,Fear,30
2025-04-17,0x8170715b3b381dffb7062c0298972d4727a0a63b,0.0,189999.95,96,0,0,0,0,2.6722540360747526,49.85323297996541,,0.0,Fear,30
2025-04-17,0xa0feb3725a9335f49874d7cd8eaad6be45b27416,18.57004,3949.9700000000003,13,6,0,0,0,1.0073127991345938,1.0950663887497192,100.0,0.0,Fear,30
2025-04-17,0xb1231a4a2dd02f2276fa3c5e2a2f3436e6bfed23,0.0,123285.01,105,0,0,0,0,1.7243502821562884,7.902520353083897,,0.0,Fear,30
2025-04-17,0xbd5fead7180a9c139fa51a103cb6a2ce86ddb5c3,0.0,11950.72,11,0,0,0,0,1.433655219511049,2.30879781015263,,0.0,Fear,30
2025-04-17,0xbee1707d6b44d4d52bfe19e41f8a828645437aab,3359.966896,833455.5,588,247,0,0,9,1.9792926176279262,15.13562063019583,100.0,0.0,Fear,30
2025-04-18,0x23e7a7f8d14b550961925fbfdaa92f5d195ba5bd,951.934443,528313.42,689,301,0,137,126,1.3719505831420795,18.7712493836224,100.0,1.0873015010078173,Fear,33
2025-04-18,0x28736f43f1e871e6aa8b1148d38d4994275d72c4,22.793679,1284.33,8,6,1,0,3,1.0,1.0,85.71428571428571,0.0,Fear,33
2025-04-18,0x2c229d22b100a7beb69122eed721cee9b24011dd,11.209037,521.98,7,6,0,0,0,1.0,1.0,100.0,0.0,Fear,33
2025-04-18,0x430f09841d65beb3f27765503d0f850b8bce7713,0.0,87844.56,58,0,0,0,0,1.8967823693824224,3.293618785124736,,0.0,Fear,33
2025-04-18,0x4f93fead39b70a1824f981a54d4e55b278e9f760,0.0,49998.06,4,0,0,0,0,13.967661308700752,18.82586164425604,,0.0,Fear,33
2025-04-18,0x513b8629fe877bb581bf244e326a047b249c4ff1,43400.145539,22266842.28,379,289,0,0,0,18.50558001650993,50.0,100.0,0.0,Fear,33
2025-04-18,0x72743ae2822edd658c0c50608fd7c5c501b2afbd,-42923.271911,575327.59,65,50,15,0,50,6.349889995243262,50.0,76.92307692307693,0.0,Fear,33
2025-04-18,0x75f7eeb85dc639d5e99c78f95393aa9a5f1170d4,471.89234,24291.37,6,5,0,0,0,4.632791038159127,13.591734766417579,100.0,0.0,Fear,33
2025-04-18,0x8170715b3b381dffb7062c0298972d4727a0a63b,0.0,162886.99,46,0,0,0,0,4.044820197585603,32.93198353047898,,0.0,Fear,33
2025-04-18,0x8477e447846c758f5a675856001ea72298fd9cb5,0.0,7661.61,20,0,0,0,0,1.0,1.0,,0.0,Fear,33
2025-04-18,0xb1231a4a2dd02f2276fa3c5e2a2f3436e6bfed23,0.0,58289.06,50,0,0,0,0,1.7046649913783969,7.746642141828085,,0.0,Fear,33
2025-04-18,0xbee1707d6b44d4d52bfe19e41f8a828645437aab,2945.701617,847389.21,562,314,5,24,24,2.08670818828017,30.16410243350034,98.43260188087774,0.9999995833335069,Fear,33
2025-04-19,0x23e7a7f8d14b550961925fbfdaa92f5d195ba5bd,371.503,226906.97,411,297,0,72,247,1.168677343885578,6.699930930584131,100.0,0.29149796390696503,Fear,32
2025-04-19,0x271b280974205ca63b716753467d5a371de622ab,5942.547242,2716221.67,313,40,0,0,0,8.187516756311489,50.0,100.0,0.0,Fear,32
2025-04-19,0x28736f43f1e871e6aa8b1148d38d4994275d72c4,40.803149000000005,529.16,7,4,0,0,2,1.0,1.0,100.0,0.0,Fear,32
2025-04-19,0x47add9a56df66b524d5e2c1993a43cde53b6ed85,64.128219,750.15,2,2,0,0,2,1.0,1.0,100.0,0.0,Fear,32
2025-04-19,0x4f93fead39b70a1824f981a54d4e55b278e9f760,721.976596,150720.99000000002,18,13,0,0,0,9.10281599965184,50.0,100.0,0.0,Fear,32
2025-04-19,0x513b8629fe877bb581bf244e326a047b249c4ff1,62373.791703999996,27480723.29,637,229,0,0,0,15.868460445215087,50.0,100.0,0.0,Fear,32
2025-04-19,0x6d6a4b953f202f8df5bed40692e7fd865318264a,0.0,35213.62,85,0,0,0,0,1.0262806118267576,1.6465569137694887,,0.0,Fear,32
2025-04-19,0x72743ae2822edd658c0c50608fd7c5c501b2afbd,0.0,50220.57,39,0,0,0,0,1.5739152579391449,5.474036617767738,,0.0,Fear,32
2025-04-19,0x75f7eeb85dc639d5e99c78f95393aa9a5f1170d4,1403.177311,63371.38,55,26,6,0,0,1.5893643877325392,6.474313685799575,81.25,0.0,Fear,32
2025-04-19,0x8170715b3b381dffb7062c0298972d4727a0a63b,0.0,337108.33999999997,96,0,0,0,0,4.142750613011186,47.92947630629227,,0.0,Fear,32
2025-04-19,0x8381e6d82f1affd39a336e143e081ef7620a3b7f,56.13971,14645.15,22,11,0,11,11,1.2631104453210964,3.2531124048758664,100.0,0.9999990909099173,Fear,32
2025-04-19,0x8477e447846c758f5a675856001ea72298fd9cb5,0.0,6210.82,19,0,0,0,0,1.0,1.0,,0.0,Fear,32
2025-04-19,0xb1231a4a2dd02f2276fa3c5e2a2f3436e6bfed23,0.0,141602.3,98,0,0,0,0,2.001726215653126,36.590708604784574,,0.0,Fear,32
2025-04-19,0xbd5fead7180a9c139fa51a103cb6a2ce86ddb5c3,0.0,104360.03,13,0,0,0,0,7.574169605694323,50.0,,0.0,Fear,32
2025-04-19,0xbee1707d6b44d4d52bfe19e41f8a828645437aab,976.5105639999999,1377878.27,971,192,202,0,0,1.9646493151597346,31.256786739725936,48.73096446700508,0.0,Fear,32
2025-04-20,0x23e7a7f8d14b550961925fbfdaa92f5d195ba5bd,-1892.58947,581052.14,603,249,86,190,228,1.5064271102732556,9.230240460802326,74.32835820895522,0.8333332967836273,Fear,37
2025-04-20,0x271b280974205ca63b716753467d5a371de622ab,8277.307357,2657908.25,863,424,0,0,6,3.5814000478801216,50.0,100.0,0.0,Fear,37
2025-04-20,0x28736f43f1e871e6aa8b1148d38d4994275d72c4,7.707293999999999,174.29,2,2,0,0,2,1.0,1.0,100.0,0.0,Fear,37
2025-04-20,0x47add9a56df66b524d5e2c1993a43cde53b6ed85,12.652267000000005,12197.01,21,11,1,5,2,1.168917575219182,3.566888657730523,91.66666666666666,2.4999875000625,Fear,37
2025-04-20,0x4f93fead39b70a1824f981a54d4e55b278e9f760,0.0,124997.05,8,0,0,0,0,17.27494858214494,43.26263634403677,,0.0,Fear,37
2025-04-20,0x513b8629fe877bb581bf244e326a047b249c4ff1,0.0,8411089.25,160,0,0,0,0,15.592838164606505,50.0,,0.0,Fear,37
2025-04-20,0x72743ae2822edd658c0c50608fd7c5c501b2afbd,-458.08035,50678.6,38,0,38,0,0,1.7637815115777051,4.3376734803740495,0.0,0.0,Fear,37
2025-04-20,0x72c6a4624e1dffa724e6d00d64ceae698af892a0,18374.63,62440.0,55,47,8,0,0,1.6095748819966003,7.880741312863368,85.45454545454545,0.0,Fear,37
2025-04-20,0x75f7eeb85dc639d5e99c78f95393aa9a5f1170d4,-111.77234,60112.75,52,11,39,0,0,1.8177261104650606,22.61391074720986,22.0,0.0,Fear,37
2025-04-20,0x8477e447846c758f5a675856001ea72298fd9cb5,43.224447,14452.29,44,5,0,0,0,1.0022099977690055,1.0972399018362438,100.0,0.0,Fear,37
2025-04-20,0xb1231a4a2dd02f2276fa3c5e2a2f3436e6bfed23,0.0,83279.77,73,0,0,0,0,1.6429991672801283,10.10895447873227,,0.0,Fear,37
2025-04-20,0xbee1707d6b44d4d52bfe19e41f8a828645437aab,807.262731,67712.65,63,41,0,0,0,1.5952237828791935,10.09150051000715,100.0,0.0,Fear,37
2025-04-21,0x23e7a7f8d14b550961925fbfdaa92f5d195ba5bd,3434.689308,86106.24,97,97,0,0,97,1.5297737002816114,6.468912835099725,100.0,0.0,Fear,39
2025-04-21,0x271b280974205ca63b716753467d5a371de622ab,2638.012587,693974.34,353,61,0,0,0,2.3913046268903453,50.0,100.0,0.0,Fear,39
2025-04-21,0x28736f43f1e871e6aa8b1148d38d4994275d72c4,19.956089,470.03000000000003,6,5,0,0,1,1.0,1.0,100.0,0.0,Fear,39
2025-04-21,0x3998f134d6aaa2b6a5f723806d00fd2bbbbce891,-3533.6725370000004,180926.84,124,116,8,0,116,2.049573138035473,29.049737883103596,93.54838709677419,0.0,Fear,39
2025-04-21,0x47add9a56df66b524d5e2c1993a43cde53b6ed85,-2.1503300000000003,2999.74,12,5,3,1,0,1.0,1.0,62.5,99999.99999999999,Fear,39
2025-04-21,0x4acb90e786d897ecffb614dc822eb231b4ffb9f4,-681.29819,702502.7,23,0,22,0,0,14.874796730707942,50.0,0.0,0.0,Fear,39
2025-04-21,0x4f93fead39b70a1824f981a54d4e55b278e9f760,459.153994,150455.44999999998,9,9,0,0,0,11.88888888888889,50.0,100.0,0.0,Fear,39
2025-04-21,0x513b8629fe877bb581bf244e326a047b249c4ff1,39772.479641,40012549.38,869,316,132,0,0,14.664479135093176,50.0,70.53571428571429,0.0,Fear,39
2025-04-21,0x6d6a4b953f202f8df5bed40692e7fd865318264a,0.0,6996.37,6,0,0,0,0,1.4375680686484698,2.7430723112435573,,0.0,Fear,39
2025-04-21,0x72c6a4624e1dffa724e6d00d64ceae698af892a0,-9046.14,28952.5,17,7,10,0,0,2.158933940777074,10.388635117209423,41.17647058823529,0.0,Fear,39
2025-04-21,0x8170715b3b381dffb7062c0298972d4727a0a63b,0.0,47745.34,18,0,0,0,0,3.090175057329758,15.557359010353366,,0.0,Fear,39
2025-04-21,0x8477e447846c758f5a675856001ea72298fd9cb5,596.556385,53826.78,108,32,0,0,0,1.0985465588701748,5.19126036974311,100.0,0.0,Fear,39
2025-04-21,0xae5eacaf9c6b9111fd53034a602c192a04e082ed,0.0,51130.65,21,0,0,0,0,2.937182293598479,13.885850605444126,,0.0,Fear,39
2025-04-21,0xbee1707d6b44d4d52bfe19e41f8a828645437aab,711.68096,85418.48,55,29,0,0,0,2.1545371876113806,15.697111510881376,100.0,0.0,Fear,39
2025-04-22,0x271b280974205ca63b716753467d5a371de622ab,-19037.340561,4817869.23,594,0,233,0,0,6.666946177063984,50.0,0.0,0.0,Neutral,47
2025-04-22,0x28736f43f1e871e6aa8b1148d38d4994275d72c4,11.839106000000001,293.39,5,2,0,0,2,1.0,1.0,100.0,0.0,Neutral,47
2025-04-22,0x3998f134d6aaa2b6a5f723806d00fd2bbbbce891,0.0,0.01,1,0,0,0,0,1.0,1.0,,0.0,Neutral,47
2025-04-22,0x47add9a56df66b524d5e2c1993a43cde53b6ed85,-282.266207,4813.67,14,1,3,0,0,1.0265724049900347,1.3720136698604848,25.0,0.0,Neutral,47
2025-04-22,0x4acb90e786d897ecffb614dc822eb231b4ffb9f4,132.0,91292.99,6,1,0,0,0,16.860849862644205,50.0,100.0,0.0,Neutral,47
2025-04-22,0x513b8629fe877bb581bf244e326a047b249c4ff1,73209.060448,26170409.74,418,185,0,0,0,14.914206055902218,50.0,100.0,0.0,Neutral,47
2025-04-22,0x6d6a4b953f202f8df5bed40692e7fd865318264a,0.0,9998.32,10,0,0,0,0,1.491604136085629,2.744883572148995,,0.0,Neutral,47
2025-04-22,0x72743ae2822edd658c0c50608fd7c5c501b2afbd,0.0,106000.01,79,0,0,0,0,1.7688539504310383,25.78183900283607,,0.0,Neutral,47
2025-04-22,0x75f7eeb85dc639d5e99c78f95393aa9a5f1170d4,2933.203058,117072.94,327,325,0,0,0,1.2181030019022834,32.93537552817462,100.0,0.0,Neutral,47
2025-04-22,0x7f4f299f74eec87806a830e3caa9afa5f2b9db8f,119.0,182701.01,5,4,0,0,0,30.04194168925436,50.0,100.0,0.0,Neutral,47
2025-04-22,0x8170715b3b381dffb7062c0298972d4727a0a63b,0.0,172251.86,49,0,0,0,0,4.0842098006559135,44.246315675771505,,0.0,Neutral,47
2025-04-22,0x8381e6d82f1affd39a336e143e081ef7620a3b7f,284.16768,132376.25,2,1,0,0,0,50.0,50.0,100.0,0.0,Neutral,47
2025-04-22,0x8477e447846c758f5a675856001ea72298fd9cb5,-180.07315699999998,1155475.42,988,161,151,0,0,1.7049452709618125,50.0,51.60256410256411,0.0,Neutral,47
2025-04-22,0xb1231a4a2dd02f2276fa3c5e2a2f3436e6bfed23,0.0,106665.84,73,0,0,0,0,2.099933794917697,10.978908580283193,,0.0,Neutral,47
2025-04-22,0xbee1707d6b44d4d52bfe19e41f8a828645437aab,1463.173211,686404.56,427,208,13,0,0,2.2052694377119004,37.890436498509885,94.11764705882352,0.0,Neutral,47
2025-04-23,0x23e7a7f8d14b550961925fbfdaa92f5d195ba5bd,2654.14315,1472966.88,568,336,4,0,0,3.1776666471507076,50.0,98.82352941176471,0.0,Greed,72
2025-04-23,0x271b280974205ca63b716753467d5a371de622ab,-108176.9187,9394438.39,469,66,170,0,0,10.608462718763294,50.0,27.966101694915253,0.0,Greed,72
2025-04-23,0x28736f43f1e871e6aa8b1148d38d4994275d72c4,50.899228,1184.41,13,8,2,0,10,1.0,1.0,80.0,0.0,Greed,72
2025-04-23,0x2c229d22b100a7beb69122eed721cee9b24011dd,29.8368,2569.38,2,1,0,0,0,1.4102477409734422,1.4266259304941231,100.0,0.0,Greed,72
2025-04-23,0x47add9a56df66b524d5e2c1993a43cde53b6ed85,511.720343,15144.58,45,16,1,9,6,1.0,1.0,94.11764705882352,1.4999975000041668,Greed,72
2025-04-23,0x4acb90e786d897ecffb614dc822eb231b4ffb9f4,2875.230157,811877.66,121,30,36,0,0,6.472389454469402,50.0,45.45454545454545,0.0,Greed,72
2025-04-23,0x513b8629fe877bb581bf244e326a047b249c4ff1,1656.211757,11516582.93,211,118,38,0,0,24.17192924070241,50.0,75.64102564102564,0.0,Greed,72
2025-04-23,0x6d6a4b953f202f8df5bed40692e7fd865318264a,0.0,9499.6,18,0,0,0,0,1.2420969624922868,5.124331534952499,,0.0,Greed,72
2025-04-23,0x72743ae2822edd658c0c50608fd7c5c501b2afbd,10148.4512,272792.47000000003,167,36,0,0,0,2.136283324909878,30.236761439155423,100.0,0.0,Greed,72
2025-04-23,0x75f7eeb85dc639d5e99c78f95393aa9a5f1170d4,6439.07977,368639.17,154,146,0,0,0,3.0341376875233808,32.933103219038706,100.0,0.0,Greed,72
2025-04-23,0x8170715b3b381dffb7062c0298972d4727a0a63b,-358963.139984,2496855.07,1242,848,323,0,0,2.380563075527598,50.0,72.41673783091375,0.0,Greed,72
2025-04-23,0x8381e6d82f1affd39a336e143e081ef7620a3b7f,0.0,71206.52,4,0,0,0,0,15.06186114632397,50.0,,0.0,Greed,72
2025-04-23,0x8477e447846c758f5a675856001ea72298fd9cb5,-27087.802198,1240447.02,1950,41,1482,0,0,1.1943524926626057,10.875172728426332,2.6920551543007223,0.0,Greed,72
2025-04-23,0x92f17e8d81a944691c10e753af1b1baae1a2cd0d,17381.164,1731837.76,248,4,0,0,0,6.755869259058945,50.0,100.0,0.0,Greed,72
2025-04-23,0xa0feb3725a9335f49874d7cd8eaad6be45b27416,6653.134804,492035.18,550,215,0,248,215,1.4295461820436355,10.813853313773164,100.0,1.1534883184424038,Greed,72
2025-04-23,0xae5eacaf9c6b9111fd53034a602c192a04e082ed,28100.700490000003,79230.9,28,28,0,0,0,3.406053550720602,21.811258709969458,100.0,0.0,Greed,72
2025-04-23,0xb1231a4a2dd02f2276fa3c5e2a2f3436e6bfed23,0.0,58332.3,6,0,0,0,0,10.883139568666678,36.5907195821234,,0.0,Greed,72
2025-04-23,0xbd5fead7180a9c139fa51a103cb6a2ce86ddb5c3,-2993.575225,52313.89,34,0,15,0,0,2.043688517055283,14.53004475680582,0.0,0.0,Greed,72
2025-04-23,0xbee1707d6b44d4d52bfe19e41f8a828645437aab,1700.638677,594489.68,329,107,68,11,3,2.345304738139344,41.274793966327614,61.142857142857146,3.666654444485185,Greed,72
2025-04-24,0x23e7a7f8d14b550961925fbfdaa92f5d195ba5bd,1867.252909,1142252.43,680,333,68,0,0,2.299679559856753,39.54037443263619,83.0423940149626,0.0,Greed,63
2025-04-24,0x271b280974205ca63b716753467d5a371de622ab,8157.112326,1092249.57,70,66,4,0,3,12.78813727921199,50.0,94.28571428571428,0.0,Greed,63
2025-04-24,0x28736f43f1e871e6aa8b1148d38d4994275d72c4,1.023851,182.34,1,1,0,0,1,1.0,1.0,100.0,0.0,Greed,63
2025-04-24,0x47add9a56df66b524d5e2c1993a43cde53b6ed85,350.896638,9505.03,24,6,2,6,1,1.0462443084327768,1.3728589249496892,75.0,5.999940000599993,Greed,63
2025-04-24,0x4acb90e786d897ecffb614dc822eb231b4ffb9f4,459.24741,101376.46,23,22,0,0,0,3.135951248550108,50.0,100.0,0.0,Greed,63
2025-04-24,0x4f93fead39b70a1824f981a54d4e55b278e9f760,0.0,74998.36,4,0,0,0,0,20.582060218167996,27.443083595947833,,0.0,Greed,63
2025-04-24,0x513b8629fe877bb581bf244e326a047b249c4ff1,35332.403093,31682571.34,672,303,75,0,0,19.8927748892653,50.0,80.15873015873017,0.0,Greed,63
2025-04-24,0x6d6a4b953f202f8df5bed40692e7fd865318264a,168.69881,8833.98,20,13,0,0,0,1.0729690935220964,1.6466118004635928,100.0,0.0,Greed,63
2025-04-24,0x72743ae2822edd658c0c50608fd7c5c501b2afbd,-3500.0,97499.96,111,0,59,0,0,1.3930840368215303,8.645301984395482,0.0,0.0,Greed,63
2025-04-24,0x75f7eeb85dc639d5e99c78f95393aa9a5f1170d4,1250.2581989999999,72627.81,29,5,16,0,0,3.3136953839351473,32.93224698661068,23.809523809523807,0.0,Greed,63
2025-04-24,0x8170715b3b381dffb7062c0298972d4727a0a63b,398.646746,76524.95,58,32,22,0,0,1.7853438929982897,5.4976269188937055,59.25925925925925,0.0,Greed,63
2025-04-24,0x8477e447846c758f5a675856001ea72298fd9cb5,2397.669518,77083.65,117,60,15,0,0,1.2044672004490549,4.249448608271024,80.0,0.0,Greed,63
2025-04-24,0xa0feb3725a9335f49874d7cd8eaad6be45b27416,1279.688605,442781.33,334,65,0,269,65,1.791957610076683,9.02257116498983,100.0,4.138460901775246,Greed,63
2025-04-24,0xae5eacaf9c6b9111fd53034a602c192a04e082ed,2587.44383,203141.35,87,17,0,0,0,2.684716303649097,19.307393588970648,100.0,0.0,Greed,63
2025-04-24,0xbee1707d6b44d4d52bfe19e41f8a828645437aab,-45.94597,7290.08,2,0,2,0,0,4.247559188713183,7.495118377426366,0.0,0.0,Greed,63
2025-04-25,0x23e7a7f8d14b550961925fbfdaa92f5d195ba5bd,1969.39321,1248337.1199999999,330,40,57,106,0,3.7252218184202563,50.0,41.23711340206185,10600000.0,Greed,60
2025-04-25,0x271b280974205ca63b716753467d5a371de622ab,0.0,0.17,1,0,0,0,0,1.0,1.0,,0.0,Greed,60
2025-04-25,0x2c229d22b100a7beb69122eed721cee9b24011dd,0.18414,141.26,3,2,0,0,0,1.0,1.0,100.0,0.0,Greed,60
2025-04-25,0x3998f134d6aaa2b6a5f723806d00fd2bbbbce891,34.63999,60351.3,73,73,0,0,73,1.204048073237339,3.7302863460786044,100.0,0.0,Greed,60
2025-04-25,0x47add9a56df66b524d5e2c1993a43cde53b6ed85,0.0,2749.86,7,0,0,3,0,1.0,1.0,,300000.0,Greed,60
2025-04-25,0x4acb90e786d897ecffb614dc822eb231b4ffb9f4,0.0,189428.0,3,0,0,0,0,42.205251500346066,50.0,,0.0,Greed,60
2025-04-25,0x4f93fead39b70a1824f981a54d4e55b278e9f760,0.0,450028.12,16,0,0,0,0,26.740190375596214,50.0,,0.0,Greed,60
2025-04-25,0x513b8629fe877bb581bf244e326a047b249c4ff1,8410.75479,24878050.18,499,298,0,0,0,19.021008155611888,50.0,100.0,0.0,Greed,60
2025-04-25,0x6d6a4b953f202f8df5bed40692e7fd865318264a,0.0,3749.7200000000003,7,0,0,0,0,1.027972580238544,1.098271771685402,,0.0,Greed,60
2025-04-25,0x72743ae2822edd658c0c50608fd7c5c501b2afbd,-2650.0,55049.97,22,0,22,0,0,2.87592932653547,5.822578102667969,0.0,0.0,Greed,60
2025-04-25,0x75f7eeb85dc639d5e99c78f95393aa9a5f1170d4,1113.013801,76976.78,99,82,0,0,0,1.5321954946863658,14.910760821789909,100.0,0.0,Greed,60
2025-04-25,0x8170715b3b381dffb7062c0298972d4727a0a63b,-1335.115406,59516.6,39,2,13,0,0,2.074056145046154,10.97731686615417,13.333333333333334,0.0,Greed,60
2025-04-25,0x8477e447846c758f5a675856001ea72298fd9cb5,36.153454,220182.68,207,2,0,0,0,1.6317769972051979,6.097955624327356,100.0,0.0,Greed,60
2025-04-25,0xa0feb3725a9335f49874d7cd8eaad6be45b27416,4058.112969,203554.35,138,43,0,86,43,1.990435552867877,5.6220770091054755,100.0,1.9999995348838289,Greed,60
2025-04-25,0xae5eacaf9c6b9111fd53034a602c192a04e082ed,7480.21054,141050.08000000002,55,31,0,0,0,3.05080169501288,22.004141530390296,100.0,0.0,Greed,60
2025-04-25,0xbee1707d6b44d4d52bfe19e41f8a828645437aab,1101.511718,160289.59,154,65,0,0,0,1.6062014248836687,11.310841351547504,100.0,0.0,Greed,60
2025-04-26,0x23e7a7f8d14b550961925fbfdaa92f5d195ba5bd,-4648.8710550000005,96183.93,338,0,338,0,338,1.1174066009235186,6.772194752041666,0.0,0.0,Greed,65
2025-04-26,0x430f09841d65beb3f27765503d0f850b8bce7713,0.0,110627.96,132,0,0,0,0,1.4387518049905155,3.6593946919736724,,0.0,Greed,65
2025-04-26,0x47add9a56df66b524d5e2c1993a43cde53b6ed85,147.607393,5200.49,18,4,0,4,0,1.0,1.0,100.0,399999.99999999994,Greed,65
2025-04-26,0x4acb90e786d897ecffb614dc822eb231b4ffb9f4,47.876234000000004,282780.0,41,41,0,0,0,6.634092118764433,50.0,100.0,0.0,Greed,65
2025-04-26,0x513b8629fe877bb581bf244e326a047b249c4ff1,0.0,11004470.02,314,0,0,0,0,17.627087364399756,50.0,,0.0,Greed,65
2025-04-26,0x6d6a4b953f202f8df5bed40692e7fd865318264a,43.903059999999996,12705.41,7,4,0,0,0,2.296257047373111,5.488219339524252,100.0,0.0,Greed,65
2025-04-26,0x75f7eeb85dc639d5e99c78f95393aa9a5f1170d4,3291.144446,158243.33,113,110,0,0,0,2.1465990958939383,32.93281780822936,100.0,0.0,Greed,65
2025-04-26,0x8170715b3b381dffb7062c0298972d4727a0a63b,-3925.864943,34357.46,16,0,16,0,0,2.5112527328084964,9.142882798466147,0.0,0.0,Greed,65
2025-04-26,0x8381e6d82f1affd39a336e143e081ef7620a3b7f,505.40523,71711.93000000001,3,1,2,0,0,17.45331286571919,50.0,33.33333333333333,0.0,Greed,65
2025-04-26,0x8477e447846c758f5a675856001ea72298fd9cb5,394.655169,99166.68,70,33,1,0,0,2.0367670532801747,25.848910543031355,97.05882352941177,0.0,Greed,65
2025-04-26,0xa0feb3725a9335f49874d7cd8eaad6be45b27416,0.0,21299.96,50,0,0,46,0,1.0478776544851869,1.7366369561332344,,4600000.0,Greed,65
2025-04-26,0xbee1707d6b44d4d52bfe19e41f8a828645437aab,18.390524,51380.600000000006,29,2,0,12,0,2.3051971067489854,15.551343428679552,100.0,1200000.0,Greed,65
2025-04-27,0x23e7a7f8d14b550961925fbfdaa92f5d195ba5bd,0.0,96167.16,67,0,0,67,0,1.9821730639003718,18.965877600915746,,6699999.999999999,Greed,61
2025-04-27,0x28736f43f1e871e6aa8b1148d38d4994275d72c4,0.265698,49.96,1,1,0,0,0,1.0,1.0,100.0,0.0,Greed,61
2025-04-27,0x47add9a56df66b524d5e2c1993a43cde53b6ed85,361.183441,4819.25,13,9,3,1,2,1.021791909039271,1.2832948175105223,75.0,0.49999750001249993,Greed,61
2025-04-27,0x75f7eeb85dc639d5e99c78f95393aa9a5f1170d4,471.712989,120476.39,83,53,28,0,0,2.223438303866883,32.93426681695371,65.4320987654321,0.0,Greed,61
2025-04-27,0x8170715b3b381dffb7062c0298972d4727a0a63b,-99.444041,9221.43,12,0,12,0,0,1.2741647086753314,3.2265252902518116,0.0,0.0,Greed,61
2025-04-27,0x8381e6d82f1affd39a336e143e081ef7620a3b7f,33.061386999999996,13419.3,13,2,0,11,2,1.6234150622666732,4.422418536070871,100.0,5.499972500137499,Greed,61
2025-04-27,0x8477e447846c758f5a675856001ea72298fd9cb5,78.78402200000001,27281.88,20,19,0,0,0,1.811008909647279,8.895124261279973,100.0,0.0,Greed,61
2025-04-27,0xa0feb3725a9335f49874d7cd8eaad6be45b27416,147.309165,39485.85,46,4,0,42,4,1.4466612252157218,9.088555948641849,100.0,10.499973750065626,Greed,61
2025-04-27,0xbee1707d6b44d4d52bfe19e41f8a828645437aab,1709.194807,176616.47,82,32,0,0,0,2.7643303294800563,27.808266726500445,100.0,0.0,Greed,61
2025-04-28,0x28736f43f1e871e6aa8b1148d38d4994275d72c4,-0.08516699999999999,1254.96,8,1,4,0,5,1.0,1.0,20.0,0.0,Neutral,54
2025-04-28,0x47add9a56df66b524d5e2c1993a43cde53b6ed85,146.420556,3247.21,9,8,0,0,3,1.0,1.0,100.0,0.0,Neutral,54
2025-04-28,0x513b8629fe877bb581bf244e326a047b249c4ff1,37973.605394,25087715.08,654,349,48,0,0,16.154939609845602,50.0,87.90931989924434,0.0,Neutral,54
2025-04-28,0x75f7eeb85dc639d5e99c78f95393aa9a5f1170d4,728.966777,34724.43,33,22,5,0,0,1.623500084698484,14.763258320054394,81.48148148148148,0.0,Neutral,54
2025-04-28,0x8381e6d82f1affd39a336e143e081ef7620a3b7f,0.0,7997.5599999999995,10,0,0,10,0,1.4006031389041709,3.4000111529762376,,999999.9999999999,Neutral,54
2025-04-28,0x8477e447846c758f5a675856001ea72298fd9cb5,-6424.928118,175466.0,80,5,71,0,0,2.6959879418323958,16.465876503181867,6.578947368421052,0.0,Neutral,54
2025-04-28,0xa0feb3725a9335f49874d7cd8eaad6be45b27416,474.245409,171434.73,155,21,0,134,21,1.489798260450153,41.696334754386385,100.0,6.380949342405075,Neutral,54
2025-04-28,0xbee1707d6b44d4d52bfe19e41f8a828645437aab,4008.588908,643081.52,430,169,19,3,10,2.054111181367212,47.24477577468171,89.8936170212766,0.2999997000003,Neutral,54
2025-04-29,0x430f09841d65beb3f27765503d0f850b8bce7713,0.0,143378.9,54,0,0,0,0,3.1470423886116787,21.83096303315285,,0.0,Greed,60
2025-04-29,0x47add9a56df66b524d5e2c1993a43cde53b6ed85,30.495403,2498.8,7,1,0,0,1,1.0,1.0,100.0,0.0,Greed,60
2025-04-29,0x513b8629fe877bb581bf244e326a047b249c4ff1,117648.295306,31886938.4,992,474,0,0,0,14.482309293897332,50.0,100.0,0.0,Greed,60
2025-04-29,0x8381e6d82f1affd39a336e143e081ef7620a3b7f,112.996265,8110.65,1,1,0,0,1,8.903335310717955,8.903335310717955,100.0,0.0,Greed,60
2025-04-29,0x8477e447846c758f5a675856001ea72298fd9cb5,-1793.442795,28922.66,73,2,31,0,0,1.0030040675641791,1.2192969321850728,6.0606060606060606,0.0,Greed,60
2025-04-29,0xa0feb3725a9335f49874d7cd8eaad6be45b27416,1189.49741,270016.77999999997,214,93,0,121,93,1.7459395593141365,16.114118658007136,100.0,1.3010751289166527,Greed,60
2025-04-29,0xbee1707d6b44d4d52bfe19e41f8a828645437aab,8561.771838,1749645.47,902,398,34,0,0,2.5477470022666906,38.355008454746304,92.12962962962963,0.0,Greed,60
2025-04-30,0x23e7a7f8d14b550961925fbfdaa92f5d195ba5bd,5179.772745,101346.88,83,83,0,0,83,1.7764245931389542,6.66759169041796,100.0,0.0,Greed,56
2025-04-30,0x4acb90e786d897ecffb614dc822eb231b4ffb9f4,510.0,376290.0,5,4,0,0,0,39.34017850909296,50.0,100.0,0.0,Greed,56
2025-04-30,0x4f93fead39b70a1824f981a54d4e55b278e9f760,5286.100993,694755.66,36,23,0,0,0,17.342383941841366,50.0,100.0,0.0,Greed,56
2025-04-30,0x513b8629fe877bb581bf244e326a047b249c4ff1,0.0,11030686.27,481,0,0,0,0,12.513358654072324,50.0,,0.0,Greed,56
2025-04-30,0x8477e447846c758f5a675856001ea72298fd9cb5,-1053.418063,85726.91,87,22,34,0,0,1.477397182421461,10.988974799981895,39.285714285714285,0.0,Greed,56
2025-04-30,0xa0feb3725a9335f49874d7cd8eaad6be45b27416,1555.834562,273902.59,345,123,0,222,123,1.2230266870052249,25.81148879499114,100.0,1.804877902042447,Greed,56
2025-04-30,0xbaaaf6571ab7d571043ff1e313a9609a10637864,4.733218,10.14,1,1,0,0,0,1.0,1.0,100.0,0.0,Greed,56
2025-04-30,0xbee1707d6b44d4d52bfe19e41f8a828645437aab,2520.773814,131160.4,75,39,0,13,0,2.3632176073001916,14.514369116969673,100.0,1300000.0,Greed,56
2025-05-01,0x23e7a7f8d14b550961925fbfdaa92f5d195ba5bd,1243.853569,203876.44,250,81,0,169,81,1.401449857053093,9.92788327488265,100.0,2.086419495503766,Neutral,53
2025-05-01,0x28736f43f1e871e6aa8b1148d38d4994275d72c4,16.923621,270.64,2,2,0,0,2,1.0,1.0,100.0,0.0,Neutral,53
2025-05-01,0x47add9a56df66b524d5e2c1993a43cde53b6ed85,37.385304,2093.09,7,1,0,0,0,1.0,1.0,100.0,0.0,Neutral,53
2025-05-01,0x4f93fead39b70a1824f981a54d4e55b278e9f760,1220.746604,201224.78,14,7,3,0,0,15.846989634193022,45.336584967456524,70.0,0.0,Neutral,53
2025-05-01,0x513b8629fe877bb581bf244e326a047b249c4ff1,60544.304874,7472659.26,329,236,0,0,0,12.260403023472206,50.0,100.0,0.0,Neutral,53
2025-05-01,0x8477e447846c758f5a675856001ea72298fd9cb5,-200.94846,5883.4800000000005,19,0,14,0,0,1.0115425215538891,1.2193079095238937,0.0,0.0,Neutral,53
2025-05-01,0xa0feb3725a9335f49874d7cd8eaad6be45b27416,1449.529436,325695.48,288,101,0,187,101,1.7147206046503605,30.18280781885104,100.0,1.8514849651995084,Neutral,53
2025-05-01,0xb1231a4a2dd02f2276fa3c5e2a2f3436e6bfed23,102460.17164,252734.08,73,57,0,0,0,4.006058155703496,22.064451029871943,100.0,0.0,Neutral,53
2025-05-01,0xbaaaf6571ab7d571043ff1e313a9609a10637864,1.86032,3.9,1,1,0,0,0,1.0,1.0,100.0,0.0,Neutral,53
2025-05-01,0xbd5fead7180a9c139fa51a103cb6a2ce86ddb5c3,-113601.02013799999,1935050.26,116,1,76,0,0,14.663217164118516,50.0,1.2987012987012987,0.0,Neutral,53
2025-05-01,0xbee1707d6b44d4d52bfe19e41f8a828645437aab,1364.022527,320749.11,131,43,51,0,6,3.0400803019652365,22.964065900916754,45.744680851063826,0.0,Neutral,53
